,Country,Code,1990,1991,1992,1993,1994,1995,1996,1997,1998,1999,2000,2001,2002,2003,2004,2005,2006,2007,2008,2009,2010,2011,2012,2013,2014,2015,2016,2017,2018,2019,2020,2021,2022,2023,2024,2025,2026,2027,2028,2029,2030
0,Albania,ALB,11.4,9.04,6.99,6.930000000000001,7.77,7.529999999999999,7.25,6.539999999999999,6.769999999999999,7.99,8.38,9.06,9.67,10.11,10.16,9.94,8.75,9.03,8.539999999999997,8.600000000000001,8.880000000000003,9.329999999999998,8.939999999999998,9.049999999999995,9.539999999999988,9.479999999999992,9.329999999999991,9.899999999999991,10.128423746824266,10.357346295118333,10.545036574602129,10.689220318794252,10.794928085803987,10.869599400758744,10.920925809144975,10.955534287691117,10.97856257557869,10.993749264478685,11.003705517053605,11.010207931995394,11.01444390177727
1,Algeria,DZA,96.0,94.87,94.5,102.03,99.78,103.98999999999998,105.3,109.39,114.73,120.70999999999998,127.65999999999998,125.25,132.49,138.28,142.17000000000002,147.68,145.89,153.14,156.4,166.21,167.32,179.67999999999995,189.89,193.59,203.79,211.66,209.41,211.50000000000003,179.3252688908577,168.4831817126274,162.41414558887482,158.52290823936463,155.85232033252714,153.93951609134672,152.5302831673622,151.47162138342856,150.6651258468628,150.0443192219734,149.5628115785122,149.1871460211277,148.89275537014007
2,Angola,AGO,150.61,151.28,151.61,152.39,152.54,156.9,161.39,156.01,170.08,161.98,161.87,143.61,164.51,181.0,193.17,191.84,165.81,196.13,173.99,180.66,186.83000000000004,220.91999999999996,185.95,203.34,185.1,207.66,182.19,176.84999999999997,184.0837776249647,184.127093154788,184.12771984755994,184.12772445559503,184.12772445559503,184.12772445559503,184.12772445559503,184.12772445559503,184.12772445559503,184.12772445559503,184.12772445559503,184.12772445559503,184.12772445559503
3,Antigua and Barbuda,ATG,0.3399999999999999,0.3499999999999999,0.4300000000000001,0.4099999999999999,0.4200000000000002,0.44,0.4700000000000001,0.5000000000000002,0.5500000000000003,0.5700000000000001,0.5900000000000001,0.6499999999999997,0.7099999999999999,0.7400000000000003,0.7500000000000001,0.7800000000000004,0.9499999999999994,1.01,1.0600000000000007,2.0200000000000005,1.129999999999999,1.0700000000000016,1.289999999999998,1.059999999999995,1.0799999999999996,1.1000000000000003,1.139999999999996,1.1700000000000026,1.9409266614913947,4.2536444473266615,5.633691253662111,5.792424125671388,5.804358711242678,5.805221481323244,5.805283164978029,5.805287170410158,5.805287170410158,5.805287170410158,5.805287170410158,5.805287170410158,5.805287170410158
4,Argentina,ARG,323.84,328.83,333.22,335.73,340.81,341.39,344.46,346.24,351.87,357.06,354.96,375.63,378.78,401.76,427.68000000000006,420.84,454.28,458.1,468.33,452.69000000000005,440.34,450.1,464.88000000000005,462.89,456.74,460.2100000000001,469.73,469.62,460.1264624273777,457.2134478569031,456.05197771072386,455.56771297335627,455.36426787018775,455.27826718330385,455.2418929797411,455.2264493781328,455.21990149974823,455.2171362602711,455.2159623378515,455.21547537744044,455.21524059295655
5,Armenia,ARM,24.44,25.07,14.95,8.76,6.24,6.84,5.780000000000001,6.390000000000001,6.309999999999998,5.799999999999999,6.150000000000001,6.260000000000001,5.920000000000001,6.350000000000001,6.74,7.460000000000002,7.899999999999998,8.569999999999999,9.11,8.02,7.880000000000001,8.229999999999995,9.220000000000002,9.149999999999997,9.11999999999999,9.110000000000005,9.360000000000005,9.130000000000006,8.672844169139863,8.424023676961662,8.28126433774829,8.200547644197941,8.155419174209237,8.13033427618444,8.116441849246621,8.108762223944069,8.104521858915687,8.102169278413058,8.100882969200612,8.100170540735126,8.099784216806293
6,Australia,AUS,511.19,511.12,513.28,512.97,516.04,524.13,517.13,528.17,554.21,589.37,608.2,700.97,688.45,615.56,659.13,616.08,630.93,622.43,591.83,612.67,573.4,612.47,613.1200000000001,522.09,530.85,529.3800000000001,507.17,553.12,559.9506181967258,569.7952992630004,579.4165419828892,589.2006245088577,599.6348880183697,611.2055763077735,624.4384793233871,639.8671495389938,657.8832249474525,678.3951031041145,700.3636102986336,721.6699346256256,739.8932533454895
7,Austria,AUT,64.25999999999999,68.47,62.68,62.6,62.69,65.17,68.88,67.87,67.85,66.03,66.24,75.31,77.04,82.93,82.54,82.56,83.17,80.08,79.66,72.69,78.41,75.74999999999999,72.53,73.08,69.31,70.44000000000001,70.61999999999999,72.78999999999999,78.16749484419823,79.15082308292389,79.2635575413704,79.27563185453415,79.27690451264382,79.27703815400601,79.27705164074898,79.27705164074898,79.27705164074898,79.27705164074898,79.27705164074898,79.27705164074898,79.27705164074898
8,Azerbaijan,AZE,75.54,84.57,60.87,69.01,62.48,60.43,55.79,55.88,56.72,57.03,59.14,59.7,60.61,58.31,59.59,63.58,60.09,58.75,66.33,67.26,71.54,73.84,75.01,74.56000000000002,74.74000000000001,73.04000000000002,73.05000000000001,71.65000000000002,62.43569024384021,58.969420002102844,57.78275797322392,57.41143994137645,57.29918832197785,57.26559200286865,57.25557972982526,57.25259403839708,57.25170169748366,57.251435056626796,57.251357862651346,57.25133148804307,57.2513354549557
9,Bahamas,BHS,0.6399999999999999,0.7399999999999999,1.3999999999999997,0.9700000000000002,0.9099999999999996,0.9599999999999996,0.8499999999999999,0.6499999999999997,1.1700000000000002,1.13,1.06,1.4599999999999995,1.65,1.5700000000000005,1.69,1.47,7.300000000000002,7.330000000000002,7.479999999999999,11.34,7.36,3.3299999999999925,4.37999999999999,4.060000000000001,3.4,3.1699999999999986,3.059999999999996,3.0299999999999963,3.4942764246463773,4.083752607703208,4.9869285726547234,6.529121395349502,9.419371219873428,14.400501170158385,19.269458272457122,21.32672091960907,21.843387081623074,21.95320592164993,21.97566944599151,21.98022949934005,21.981151714324948
10,Bahrain,BHR,14.060000000000002,13.76,15.78,16.67,17.120000000000005,17.96,19.34,20.33,22.17,22.86,24.02,24.85,26.01,27.07,27.37,30.450000000000003,32.88,34.02,36.43,37.01,38.91,39.65999999999999,40.88,43.74999999999999,45.89,46.93999999999999,47.15,47.940000000000005,40.983743444681174,38.21636849164964,36.50270066022874,35.281663028001795,34.34102532148362,33.57495049357415,32.9248971092701,32.35541841626168,31.843580677509312,31.37369474768639,30.934553512334826,30.51781530082226,30.11707386493683
11,Bangladesh,BGD,116.27,116.46,118.36,119.56,122.01,127.04,126.94,129.18,129.22,133.35,135.51,139.33,142.55,144.36,147.17000000000002,150.54,146.35,148.65,157.69,160.23,169.59000000000003,182.65,184.96,188.82,193.91,202.95,203.15000000000003,211.05,189.75695313096048,181.783937561512,177.1198295760155,174.0424936056137,171.88033751010894,170.2953958773613,169.09885685920716,168.1760503911972,167.45285163760187,166.8791454076767,166.41964034795762,166.04881279349328,165.74777139067652
12,Barbados,BRB,3.1000000000000005,3.14,3.369999999999999,3.2200000000000006,3.3000000000000007,3.35,3.3600000000000003,3.4700000000000006,3.589999999999999,3.64,3.58,3.66,3.710000000000001,3.72,3.72,3.759999999999999,3.890000000000001,3.9100000000000006,4.23,7.070000000000001,4.06,4.089999999999996,4.659999999999995,3.9400000000000017,3.770000000000001,3.780000000000003,3.82,3.719999999999997,4.020805176943542,4.787477804124356,9.749554353952412,19.34791868686677,19.978014435768134,19.990012545585643,19.99023024559022,19.990232138633736,19.990232138633736,19.990232138633736,19.990232138633736,19.990232138633736,19.990232138633736
13,Belarus,BLR,126.0,120.94,107.71,94.93,81.89,73.8,73.38,73.68,71.73,69.4,66.7,58.04,64.64,60.260000000000005,61.41,62.53000000000001,58.42,55.56999999999999,59.64,57.150000000000006,61.39000000000001,84.50000000000001,88.34,87.01000000000002,88.06,84.13,80.62000000000002,82.27,79.2420276042819,77.08047112137079,75.21334032058715,73.58235499083995,72.16738383829593,70.95019514381885,69.91384176254272,69.04098718926309,68.31365158215165,67.7135801333189,67.22288115799427,66.82476913258432,66.50390787750482
14,Belgium,BEL,126.89,131.83,129.92,127.74,133.1,133.27,138.63,135.44,138.21,134.36,135.04,135.37,128.09,131.47,130.04,126.18,123.82,119.15000000000002,121.48999999999997,114.43,121.75,109.56000000000002,108.87000000000003,110.14,103.74,108.80000000000004,107.62999999999998,105.53,129.03272203087806,130.36776673078535,130.4529307579994,130.4584209179878,130.45877029180525,130.45878900825977,130.4587869286537,130.4587869286537,130.4587869286537,130.4587869286537,130.4587869286537,130.4587869286537,130.4587869286537
15,Belize,BLZ,13.23,13.44,13.660000000000002,13.73,13.840000000000002,12.750000000000002,9.8,8.6,7.88,6.669999999999999,5.63,7.210000000000002,9.66,10.250000000000002,6.93,9.320000000000002,7.58,9.85,8.420000000000002,8.01,9.320000000000002,7.219999999999996,3.519999999999998,7.630000000000004,3.5799999999999983,5.279999999999996,4.939999999999996,4.960000000000004,7.264672389030455,8.936410899162292,10.694094581604004,12.842056484222413,15.597045803070069,18.783499927520754,21.567803401947025,23.2783805847168,24.07905636787415,24.40254671096802,24.52513273239136,24.570440006256106,24.58702856063843
16,Benin,BEN,19.95,20.079999999999995,20.2,20.32,20.600000000000005,20.46,21.93,22.21,23.34,23.11,23.34,18.5,19.719999999999995,19.520000000000003,19.48,20.9,21.45,22.469999999999995,22.08,22.84,23.46,23.700000000000006,23.630000000000003,24.12999999999999,24.739999999999995,25.410000000000004,27.360000000000003,27.889999999999997,27.332417930364603,26.973001655936237,26.664780567288393,26.387786689400667,26.131828670501704,25.88959251284599,25.65566155970096,25.425812408328053,25.196616412401195,24.965180546641346,24.72903434991836,24.486081232428546,24.2346158260107
17,Bhutan,BTN,-2.93,-2.88,-2.89,-2.92,-2.89,-2.79,-2.78,-2.7,-2.68,-2.62,-2.68,-3.03,-3.0,-3.03,-3.05,-2.86,-1.42,-1.3099999999999994,-1.4700000000000004,-1.4500000000000006,-1.2600000000000002,-1.9900000000000044,-1.7699999999999978,-1.8200000000000012,-1.7099999999999986,-1.690000000000005,-1.469999999999999,-1.3700000000000006,-0.9493079268932342,-0.8539862394332886,-0.8348198187351227,-0.8311359465122222,-0.8304392457008362,-0.8303073740005492,-0.8302826213836669,-0.8302775001525878,-0.8302768599987029,-0.8302766466140746,-0.8302766466140746,-0.8302766466140746,-0.8302766466140746
18,Bolivia,BOL,110.14,110.93,112.75,114.52,116.59,116.17,112.76,113.79,114.8,120.27,110.87,110.27,118.68,114.67000000000002,133.05,128.59,133.63,142.6,135.82,133.38,169.87,142.83,137.67000000000002,137.6,138.71,141.95,150.52,151.69999999999996,132.28300585955384,126.73487874507907,123.41913119420413,121.01562330737713,119.0868919593096,117.43230824023487,115.94446758598092,114.55903833583,113.2342608497292,111.94156152442099,110.66089128689842,109.378446185682,108.08561813741925
19,Bosnia and Herzegovina,BIH,22.2,19.67,12.13,8.69,-1.64,-1.73,-0.6299999999999999,4.23,7.089999999999998,7.199999999999999,10.91,18.57,18.66,19.570000000000004,20.26,20.88,22.77,24.06,25.840000000000003,26.010000000000005,26.01,29.32999999999999,27.49,27.099999999999994,24.53,24.76,27.280000000000005,27.530000000000005,22.99573177456855,22.520181286334985,22.4360665500164,22.42035624623298,22.41743486285209,22.41688687205314,22.41678504943847,22.416764684915538,22.416760982275004,22.416760982275004,22.416760982275004,22.416760982275004,22.416760982275004
20,Botswana,BWA,61.18999999999998,60.63,60.89000000000001,60.57999999999999,60.85,61.78,75.65,86.57999999999998,95.96,80.47,68.33,55.49999999999999,148.35,89.43,30.210000000000004,79.22,41.56,83.81,46.17,28.27,37.57,47.85,34.15999999999999,66.36000000000001,34.31000000000001,131.82,69.97,76.03,74.78408222913743,74.40086111545563,74.10249725580215,73.86036850452423,73.66509876489638,73.50809566736221,73.38223409414292,73.28157346487045,73.20114659547805,73.13698474884033,73.08589217901229,73.04520278215408,73.0128194618225
21,Brazil,BRA,1496.37,1523.64,1533.58,1543.78,1560.1099999999997,1580.16,1576.14,1606.8,1641.73,1650.9,1647.41,1900.3,1945.72,1959.6300000000003,2006.25,2016.51,1422.0,1467.19,1455.75,1434.3,1541.66,1308.92,1354.86,1372.14,1416.0,1411.9500000000005,1381.11,1392.8,1473.9719729660453,1529.075314527452,1576.045324381292,1618.9567502903938,1659.464058676362,1698.1510238069295,1734.8797313046455,1769.0507808232308,1799.8780604112148,1826.6751613551378,1849.0742698061465,1867.108746703863,1881.154798851609
22,Bulgaria,BGR,86.94999999999999,69.73,63.86,62.38,58.49,59.71000000000001,60.18999999999999,57.66999999999999,53.83,46.9,46.32,46.61,43.54999999999999,48.36,47.1,47.01,50.99000000000001,55.2,52.67,45.2,46.91,52.78,47.080000000000005,41.93000000000001,44.500000000000014,47.13999999999999,44.11,46.28999999999999,49.092483923137195,50.60523720979691,51.50061436593533,52.04065152227879,52.36903474539519,52.56972832679749,52.69273677527905,52.76825975775719,52.81468393862248,52.84323733896017,52.86080087006093,52.87161430567503,52.87826846957207
23,Burkina Faso,BFA,22.87,23.32,23.62,23.88,24.35,24.73,26.2,26.750000000000004,27.53,27.44,28.79,25.22,26.540000000000003,29.13,30.05,30.76,32.54,33.54,34.07,35.09,36.39,34.370000000000005,35.07999999999999,35.90999999999999,36.32999999999999,37.08,38.60999999999999,40.25000000000001,38.7490977728367,38.22997834920884,37.96409895420076,37.8194574058056,37.739113881588,37.693903880119336,37.66828018307687,37.65370466589929,37.64539030194284,37.6406436765194,37.637934722900404,37.63638290166856,37.63550132632257
24,Burundi,BDI,12.419999999999998,12.53,12.56,12.59,12.530000000000005,12.61,11.990000000000002,12.160000000000002,12.4,12.08,12.22,9.2,10.17,10.39,9.55,8.870000000000001,3.150000000000001,2.6899999999999995,3.4500000000000006,3.82,4.030000000000001,7.549999999999995,7.359999999999996,8.000000000000002,7.559999999999998,7.520000000000006,7.950000000000002,7.999999999999991,9.145555114746093,9.266718044281005,9.282686100006103,9.28469289779663,9.284944782257078,9.284976119995116,9.284979667663572,9.284981441497802,9.284980850219725,9.284980850219725,9.284980850219725,9.284980850219725,9.284981441497802
25,Cambodia,KHM,47.370000000000005,47.18,47.83,48.76,47.68000000000001,49.85,46.99,48.28999999999999,51.8,51.31999999999999,49.66,52.60000000000001,54.22,56.540000000000006,58.49000000000001,59.1,51.650000000000006,53.25999999999999,53.24,54.17,54.70000000000002,57.28,56.240000000000016,58.620000000000005,57.85,62.13000000000001,65.45999999999998,67.81999999999998,59.79955130577086,55.817862462103356,53.05757784068584,51.07703530237078,49.677808589488265,48.71618518538773,48.073028261289004,47.652195698767905,47.38120467608795,47.208606689926235,47.099475592672825,47.03080053362996,46.98771183496341
26,Cameroon,CMR,136.74,136.43,136.38,140.56,196.99,197.04,191.95,192.8,196.63,195.88,197.55,196.88,195.3,203.03,199.67,206.77,197.71,202.39,204.65,202.27,201.34,200.89,199.12,208.97,202.92,207.73,208.94999999999996,210.23,197.961571945548,197.250416650176,197.18055563449855,197.17348193705078,197.17276884496206,197.17270281791681,197.17268961250778,197.17268521070474,197.17268521070474,197.17268521070474,197.17268521070474,197.17268521070474,197.17268521070474
27,Canada,CAN,652.57,648.5,664.43,662.45,683.03,698.44,693.09,689.92,798.91,733.18,718.46,890.59,981.61,1001.53,961.03,970.63,880.97,892.54,875.8299999999999,798.91,881.05,758.1,794.68,861.92,827.61,868.8400000000001,779.08,792.95,837.0230628961324,837.0312483227252,837.0312483227252,837.0312483227252,837.0312483227252,837.0312483227252,837.0312483227252,837.0312483227252,837.0312483227252,837.0312483227252,837.0312483227252,837.0312483227252,837.0312483227252
28,Cape Verde,CPV,-0.1699999999999999,-0.15,-0.12,-0.1099999999999999,-0.1299999999999999,-0.09,-0.11,-0.0899999999999999,-0.0599999999999999,-0.0300000000000001,0.0,0.4299999999999997,0.4700000000000001,0.5000000000000003,0.5400000000000001,0.6399999999999997,0.6299999999999996,0.5900000000000006,0.6100000000000005,0.6600000000000009,0.6999999999999994,0.5899999999999943,0.5599999999999996,0.5499999999999974,0.5499999999999986,0.56,0.5999999999999973,0.6299999999999998,0.6582820224761957,0.6678298604488367,0.6711216300725932,0.6722451949119562,0.6726264405250544,0.6727554064989084,0.6727991211414331,0.6728139519691462,0.6728189301490778,0.6728205895423883,0.6728211599588388,0.6728212636709208,0.6728212636709208
29,Central African Republic,CAF,52.27999999999999,53.03999999999999,53.52,54.0,56.94,57.51,58.71999999999999,62.39,67.98,64.63,66.24,60.89,57.14,64.8,59.66,61.92,60.35,61.96999999999999,64.74,58.07999999999999,62.11,66.47000000000001,63.84999999999999,67.22,67.55,70.72,75.62,76.04,65.54336028575896,63.55540026187896,62.7221221423149,62.315658879280086,62.1058564043045,61.99439813137054,61.93431132793426,61.901664230823506,61.883855435848226,61.874117600917806,61.868789832592,61.86587032318114,61.86427142620086
30,Chad,TCD,25.24,25.52,25.77,26.09,26.31,26.72,29.33,30.98,34.77,35.72,35.05,30.77,34.61,36.56,37.84,39.92,57.34,57.98,57.59000000000001,55.87,57.400000000000006,57.51,58.26999999999999,57.44999999999999,56.95,97.42,102.57,106.71999999999996,88.61212997913358,81.26344446182249,76.88898105621335,74.00910299301145,72.00976776361463,70.57271354436872,69.51527926206587,68.72424817323683,68.12537278413771,67.66799889802931,67.31638689517973,67.04474344491958,66.83406472444533
31,Chile,CHL,35.53,34.8,37.14,38.5,42.03,45.49000000000001,51.65,58.95999999999999,60.16,62.96999999999999,59.27000000000001,62.73,63.74,64.64,70.05,70.91,71.44,79.83,84.56,81.8,86.46999999999998,-4.710000000000002,-2.579999999999996,0.2599999999999988,-5.809999999999994,0.3600000000000036,3.620000000000004,4.630000000000001,57.28128828287123,57.353353431224804,57.35356794357298,57.3535734438896,57.3535734438896,57.3535734438896,57.3535734438896,57.3535734438896,57.3535734438896,57.3535734438896,57.3535734438896,57.3535734438896,57.3535734438896
32,China,CHN,2901.74,3051.31,3182.64,3405.76,3556.72,3946.170000000001,3980.460000000001,3989.5,4128.98,4079.23,4276.11,4452.24,4763.01,5385.86,6132.29,6857.63,7485.37,8104.469999999999,8398.829999999998,8992.51,9828.01,10784.95,11110.34,11568.63,11583.36,11578.25,11577.979999999998,11780.99,7475.762417515515,6526.169896391927,5993.502465193867,5611.877192361056,5299.935431411265,5020.542739046513,4752.502739043682,4480.869697844385,4192.997978670299,3876.7860742879657,3520.244214217886,3112.7449861264413,2648.7306607656737
33,Colombia,COL,273.46,275.22,278.88,282.9,284.99,288.01,285.3,290.34,292.06,281.75,286.06,309.75,308.78,318.22,319.56,315.33,309.99,317.95,316.82,320.7600000000001,325.18,182.62,181.2,188.01,195.2,195.22,222.63999999999996,216.67,302.9234690403938,306.1508468496799,306.25765688776966,306.26120978474614,306.26134709477424,306.26134709477424,306.26135567665096,306.26134709477424,306.26135567665096,306.26134709477424,306.26134709477424,306.26135567665096,306.26134709477424
34,Comoros,COM,0.3299999999999999,0.3400000000000001,0.3399999999999998,0.3499999999999997,0.3500000000000002,0.36,0.3599999999999998,0.37,0.3899999999999999,0.4000000000000001,0.38,0.4299999999999997,0.4300000000000004,0.4500000000000005,0.4700000000000003,0.53,0.4900000000000005,0.4399999999999991,0.4599999999999998,0.469999999999999,0.5100000000000007,0.5100000000000089,0.5300000000000034,0.5499999999999974,0.5600000000000025,0.5799999999999996,0.6099999999999971,0.6599999999999954,0.5900919628143274,0.5600053471326796,0.5400425612926454,0.5252858287095996,0.5137530308961842,0.5043995386362051,0.4966215169429755,0.4900402781367279,0.4844030490517594,0.47953200727700973,0.47529676347970756,0.4715981635451297,0.4683581194281558
35,Costa Rica,CRI,15.28,15.55,16.65,16.71,17.100000000000005,16.67,16.52,16.61,17.36,17.18,17.04,3.569999999999999,3.560000000000001,4.98,3.93,4.509999999999999,4.809999999999999,6.22,6.359999999999999,5.940000000000001,6.2,3.009999999999994,3.0700000000000043,3.630000000000003,3.599999999999996,3.490000000000003,4.590000000000003,4.759999999999995,4.042468223571771,3.4912283182516632,3.0390139630436837,2.689365221317851,2.433708806559437,2.2544607798010046,2.1325490406155523,2.0513626108318506,1.9980598299205239,1.9633911954611476,1.9409838823974068,1.9265558047592577,1.9172919756174023
36,CÃ´te d'Ivoire,CIV,5.09,10.81,16.4,22.09,27.93,27.67,26.94,27.78,27.82,29.059999999999995,28.23,24.15,23.03,20.2,17.89,18.56,31.33,30.86,29.4,27.71,26.15,25.040000000000003,26.74,27.53000000000001,27.300000000000008,28.570000000000007,30.200000000000003,31.55999999999999,31.947955557107917,31.95276764869689,31.95284653544425,31.95284653544425,31.95284653544425,31.95284653544425,31.95284653544425,31.95284653544425,31.95284653544425,31.95284653544425,31.95284653544425,31.95284653544425,31.95284653544425
37,Croatia,HRV,17.1,10.589999999999998,11.62,12.5,12.590000000000002,13.87,13.2,14.69,15.05,14.66,13.76,14.53,15.529999999999998,16.63,16.39,16.29,19.05,20.67,19.74,17.17,16.61,22.11,20.14000000000001,18.99999999999999,18.27,18.870000000000008,18.9,19.550000000000008,17.844333572387697,17.33046936035156,17.100217208862304,16.98873550415039,16.93323600769043,16.905194778442382,16.89092903137207,16.883641662597658,16.87991386413574,16.878004302978514,16.877025146484375,16.87652389526367,16.876268463134764
38,Cyprus,CYP,5.35,5.869999999999999,6.29,6.559999999999999,6.81,6.7,7.09,7.17,7.499999999999999,7.77,8.04,7.909999999999999,8.14,8.800000000000002,8.749999999999998,8.890000000000002,8.719999999999999,9.05,9.240000000000002,9.06,8.749999999999996,8.579999999999995,8.069999999999997,7.400000000000006,7.780000000000001,7.840000000000001,8.229999999999997,8.370000000000001,8.994302258491519,9.190961636304857,9.248283504247668,9.264191097021106,9.26848286390305,9.26963846445084,9.269948695898059,9.270031702518466,9.270054888725284,9.270060917139055,9.270062308311465,9.270062308311465,9.270062308311465
39,Czech Republic,CZE,169.71,152.99,148.54,143.83,136.55,136.52,138.14,135.64,129.01,120.91,131.55,131.51,125.89,130.23,130.78,127.71999999999998,134.19,137.17,132.11,124.47,127.55,119.21,115.81000000000002,110.52,107.79999999999998,109.72000000000004,111.53,111.57,129.12498787403106,133.86828376591205,135.27296619951727,135.66730387330057,135.77542449355127,135.80489013016225,135.81290138840677,135.81508225142957,135.81568005144598,135.81584979712963,135.81589038848878,135.8158977687359,135.8158977687359
40,Democratic Republic of the Congo,COD,203.63,202.53,202.92,203.3,203.63,203.61,210.13,216.1,218.25,210.66,206.71,196.32,197.7,203.93,208.27,210.94,209.12,207.98,210.07,210.81,211.73,214.73,214.31,222.94,219.12,219.91,224.74,224.39,215.04413964986801,208.6455836224556,204.2072480148077,201.47021889865397,199.94261571109294,199.14308418154715,198.73959783658384,198.53983437865972,198.44188980340957,198.39409714996813,198.37083775371312,198.35952757954595,198.35401774987577
41,Denmark,DNK,68.22,78.84,72.64,75.21,78.91,75.82,89.29,79.61999999999999,75.57,72.73,68.52,70.87,70.34,76.12,69.72,65.85,72.89,68.1,64.61000000000001,61.78999999999999,62.22,55.420000000000016,50.35,51.88999999999999,47.64,45.56000000000001,47.28,45.11000000000001,71.26906070351602,72.44948127985002,72.48948161125185,72.49084831118584,72.49090097784998,72.49090361118317,72.49090361118317,72.49090361118317,72.49090361118317,72.49090361118317,72.49090361118317,72.49090361118317,72.49090361118317
42,Djibouti,DJI,0.99,1.0100000000000002,1.0200000000000002,1.0400000000000005,1.05,1.1,1.1499999999999997,1.1799999999999995,1.1900000000000002,1.23,1.27,1.2799999999999994,1.3099999999999996,1.3300000000000003,1.3200000000000005,1.3600000000000003,1.3599999999999997,1.4,1.4100000000000004,1.3999999999999992,1.4600000000000006,1.4200000000000017,1.4599999999999966,1.520000000000003,1.4300000000000026,1.509999999999998,1.469999999999999,1.4599999999999975,1.2738901799917237,1.262181680798532,1.2602036440372482,1.2598436391353622,1.259777804613115,1.2597657054662719,1.2597635573148742,1.2597630834579483,1.2597630834579483,1.2597630834579483,1.2597630834579483,1.2597630834579483,1.2597630834579483
43,Dominica,DMA,0.1500000000000002,0.1499999999999997,0.1699999999999999,0.1600000000000002,0.1600000000000002,0.17,0.1400000000000001,0.15,0.1499999999999999,0.15,0.16,0.2299999999999998,0.1999999999999999,0.2100000000000005,0.2300000000000001,0.2399999999999997,0.7600000000000001,0.7699999999999999,0.7800000000000006,1.0900000000000003,0.7700000000000008,0.3500000000000001,0.4400000000000046,0.3599999999999983,0.3599999999999965,0.3699999999999984,0.3700000000000022,0.3499999999999965,0.38102566242218033,0.41436736226081866,0.4581295678019526,0.5177073681354524,0.6007861399650576,0.718022173047066,0.8792068475484851,1.0784341806173328,1.2762322568893436,1.4227413558959965,1.5059314513206485,1.5456210875511174,1.5629169011116033
44,Dominican Republic,DOM,5.92,7.08,8.59,9.11,11.11,11.630000000000004,12.53,14.22,16.11,16.76,17.52,19.65,22.04,19.72,18.98,20.43,22.090000000000003,23.3,23.47,22.98,24.31,24.690000000000005,25.440000000000005,25.24,25.49,27.859999999999992,29.11,28.28000000000001,15.512796588838102,12.806655049026014,11.034328520596029,9.351441368460655,7.274982050806284,4.11291760072112,-0.7013356718421002,-4.993762953877452,-6.692728916406635,-7.114168601036075,-7.204983989000324,-7.22393853247166,-7.227866834998134
45,Ecuador,ECU,76.19,77.04,79.3,79.07,80.67,83.79,87.13,89.17999999999999,88.1,85.47,84.68,80.58,80.9,81.49,84.15,85.73,88.16,88.29,89.55,92.9,95.69,96.66,97.97000000000004,100.84999999999998,101.7,100.43000000000002,98.95,97.98999999999997,85.61946375638247,85.61925696641207,85.61925696641207,85.61925696641207,85.61925696641207,85.61925696641207,85.61925696641207,85.61925696641207,85.61925696641207,85.61925696641207,85.61925696641207,85.61925696641207,85.61925696641207
46,Egypt,EGY,129.29,134.93,140.04,142.31,137.99,146.97,154.39,163.81,170.63,179.47,180.77,193.11,197.49000000000004,204.82,215.53,234.47,243.23,259.47,271.31,274.82000000000005,277.84,283.86999999999995,294.67,292.61,298.59,307.05000000000007,316.11,322.56,269.98144498944276,264.8234361135959,263.8601628190279,263.66986741304396,263.6323704975843,263.6249171936512,263.6234772199392,263.6231546658277,263.6230970668792,263.62310858666893,263.62310858666893,263.62310858666893,263.62310858666893
47,El Salvador,SLV,8.04,8.889999999999999,9.300000000000002,9.840000000000002,10.519999999999998,10.77,10.68,11.52,11.599999999999998,11.769999999999998,11.63,12.240000000000002,12.439999999999998,12.96,13.27,13.61,14.04,14.660000000000002,14.089999999999998,13.7,13.45,13.280000000000005,13.430000000000003,12.72,13.000000000000002,13.489999999999997,13.459999999999996,12.82999999999999,12.520378203392031,12.411755491495134,12.37219146847725,12.357488920688631,12.351987648010255,12.349923980236055,12.34914901971817,12.34885860681534,12.348749701976777,12.348709849119189,12.348693276643754,12.348686568737032,12.348684201240541
48,Equatorial Guinea,GNQ,5.52,5.58,5.630000000000001,6.61,6.659999999999999,6.72,8.74,10.359999999999998,11.86,13.58,15.61,17.93,21.12,24.16,28.14,30.880000000000003,31.79,29.94,31.140000000000004,31.59,31.22,30.88,30.74,29.630000000000003,27.92,26.51999999999999,24.500000000000004,24.050000000000004,30.196527442932126,36.41743764162063,42.336111286878584,46.865785764455794,49.66229202151298,51.145406006574625,51.86568358659744,52.20012580275535,52.35212876439094,52.420545442104334,52.45120094895363,52.46491121649742,52.47103981256485
49,Estonia,EST,35.18,31.39,23.750000000000004,17.94,17.06,15.31,16.21,15.77,15.17,14.019999999999998,13.599999999999998,21.39,21.33,23.010000000000005,23.129999999999995,23.250000000000004,16.570000000000004,20.4,18.890000000000008,15.470000000000004,19.47,21.81,20.60000000000001,23.02999999999999,21.660000000000007,19.24,19.45,20.04,25.810311533212662,26.657200828790668,26.770145469903948,26.78482436299324,26.786698455810548,26.78693770170212,26.78696857213974,26.786971144676208,26.786971144676208,26.786971144676208,26.786971144676208,26.786971144676208,26.786971144676208
50,Eswatini,SWZ,2.91,2.939999999999999,2.89,2.620000000000001,2.9399999999999995,2.94,2.85,3.18,3.29,3.31,3.2200000000000006,3.05,3.0899999999999994,3.120000000000001,3.13,3.16,3.0500000000000007,3.3600000000000008,3.2099999999999995,3.079999999999999,3.1,3.12,3.190000000000009,3.6900000000000026,3.120000000000004,3.1699999999999986,3.3799999999999986,3.239999999999996,3.0217241817712797,2.8853532990813267,2.800554738342763,2.7530461414158354,2.728596905171872,2.716632401421667,2.7109305569529543,2.7082481852918874,2.706994449645282,2.7064102844893942,2.7061381720751534,2.706011758148671,2.705953003615142
51,Ethiopia,ETH,102.7,104.47,107.01,102.6,105.0,107.13,104.06999999999998,106.75,116.98,117.95,111.27,122.37999999999998,141.72,136.68,138.18,132.49,144.5,144.67,157.29,160.55,164.7,150.22,166.04000000000002,176.96,173.02999999999997,178.36,189.82,193.63,182.47329588174821,175.73669056236744,170.50291004478933,166.19013920962811,162.50472232401373,159.26598531365394,156.35709962010384,153.69879414737224,151.2353892248869,148.92651139438152,146.7424434900284,144.66090170681477,142.6651962506771
52,Fiji,FJI,0.1400000000000002,0.1600000000000001,0.2,0.2600000000000002,0.31,0.3800000000000001,0.42,0.4099999999999999,0.3699999999999999,0.3399999999999998,0.3700000000000001,0.2799999999999994,0.1099999999999999,0.2600000000000003,0.6500000000000001,0.4599999999999997,3.2100000000000013,3.1100000000000008,2.819999999999999,2.87,2.99,-0.6499999999999976,-0.6699999999999959,-0.5099999999999976,-0.2200000000000035,0.0700000000000038,0.240000000000005,0.3499999999999965,0.4878627085685764,0.5933455693721805,0.6797974336147341,0.752529094219211,0.8149354207515749,0.8693765985965761,0.9175421416759523,0.9606739485263855,0.9997119998931916,1.0353795802593262,1.068244447708133,1.0987616181373627,1.12729695439339
53,Finland,FIN,45.13,45.04,41.93,43.17999999999999,49.78,45.78000000000001,52.28000000000001,50.27,46.59,45.68,44.08,58.66,61.00999999999999,69.32,65.25,53.080000000000005,60.33,58.39,50.33,46.68,54.75000000000001,72.66000000000001,66.88,67.65,63.56,60.1,62.81,59.85000000000001,57.706154303550726,57.68857228815556,57.68825358092786,57.68824808597566,57.68824808597566,57.68824808597566,57.68824808597566,57.68824808597566,57.68824808597566,57.68824808597566,57.68824808597566,57.68824808597566,57.68824808597566
54,France,FRA,477.49,502.29,487.55,468.76,463.02,471.75,490.46,480.53,496.58,486.18000000000006,483.28,433.85,426.2200000000001,431.31000000000006,428.7300000000001,429.4200000000001,443.96,436.77,430.57,412.26,415.98,373.01,375.9900000000001,376.7300000000001,343.69,349.62,349.4,352.07,364.52203133344653,398.375109114647,449.1859169387818,470.09472794771204,473.71804421186454,474.22176312446607,474.28943927526484,474.29849553346645,474.29969610214243,474.29986626148235,474.299875714779,474.29989462137235,474.29989462137235
55,Gabon,GAB,8.74,8.91,9.12,9.16,8.84,8.72,7.95,7.789999999999999,7.609999999999999,7.229999999999999,6.79,6.769999999999999,6.629999999999999,6.860000000000002,7.41,7.530000000000001,7.21,7.370000000000002,8.290000000000001,7.050000000000001,7.940000000000002,-85.08,-85.23,-84.9,-85.57,-85.01,-84.89,-85.82,6.970070309638979,9.6413307261467,9.743516273498537,9.747479147911074,9.747648985385897,9.747648985385897,9.747648985385897,9.747648985385897,9.74766030788422,9.747648985385897,9.747648985385897,9.747648985385897,9.747648985385897
56,Gambia,GMB,3.9699999999999993,4.13,4.24,4.370000000000001,3.91,3.440000000000001,3.3300000000000005,3.01,2.74,2.68,2.33,2.0899999999999994,1.7500000000000009,1.56,1.46,1.33,1.4900000000000002,1.52,1.7000000000000002,2.08,2.1699999999999995,1.929999999999992,2.029999999999995,2.1,2.250000000000004,2.299999999999999,2.320000000000001,2.3999999999999964,1.8235037255287172,1.5268715763092042,1.3768489409983158,1.3073568430542946,1.2766819378733636,1.263434724509716,1.2577657034993173,1.2553504571318626,1.254322701394558,1.253886851966381,1.2537008294463157,1.2536220875382424,1.2535873427987099
57,Georgia,GEO,47.95,37.82,29.81,23.55,16.200000000000003,12.760000000000002,11.12,10.4,9.91,9.62,9.98,8.12,7.480000000000001,8.03,8.119999999999997,8.75,9.130000000000004,9.87,9.000000000000002,9.75,9.490000000000002,14.380000000000008,15.260000000000003,16.060000000000006,16.650000000000006,17.010000000000012,17.410000000000004,17.210000000000004,18.867915268838406,20.092660355567933,21.161784773170947,22.121936850845813,22.999304637610912,23.811704642474652,24.5713775742054,25.286838498711585,25.96394544363022,26.606726782917978,27.217832318246366,27.798893902897834,28.350858325362207
58,Germany,DEU,1107.24,1077.65,1029.97,1022.27,1009.38,1002.76,1030.92,992.94,966.83,932.23,922.89,970.61,952.16,951.07,931.19,906.79,917.67,888.6,891.36,834.11,864.77,812.55,826.67,843.91,803.64,807.4200000000001,810.14,792.63,1029.8271903330087,1031.0941651421786,1031.1023786133528,1031.1024348700048,1031.1024348700048,1031.1024348700048,1031.1024348700048,1031.1024348700048,1031.1024348700048,1031.1024348700048,1031.1024348700048,1031.1024348700048,1031.1024348700048
59,Ghana,GHA,34.36,34.63,35.35,35.85,36.33,36.89,36.93,38.33,41.88,40.89,41.71,59.82,61.06,61.150000000000006,59.99999999999999,62.97999999999999,19.01,19.77,19.29,21.06,23.0,42.36,44.710000000000015,47.70000000000002,47.91999999999999,50.82000000000001,51.26,53.31999999999999,47.47617370605469,44.459907755851745,42.19963983476162,40.29447416722775,38.56869288742543,36.92004222929478,35.28206091403961,33.608325113356116,31.86751476287842,30.04407138705254,28.14242023408413,26.191793233007196,24.24749288231135
60,Greece,GRC,94.68,94.78,96.86,97.23,99.86,104.25,105.26999999999998,106.37000000000002,110.67000000000002,111.53000000000002,117.22,117.98999999999998,118.11,121.43,121.19,123.23000000000002,121.59,125.15000000000002,121.37,114.15,107.41,105.13,99.90000000000003,92.33,89.13999999999999,87.37000000000002,86.34,86.06000000000002,123.57094463229181,126.50173189878467,126.59211514711383,126.59455693006518,126.59462682843211,126.59462682843211,126.59462682843211,126.59462682843211,126.59462682843211,126.59462682843211,126.59462682843211,126.59462682843211,126.59462682843211
61,Grenada,GRD,1.84,1.86,1.92,1.91,1.93,1.96,1.99,2.0200000000000005,2.06,2.07,2.07,2.450000000000001,2.4800000000000004,2.5000000000000004,2.49,2.51,2.01,2.04,2.06,2.5900000000000003,2.080000000000001,2.269999999999992,2.4100000000000072,2.319999999999999,2.2599999999999976,2.2900000000000045,2.3100000000000014,2.330000000000003,2.382147889733315,2.4028683120012286,2.4112527185678485,2.4145394527912143,2.4158052766323093,2.416289996504784,2.416475247740746,2.416545745134354,2.4165727907419208,2.416583027839661,2.416586961746216,2.4165885263681415,2.416589018106461
62,Guatemala,GTM,28.94,29.4,30.68,31.440000000000005,31.76,32.86,32.31,32.78,36.66,35.35,37.84,37.06,38.88,44.13999999999999,38.75,43.76,41.27,44.26,41.7,44.08,43.26,35.36,35.940000000000005,37.85,37.96999999999999,41.57999999999999,43.59000000000001,42.89000000000001,41.51113501787185,41.41819895982742,41.40838906288147,41.40738369226455,41.407279593944544,41.40726863622665,41.40726772308349,41.40726772308349,41.40726772308349,41.40726772308349,41.40726772308349,41.40726772308349,41.40726772308349
63,Guinea,GIN,26.78,27.11,27.44,27.81,28.23,28.65,25.7,25.94,27.48,27.28,27.6,29.23999999999999,30.270000000000003,32.33,34.23,34.3,35.62,36.76,33.53,35.36,37.02,39.5,40.14,40.12999999999999,41.60999999999999,42.38999999999999,45.400000000000006,44.77,36.365131753683094,35.19462254047394,34.77985287606716,34.608936998248105,34.53483662009239,34.501989814639096,34.487290447950365,34.480682572722436,34.47770888209343,34.47636910676956,34.475759103894234,34.475488448143004,34.47536691725254
64,Guinea-Bissau,GNB,3.1700000000000004,3.1800000000000006,3.21,3.2500000000000004,3.27,3.31,3.120000000000001,3.17,3.390000000000001,3.749999999999999,3.4600000000000004,4.8,4.46,4.41,4.300000000000001,4.25,3.71,3.749999999999999,3.64,3.849999999999999,3.980000000000001,3.910000000000005,4.109999999999994,4.010000000000002,4.019999999999995,4.170000000000001,4.110000000000003,4.239999999999996,4.131876096725465,4.062322168350221,4.001791877746583,3.9469614672660835,3.896704308986665,3.850290563106538,3.8073223400115976,3.7676104831695567,3.7310890531539926,3.6977500891685495,3.667595593929292,3.6406021356582654,3.6167011213302622
65,Guyana,GUY,22.41,22.64,22.63,22.76,23.06,23.41,14.1,14.12,17.72,12.93,12.36,16.29,17.789999999999996,46.79,15.92,25.22,17.87,17.4,19.960000000000004,22.02,34.45,24.3,29.20000000000001,26.889999999999997,35.42999999999999,46.93999999999999,37.60000000000001,37.7,26.029954274296756,21.42461589992046,19.2917012655735,18.335423124432563,17.917470040023325,17.737035233974456,17.65958574980497,17.626421159803865,17.61223544210195,17.606172116994856,17.603576640784738,17.602472906410693,17.60199678570032
66,Haiti,HTI,5.21,5.44,5.86,5.5,4.99,5.790000000000001,6.07,6.500000000000001,6.630000000000001,6.76,7.24,7.43,7.659999999999998,7.700000000000001,7.58,7.67,7.720000000000001,8.129999999999999,8.150000000000002,8.200000000000001,8.730000000000002,9.110000000000005,8.849999999999998,9.139999999999995,9.509999999999998,9.83000000000001,10.020000000000008,10.04,8.053885885477065,8.033154272437095,8.032447516322135,8.032430058121681,8.032429757118225,8.032429757118225,8.032429757118225,8.032429757118225,8.032429757118225,8.032429757118225,8.032429757118225,8.032429757118225,8.032429757118225
67,Honduras,HND,53.46999999999999,53.61000000000001,53.94,53.77,54.47,55.26,53.95,54.27000000000001,54.78,53.76,54.220000000000006,42.82999999999999,43.34,48.85,45.830000000000005,48.54,46.65,47.28,47.4,47.61,47.41,50.21,48.35,50.10999999999999,50.92000000000001,50.31000000000001,51.120000000000005,51.01000000000001,52.011396089196204,52.605366405248645,52.96044256150723,53.157147724032406,53.260521287918095,53.3133575540781,53.33997683763504,53.353289813399314,53.35992222249508,53.363221386671064,53.3648580032587,53.36567445933819,53.36607824206352
68,Hungary,HUN,90.76,85.73000000000002,75.78,76.33,75.99,74.29,76.49,74.83,74.71,75.43,72.64,76.68,74.66,77.6,76.38,75.41,72.53,70.45,68.96,63.02,62.990000000000016,63.53,59.76000000000001,57.20000000000001,57.65,60.54000000000001,61.15,63.06,70.85663179636,72.9563971722126,73.59920782208442,73.79484228014945,73.85359602808953,73.87120895028114,73.87648782610893,73.87806808829308,73.87854016661643,73.87868519067764,73.87872319698333,73.87873619914055,73.87873719930649
69,Iceland,ISL,3.380000000000001,3.26,3.06,3.0200000000000005,3.1,3.04,3.29,3.27,3.42,3.4,3.43,3.28,3.34,3.310000000000001,3.38,3.3500000000000005,4.009999999999998,3.7999999999999994,3.69,3.3500000000000005,3.229999999999999,2.920000000000008,2.910000000000004,3.0699999999999954,3.140000000000001,3.1800000000000037,3.1500000000000035,3.270000000000002,3.3253393298387546,3.3783638006448764,3.42776258647442,3.476600757837297,3.527824286222459,3.5847334897518164,3.65181826710701,3.7360723173618315,3.8495316243171684,4.01443272590637,4.272647795677182,4.6907829856872505,5.291420755386343
70,India,IND,1184.08,1239.12,1271.34,1303.07,1349.41,1415.03,1460.58,1519.01,1553.2,1631.2,1669.14,1575.11,1596.86,1645.7,1735.12,1806.21,1941.4300000000003,2087.76,2185.08,2339.28,2449.3,2798.04,2947.94,3003.54,3175.79,3188.03,3230.06,3356.7,1887.146682767868,1687.5194751235842,1593.3854538193345,1536.7568756216765,1498.901139766872,1472.013354754746,1452.2130895365774,1437.2923019398747,1425.8728554718195,1417.0400554779171,1410.1569000992179,1404.763881006539,1400.5215671168266
71,Indonesia,IDN,1509.17,1526.5100000000002,1547.09,1563.34,1579.97,1610.76,1399.99,2386.18,1594.0899999999997,1477.87,1406.12,1663.53,2198.69,1822.33,2205.0,1911.65,2680.4,2055.89,2043.38,2478.22,2079.39,2335.3,2357.19,2294.34,2729.18,2776.53,2228.89,2275.4,1873.5004537355899,1718.1291630521416,1639.336369856298,1599.661583791375,1580.0814835882186,1570.5390753990412,1565.9207680836319,1563.692831865847,1562.6204416710139,1562.1041945368052,1561.8561321274935,1561.73683407709,1561.6794926568866
72,Ireland,IRL,54.35,54.92,55.13000000000001,55.78,57.260000000000005,58.1,59.65,61.149999999999984,64.55,66.11,69.08,71.81,71.07,71.39,70.59,71.85,67.33,65.82,64.62000000000002,59.25,58.36,60.59,62.01999999999999,61.09000000000001,61.24999999999999,63.24999999999999,65.59,64.96000000000001,67.02983898520469,68.11779988408088,68.67632505893707,68.9357435464859,69.0495697915554,69.09827125668525,69.11888671517372,69.12756932377815,69.13121802210807,69.13275030851364,69.13339493274688,69.13366509079933,69.13377878665924
73,Israel,ISR,44.09,45.17,47.95,52.01,55.34,59.17,62.27,65.29,66.66,68.85,73.72,73.44,75.45,76.27,77.37,76.03,80.42,83.61,84.29,83.86999999999999,89.32,89.50999999999998,96.64,88.48,87.08000000000001,89.42999999999999,89.35000000000001,91.03,93.22153135478497,94.91239988148213,96.22259668648243,97.21301533818246,97.9457553112507,98.4791417503357,98.86268885374069,99.13606937170029,99.3296784067154,99.46615567445755,99.56206437587738,99.62930696249009,99.67636549711229
74,Italy,ITA,456.98,454.5799999999999,451.3499999999999,445.05,439.76,464.74,460.88,464.66,475.96,483.19,488.11,485.67,493.9800000000001,512.69,523.48,524.75,513.37,506.5700000000001,491.55,442.75000000000006,451.06,440.3200000000001,422.4599999999999,390.54,370.92,381.75,377.27,371.58,484.6976105070114,511.36528437972066,515.8427094238997,516.5236622476577,516.6239800852537,516.638778823018,516.6409427028894,516.6412636172771,516.6412911242246,516.6412911242246,516.6412911242246,516.6412911242246,516.6412911242246
75,Jamaica,JAM,9.490000000000002,9.49,10.28,10.47,10.510000000000002,10.820000000000002,11.12,11.26,11.8,12.08,12.210000000000004,12.329999999999998,12.439999999999998,12.849999999999998,12.75,12.72,14.13,13.990000000000002,11.4,9.83,9.26,9.430000000000003,9.08,9.559999999999995,9.320000000000006,9.220000000000006,9.759999999999994,9.220000000000004,9.44061922237277,9.603700787872077,9.807038781344891,10.094581889659166,10.536629620492459,11.239885667264462,12.195934801101684,13.012655304670334,13.408355351090432,13.541410316824914,13.58004531443119,13.590762241482736,13.59369642317295
76,Japan,JPN,1108.77,1123.25,1136.55,1129.03,1186.24,1201.26,1215.37,1203.24,1156.11,1181.75,1198.01,1210.3,1241.98,1249.79,1241.6,1242.64,1117.3,1153.2,1086.29,1026.58,1083.09,1289.53,1331.6900000000005,1343.27,1305.64,1269.61,1262.19,1239.78,1198.010034970641,1187.4998262488841,1183.6471571063994,1182.1175624006987,1181.4990461206435,1181.2458219653367,1181.1417669406533,1181.098917978108,1181.0812970501183,1181.0740391531585,1181.0710284000634,1181.0697636950015,1181.0692729139328
77,Jordan,JOR,18.67,19.14,21.89,22.63,23.71,23.34,22.57,22.07,21.28,20.34,20.9,21.03,22.32,22.710000000000004,23.93,25.44,26.180000000000003,27.63,26.890000000000004,27.570000000000004,27.43,28.550000000000004,32.120000000000005,32.42000000000001,34.68000000000001,34.96999999999999,35.06999999999999,36.73,22.847674610018732,22.84764850586653,22.84764850586653,22.84764850586653,22.84764850586653,22.84764850586653,22.84764850586653,22.84764850586653,22.84764850586653,22.84764850586653,22.84764850586653,22.84764850586653,22.84764850586653
78,Kazakhstan,KAZ,309.03,319.08,320.0,278.37,253.4,221.73,193.9,166.14,165.38,149.24,148.47,148.46,164.95,176.44,193.94,206.01,227.47,235.75,282.06,251.28,277.17,294.12,294.12,307.49,258.13,259.7,274.50999999999993,280.64,207.15659331977366,182.82156964600085,162.7317586758733,141.2281080144644,117.97271060436965,97.59391719579698,84.35390818417073,77.5335913604498,74.4452771896124,73.12872438430787,72.5818984681368,72.35721841812135,72.26536078453066
79,Kenya,KEN,97.28,96.05,96.04999999999998,95.85,96.11,96.45,95.78,96.04,97.34,99.71,98.31,-8.25,-7.209999999999999,-6.06,-3.7,-3.14,15.15,31.12,33.62,33.35000000000001,34.04999999999999,36.79,38.6,37.27,40.11000000000001,43.38999999999999,48.5,45.65999999999999,90.06918737173079,90.85990359306334,90.89227766275405,90.89286967515945,90.89288254499434,90.89288254499434,90.89289541482924,90.89289541482924,90.89288897991179,90.89288254499434,90.89288254499434,90.89289541482924,90.89289541482924
80,Kyrgyzstan,KGZ,30.12,27.860000000000003,20.3,15.46,10.28,7.59,8.53,8.43,8.639999999999999,7.3,7.260000000000001,6.659999999999998,7.620000000000001,8.25,8.4,8.080000000000002,25.06,26.31,27.480000000000004,27.11,26.78,13.000000000000009,15.560000000000006,15.080000000000007,15.600000000000009,16.250000000000007,15.809999999999995,15.499999999999998,13.85837556838989,12.815301352143285,12.104580314755436,11.632418760359286,11.325890196561812,11.129993608295916,11.006097122132777,10.928255167901515,10.87957003712654,10.849203312993048,10.830290967822073,10.8185244128108,10.811212921142577
81,Laos,LAO,22.69,22.55,22.81,22.77,23.07,23.07,19.04,18.66,20.32,18.95,18.37,25.38,27.93,28.54,39.83,31.86,28.51,40.12,28.760000000000005,31.66,42.05,30.54,34.97,37.7,36.57,41.54999999999998,52.290000000000006,55.57,45.3427525472641,41.439175338745116,39.18430609226227,37.74675535678863,36.78654119491578,36.127163774967194,35.66655113220215,35.341221065521246,35.10975232839585,34.94425026893616,34.82549317598343,34.74007973194123,34.678545422554016
82,Latvia,LVA,12.29,10.56,8.339999999999998,5.150000000000001,2.1699999999999995,0.4100000000000001,0.4099999999999998,-0.19,-0.6399999999999999,-1.37,-2.18,7.05,7.38,7.530000000000002,7.34,7.44,-3.55,-3.17,-3.5100000000000007,-4.29,-3.0900000000000007,-1.91,-2.099999999999996,-2.1100000000000003,-2.1700000000000035,-2.160000000000001,-2.330000000000001,-2.4200000000000004,0.04891640067100489,1.6164143061637872,2.8719296854734413,3.950599608421325,4.923282724618911,5.835105760097503,6.717644131183623,7.5951800060272205,8.48796548962593,9.414080524444579,10.390283769369123,11.432129212617872,12.553219058513639
83,Lebanon,LBN,7.22,8.71,8.77,12.15,13.11,15.37,16.4,18.61,18.95,19.93,18.77,20.040000000000003,20.02,20.7,21.25,20.68,19.74,18.73,22.47000000000001,25.910000000000004,25.01,25.750000000000004,28.35000000000001,28.35000000000001,30.300000000000004,32.66000000000001,33.77,35.59,20.844004296660426,20.20766427487135,20.13084457308054,20.121269377470018,20.120083152353768,20.11993603676558,20.119919126927854,20.119919126927854,20.119919126927854,20.119919126927854,20.119919126927854,20.119919126927854,20.119919126927854
84,Lesotho,LSO,3.2600000000000007,3.32,3.5400000000000005,3.55,3.5600000000000005,3.53,3.5600000000000005,3.580000000000001,3.6,4.110000000000001,4.06,4.079999999999999,3.9,3.98,3.95,4.15,4.220000000000001,4.42,4.5,4.719999999999998,4.870000000000001,4.900000000000002,5.080000000000002,5.089999999999996,5.189999999999999,5.190000000000002,5.22,5.619999999999998,4.4966281580924985,4.34497299671173,4.292986778020858,4.272264494895935,4.263611085414886,4.259919773340225,4.2583317840099335,4.257646173238754,4.2573494362831115,4.257221148014068,4.257165373563766,4.2571413195133205,4.257130910158157
85,Liberia,LBR,19.6,19.33,19.21,19.04,18.870000000000005,18.73,17.9,18.06,18.25,18.27,18.42,18.520000000000003,18.59,19.21,19.19,19.14,20.08,19.77,19.8,24.79,20.37,7.599999999999998,8.499999999999993,8.839999999999998,11.339999999999993,15.060000000000002,10.670000000000003,10.649999999999997,18.17282661139965,18.22428836405277,18.224870339035988,18.224878535866736,18.224878535866736,18.224877511262893,18.224877511262893,18.224878535866736,18.224877511262893,18.224878535866736,18.22487648665905,18.224878535866736,18.224877511262893
86,Lithuania,LTU,45.83,47.57000000000001,32.79,26.87,24.85,23.260000000000005,24.03,23.820000000000004,24.71,22.0,20.28,21.11,20.89,21.300000000000004,22.19,22.99,21.320000000000004,22.09,21.790000000000003,18.27,19.290000000000003,18.29,18.75,17.859999999999996,17.380000000000003,17.650000000000002,17.660000000000007,17.57000000000001,22.28199787437916,23.806119780838493,24.501536226868634,24.842519402205948,25.01467054575682,25.102883881032472,25.14843012005091,25.17204718828202,25.18430243939162,25.19067884087563,25.193999752104286,25.195728137493138,25.196626070141797
87,Luxembourg,LUX,12.029999999999998,12.51,12.2,12.4,11.56,9.410000000000002,9.5,8.99,8.319999999999999,8.7,8.66,9.96,10.75,11.150000000000002,12.590000000000002,12.82,12.63,12.039999999999996,11.96,11.38,11.98,11.830000000000002,11.580000000000004,11.050000000000008,10.559999999999995,10.049999999999995,9.779999999999994,9.919999999999996,11.55743352293968,11.93879241466522,12.00571165204048,12.016584790945052,12.018296844959258,12.01856747984886,12.018610663414,12.018617368936537,12.018618173599242,12.018618978261946,12.01861951470375,12.018619246482848,12.018619246482848
88,Macedonia,MKD,13.25,12.58,11.990000000000002,11.990000000000002,11.54,11.18,12.7,11.53,12.3,11.4,11.11,13.12,12.51,13.41,13.199999999999998,13.570000000000002,12.37,12.87,12.61,11.910000000000002,11.75,12.709999999999994,12.159999999999991,11.240000000000007,10.819999999999997,10.559999999999992,10.530000000000008,10.99,13.122900524139405,13.27191858291626,13.2772052192688,13.277387504577638,13.277393302917481,13.277393665313722,13.277393665313722,13.277393665313722,13.277393665313722,13.277393665313722,13.277393665313722,13.277393665313722,13.277393665313722
89,Madagascar,MDG,71.70999999999998,71.8,72.14,72.6,72.56,72.94,70.88,69.49999999999999,71.74,70.74,68.13,60.12,50.6,54.92,55.21999999999999,61.04,65.69,69.6,64.25,72.0,71.69,59.48000000000001,55.68999999999999,60.06,57.28,56.96000000000001,58.13,57.56,70.11553704738617,70.1228686594963,70.1228912961483,70.12289262771606,70.1228912961483,70.12289262771606,70.1228912961483,70.12289262771606,70.1228912961483,70.12289262771606,70.1228912961483,70.12289262771606,70.1228912961483
90,Malawi,MWI,18.06,17.36,16.48,15.739999999999998,14.470000000000002,14.91,15.499999999999998,15.550000000000002,15.87,15.730000000000002,16.38,17.9,17.21,18.07,17.75,18.8,17.340000000000003,17.769999999999996,18.390000000000004,18.230000000000004,19.37,17.130000000000006,18.120000000000005,18.79999999999999,19.82999999999999,20.770000000000007,21.32000000000001,21.98999999999999,20.537360172271722,19.792270307540885,19.2929845046997,18.943101253509514,18.692729759216302,18.511155719757074,18.378342494964595,18.28064023017883,18.208488245010372,18.155056457519528,18.11541661262512,18.08596720695495,18.06406863212585
91,Malaysia,MYS,211.78,219.34,226.07,229.46,236.38,244.01,251.87,262.36,293.71,270.82,281.66,307.49,326.86,335.37,361.58,375.09,203.8,229.36,241.22,243.65,251.52,128.18,128.39999999999998,147.31,179.88,164.9,162.94999999999996,158.11999999999998,243.13293278604746,294.00280944943427,319.70128111362453,329.84447587668893,333.36205553054805,334.5259186846018,334.90480740785597,335.02748817682266,335.06712101161474,335.0799689376354,335.0840749758482,335.08542893826956,335.085855730772
92,Maldives,MDV,0.2099999999999997,0.21,0.2800000000000003,0.2600000000000002,0.2699999999999998,0.33,0.3500000000000003,0.4199999999999996,0.3999999999999999,0.52,0.5600000000000003,0.5900000000000001,0.7200000000000004,0.6399999999999993,0.8600000000000001,0.8400000000000001,0.9999999999999996,1.01,1.0200000000000002,1.0800000000000003,1.1400000000000008,1.2199999999999909,1.3799999999999968,1.3900000000000037,1.6599999999999997,1.6600000000000004,2.119999999999995,2.239999999999996,0.9425649580359443,0.836443195044993,0.8096368196606623,0.8020202130079256,0.7998029956221567,0.7991513034701334,0.7989595830440508,0.7989031377434718,0.7988863795995699,0.7988814792036997,0.7988799062371241,0.7988794222474085,0.7988790592551218
93,Mali,MLI,23.22,23.180000000000003,23.24,23.46,23.72,24.06,25.74,26.73,31.18,32.44,31.65,31.149999999999995,31.45,31.13,34.48,34.19,35.06,35.21,37.19,36.72,39.830000000000005,40.25,40.92,41.93000000000001,42.370000000000005,43.65,48.5,50.77,45.20056225895882,42.36333639860153,40.371405814886096,38.85651773631573,37.65271330416203,36.66635349094868,35.84043033182621,35.137802149355416,34.53295300334692,34.00756489574909,33.5480469211936,33.14399191111326,32.78722591727972
94,Malta,MLT,2.52,2.43,2.41,3.049999999999999,2.76,2.62,2.57,2.73,2.63,2.67,2.4100000000000006,2.78,2.620000000000001,2.92,2.92,2.9699999999999998,3.0500000000000007,3.140000000000001,3.08,2.890000000000001,2.99,2.9799999999999924,3.160000000000003,2.8299999999999965,2.839999999999997,2.160000000000001,1.8700000000000008,2.0100000000000025,2.4553675055503863,2.634038624763491,2.690485336184504,2.7057383882999444,2.709617257714274,2.710591915249827,2.7108358871936824,2.7108970916271233,2.7109122389555003,2.7109160065650966,2.710917083024981,2.7109172368049648,2.7109172368049648
95,Mauritania,MRT,7.87,8.12,8.0,8.2,8.13,8.23,8.72,8.99,9.27,9.85,10.25,10.560000000000002,10.51,10.630000000000004,10.67,10.84,10.61,10.81,10.279999999999998,11.04,11.650000000000004,9.71,10.160000000000004,10.179999999999993,10.640000000000006,11.32,11.590000000000003,12.600000000000009,11.363161381483085,10.991536237597472,10.792594327926642,10.671320177912719,10.592809447646147,10.540099538564688,10.503891836404806,10.47864303410054,10.46085494458676,10.448236041069038,10.439240219593055,10.432805731892591,10.428191666007049
96,Mauritius,MUS,2.25,2.36,2.45,2.61,2.68,2.7400000000000007,2.92,3.03,3.3000000000000003,3.83,4.2700000000000005,4.580000000000002,4.6,4.79,4.820000000000001,5.01,5.250000000000001,5.390000000000001,5.500000000000001,5.490000000000002,5.769999999999999,5.809999999999995,5.97,6.100000000000001,6.310000000000004,6.349999999999992,6.509999999999993,6.709999999999996,5.461278283596036,5.197540348768231,5.099432511329648,5.058912881612775,5.041596543788907,5.034084264039991,5.030801978111264,5.0293651306629155,5.028735629320142,5.028459159135815,5.028337937593458,5.028285036087033,5.028261642456052
97,Mexico,MEX,414.07,432.07,434.94000000000005,454.62,480.22,461.21,485.49,513.51,549.35,527.94,554.38,548.7,555.02,582.23,581.94,609.17,624.5,645.69,676.44,660.37,663.2,679.56,669.68,665.44,653.91,680.4800000000001,694.52,684.55,625.1543429267407,608.7788280141355,601.4295178365708,597.7321622532606,595.7840318900347,594.7321531575918,594.1568677973747,593.8400471252204,593.664895592332,593.5678250682355,593.514032585621,593.4841608744861,593.4675784808397
98,Moldova,MDA,37.09,31.01,25.85,22.46,19.390000000000004,17.33,15.550000000000002,13.84,12.38,11.02,10.170000000000002,10.77,10.9,11.560000000000002,11.490000000000002,11.78,11.470000000000002,11.769999999999998,11.539999999999996,10.859999999999996,11.62,11.560000000000006,11.31000000000001,10.479999999999992,11.1,11.639999999999992,11.81,11.890000000000011,11.887188517451287,11.890718944072725,11.892984378039838,11.894339225888254,11.89516637504101,11.895655764937402,11.895956218242647,11.896132719516755,11.896243032813073,11.89630601167679,11.896345724463464,11.896368188261986,11.89638463497162
99,Mongolia,MNG,52.13999999999999,54.37,52.24000000000001,51.04,49.27,50.18000000000001,49.43999999999999,56.52999999999999,50.8,50.7,54.69,46.99,48.24,43.74,44.68,46.52,57.55,59.74,59.13,55.4,51.21000000000001,56.15,60.45000000000002,61.47999999999999,63.53999999999999,68.87,67.59,70.73,55.68478897243738,55.445942532718185,55.43512302339077,55.43468223154545,55.4346629267931,55.43466212242842,55.4346629267931,55.434663731157784,55.43466212242842,55.4346629267931,55.43466212242842,55.4346629267931,55.434663731157784
100,Montenegro,MNE,1.36,1.3500000000000003,1.2299999999999998,1.2400000000000004,1.25,1.32,1.34,1.3600000000000003,1.37,1.35,1.2999999999999998,1.2399999999999998,1.2399999999999995,1.2500000000000004,1.1000000000000003,2.87,-12.68,-12.83,-12.39,-13.46,-12.72,4.16,3.879999999999993,3.6900000000000026,3.590000000000002,3.700000000000004,3.429999999999997,3.540000000000003,2.1351817119121574,1.4935549998283408,1.1142294406890891,0.8757875001430532,0.7215533089637777,0.6198612666130086,0.5519867539405843,0.506312084198,0.47541420459747513,0.45443578362465104,0.44015470385551647,0.4304190361499806,0.42377630710602004
101,Morocco,MAR,30.88,32.28,33.4,33.09,36.2,36.82,37.5,39.46,40.38,42.56,43.67,46.83,48.63,48.89999999999999,53.45000000000001,56.34,69.16,70.4,73.36,73.95,77.75,80.71,82.97999999999999,83.79,85.59,88.32,88.05,91.66,61.799685246944414,57.30231840908527,55.29583982765674,54.18594980180263,53.511437066197395,53.07845442712306,52.79111077725887,52.59629811525345,52.46233169198036,52.36932793259621,52.304306451082226,52.258674036264416,52.22653100669384
102,Mozambique,MOZ,60.28,60.26,60.60000000000001,61.00000000000001,60.97,61.21,58.45,56.17999999999999,58.9,57.70000000000001,55.31999999999999,74.59,67.78,66.53,64.7,67.15,58.970000000000006,61.04999999999999,62.790000000000006,60.32,63.02,69.04,70.56999999999998,73.18000000000002,74.95,75.47999999999999,74.1,75.4,65.0681249141693,64.88841459274292,64.88073137283325,64.88041113853454,64.88039852142333,64.88039912223816,64.88039912223816,64.88039912223816,64.88039912223816,64.88039912223816,64.88039912223816,64.88039912223816,64.88039912223816
103,Namibia,NAM,16.6,17.91,17.86,17.82,18.01,18.12,18.27,18.04,19.07,19.04,20.42,19.88,18.12,18.36,19.03,20.52,22.23,21.07,19.260000000000005,22.51,21.600000000000005,26.070000000000004,27.520000000000003,21.05,20.359999999999992,20.700000000000003,20.30000000000001,22.75,19.464854763746263,19.463928232192995,19.46392693042755,19.46392660498619,19.46392660498619,19.46392693042755,19.46392660498619,19.46392660498619,19.46392693042755,19.46392660498619,19.46392660498619,19.46392693042755,19.46392660498619
104,Nepal,NPL,57.89,58.28000000000001,58.14000000000001,59.09000000000001,59.95,61.2,59.78,60.64999999999999,61.9,63.93,64.27,60.92,59.4,63.11,62.3,63.95,36.41,36.45,39.48,43.0,43.68000000000001,43.78,48.10999999999999,48.63,51.329999999999984,47.23,61.33,63.94999999999999,57.25993835449218,54.95880870103836,53.69689996242523,52.91836106538772,52.40998778939247,52.06574843525886,51.827080798149105,51.65896645307541,51.5392349243164,51.45329962968826,51.39128174662589,51.34634630560875,51.313697535991665
105,Netherlands,NLD,204.68,210.04,209.42,214.94,214.68000000000004,220.08,231.01,222.21,222.35,209.9,207.84000000000003,209.27000000000004,208.76,208.7,210.26,204.61,198.11,198.0,195.77,190.52,201.32,188.3,186.53000000000003,186.1,178.79999999999998,187.75,187.8,184.19,218.21246276021006,219.17527471363547,219.1963582324982,219.19681880235674,219.19683436214925,219.19683436214925,219.19683436214925,219.19683436214925,219.19683436214925,219.19683436214925,219.19683436214925,219.19683436214925,219.19683436214925
106,New Zealand,NZL,47.65,47.1,47.96000000000001,47.04,48.77,50.02000000000001,50.56,52.86,51.36,53.62,53.78,63.43,64.69,67.16,66.1,67.57,66.35,65.07,65.0,62.21999999999999,62.02,62.2,64.48,64.05,64.54000000000002,64.51000000000002,63.21999999999999,64.80000000000001,62.2614217543602,62.13325071215629,62.12096615493297,62.11979019522666,62.11967884004116,62.11966782689094,62.11966782689094,62.11966782689094,62.11966782689094,62.11966782689094,62.11966782689094,62.11966782689094,62.11966782689094
107,Nicaragua,NIC,39.44,38.08,38.99,39.66,39.98,39.36,38.9,39.74,40.72,41.29,41.86,41.97999999999999,42.44,44.77,43.09,44.78,43.91,44.01,44.2,43.99,44.83,16.959999999999997,17.020000000000003,17.969999999999995,19.13999999999999,19.399999999999995,20.44000000000001,20.23,43.13223268985748,43.71531734585762,43.735658512711524,43.73637282073498,43.736402722001074,43.736402722001074,43.736402722001074,43.736402722001074,43.736402722001074,43.736402722001074,43.736402722001074,43.736402722001074,43.736402722001074
108,Niger,NER,20.24,20.76,21.3,22.020000000000003,22.58,23.23,24.24,24.83,25.82,26.46,27.34,22.56,23.4,24.270000000000003,25.170000000000005,26.1,27.070000000000004,28.31,29.56,30.99,32.38999999999999,32.719999999999985,35.19000000000001,37.02,39.260000000000005,41.03999999999999,42.76,44.52,23.83715537250042,23.83522372126579,23.835222997665404,23.835222997665404,23.835222997665404,23.835222997665404,23.835222997665404,23.835222997665404,23.835222997665404,23.835222997665404,23.835222997665404,23.835222997665404,23.835222997665404
109,Nigeria,NGA,386.42,396.61,408.78,408.67,407.33,401.92,413.85,404.53,396.38000000000005,387.45,384.78,350.31,354.15,361.83,364.4,382.11,401.65,399.67,403.3,383.38,406.25,437.19,441.7600000000001,456.16,465.5799999999999,461.72,475.77,483.18,446.86868124604223,434.2969746762514,427.58189512252807,423.60899309277534,421.1456908786297,419.57615500688553,418.55957043528554,417.8943340659141,417.45621004879473,417.16641351521014,416.97419522523876,416.84649847984315,416.7615600281954
110,Norway,NOR,30.6,28.03,28.58,30.43,31.97,31.3,32.17,33.78,35.36,37.31,31.92,25.59,25.07,27.02,27.52,26.270000000000003,25.260000000000005,25.87,24.46,23.79,28.139999999999997,27.15000000000001,26.01,25.090000000000003,25.359999999999992,25.62999999999999,25.019999999999992,23.879999999999992,26.398736922740937,27.60855423927307,28.377319166660307,28.891481523513793,29.2437158203125,29.488811721801756,29.661097030639645,29.7830256819725,29.86972034692764,29.931560032367702,29.97576157093048,30.0074187707901,30.030108418464657
111,Pakistan,PAK,180.09,181.05,190.25,200.06,206.73,217.2,224.23,231.15,234.96,247.53,249.64,251.77,258.2,266.02,282.97,291.27,312.11,328.89,331.84,342.23,336.47,351.78,355.6,366.02,379.65,394.39,417.9599999999999,443.27,345.62226895093914,312.33457672119135,291.7893573451042,276.9530170464515,265.4511857527494,256.17285720944403,248.53034299910067,242.1730011114478,236.86829900175331,232.4457844400406,228.7705435293913,225.72938460052012,223.22475175261496
112,Panama,PAN,16.85,17.35,18.03,18.3,18.590000000000003,18.82,18.59,18.5,19.55,18.66,18.8,20.62,20.15,20.69,20.43,21.9,21.88,21.84,21.860000000000003,23.53,24.08,25.15999999999999,26.08,26.399999999999995,26.86,26.739999999999995,26.66,26.28000000000001,19.02698125228286,18.83736483693123,18.825904229581358,18.825190346837044,18.825147836059333,18.825144256204368,18.825144107043744,18.82514395788312,18.825143659561874,18.82514351040125,18.825143659561874,18.825143808722498,18.825143361240627
113,Papua New Guinea,PNG,63.14999999999999,64.15,65.19,66.26,67.13,68.24,54.440000000000005,171.05,56.8,56.55,56.39,53.31,76.11,64.69,104.06000000000004,61.35,73.28,57.60999999999999,63.38,58.76,67.19000000000001,58.3,60.25,63.32,74.46,135.47999999999996,65.30999999999999,65.56,70.18459612280131,71.72417751133443,72.336695535779,72.58266770005227,72.68169659376144,72.72157026797534,72.73764991879465,72.74413792192937,72.74675558030606,72.74780825793744,72.74823810130358,72.74844688236713,72.74852056980134
114,Paraguay,PRY,107.63,104.62999999999998,104.0,104.21,104.2,106.20999999999998,102.32999999999998,103.53,103.75,106.94,102.37,109.93,112.43000000000002,112.26,109.45000000000002,111.35,166.3,170.4,166.91,169.08000000000004,172.01,187.77999999999997,189.46,193.59,193.01,193.59,194.87,196.32,175.7160460460186,166.9728981077671,161.42245586156844,157.45872500538826,154.43619297266005,152.0266637045145,150.04391312241555,148.3732409530878,146.9394875371456,145.6910114210844,144.59097227096555,143.6122244301438,142.73427210152147
115,Peru,PER,88.47,87.24,88.1,89.27000000000001,91.8,96.58,99.29,101.23,101.51,105.37,105.93,103.97,106.07999999999998,106.37999999999998,110.37000000000003,115.5,137.62,144.16,146.27,149.96,156.24,159.06,159.98,161.44,164.31,166.4,169.48000000000002,167.46,137.25539367675782,133.3461199951172,132.2793519592285,131.9862878036499,131.90345573425293,131.87972080230713,131.87294149398804,131.87101015090943,131.87045133590698,131.8702993774414,131.8702601623535,131.87024055480958,131.87024055480958
116,Philippines,PHL,93.39,93.45,95.59,101.09999999999998,108.87,121.06,129.78,138.4,132.26,137.86,139.77,153.25,155.12,158.19,161.94000000000003,163.38,174.38,180.05,183.12,185.21,191.4,103.12,108.25999999999998,119.66,127.66,136.83999999999995,149.76,166.19999999999996,169.13126618206502,171.52561317086221,172.8192794430256,173.48321167767048,173.81926416993142,173.98778989434243,174.07192423582077,174.11383367657663,174.1346949273348,174.14506421327593,174.15021088421346,174.15278714060784,174.15405482232572
117,Poland,POL,426.59,422.37,411.5799999999999,411.07,406.39,405.94999999999993,420.69,410.4500000000001,380.72,369.99,356.56,345.75,338.07,350.16,354.06,355.7,286.64,286.63,280.38,264.52,282.51,360.52,353.55,348.13,335.01,338.92999999999995,349.85,363.2699999999999,368.8491350877285,376.1553482812643,384.4416487544775,393.70079141378403,403.89609676539897,414.8321404850483,426.12612080812454,437.22925570607185,447.5315469396114,456.52050556898115,463.90924520850183,469.66826383709906,473.9638894832134
118,Portugal,PRT,57.96,59.67,63.69,62.60999999999999,64.52,68.29,66.59,68.87999999999998,74.04,80.8,80.29,83.9,88.77,84.39,85.65,89.69,77.77,76.3,74.02,73.24,68.14,68.79999999999998,67.16,65.57,64.96,69.15999999999998,68.45,72.87,76.43096456885338,79.00968749523163,80.61006779670716,81.50651149868965,81.97842510581016,82.21845945596695,82.33838774204254,82.3977504658699,82.42700818657875,82.44140064001083,82.44847393512725,82.45193871498108,82.45364840984344
119,Qatar,QAT,14.08,16.24,16.42,17.34,18.23,19.1,20.05,21.69,23.129999999999995,25.370000000000005,24.23,26.17,30.5,32.03,35.56,44.85,49.05,56.38,60.66,63.42,69.34,73.71999999999998,81.41999999999999,83.26,89.53,93.05,94.98,97.65,61.0259451776743,55.08709221720696,52.508375487327584,51.1469621500373,50.36794854968787,49.90120637059212,49.61417199730874,49.434855212569246,49.32173306524754,49.24994707554579,49.20422251582146,49.1750229549408,49.156331151425846
120,Republic of Congo,COG,38.08,40.3,40.22,40.18,39.95,40.14,20.15,20.97,20.69,20.59,19.77,26.55999999999999,22.98,35.75,40.15,51.290000000000006,47.74,43.35,37.87,35.61,43.15,51.94,49.25,50.98,32.24,47.10000000000001,48.990000000000016,48.38999999999999,41.402271837592124,37.3278845924139,34.38589955717325,32.17432058662176,30.490670271217823,29.204963504076005,28.224678930342197,27.479852446615695,26.916118660867212,26.49100008651614,26.171434550136325,25.931844287663697,25.752587098777294
121,Romania,ROU,246.57,204.11,182.67,171.22,167.76,173.31,176.29,163.59,146.11,130.47,135.11,140.39,138.07,143.6,140.2,138.79,135.92,133.83,130.33,113.4,110.25,-42.86,-44.81,-56.81,-57.81,-56.06,-58.56,-55.82000000000001,154.67683769345282,156.88341370582577,156.92055189728734,156.92120663523673,156.92124300956723,156.92124300956723,156.92124300956723,156.92124300956723,156.92124300956723,156.92124300956723,156.92124300956723,156.92124300956723,156.92124300956723
122,Russia,RUS,3559.43,3463.05,3223.1199999999994,2965.8,2682.65,2602.13,2508.31,2317.88,2370.68,2352.93,2418.98,2329.95,2381.2,2552.06,2443.69,2492.3,2379.41,2352.03,2616.58,2281.05,2401.69,2478.24,2598.33,2468.51,2479.35,2356.08,2434.46,2460.27,2381.715556948632,2358.0077785500885,2349.602102035582,2346.6399858111145,2345.6043823785335,2345.2435258464516,2345.1177144378426,2345.0733580346405,2345.0582185665517,2345.0530371443183,2345.051003626585,2345.0503702358155,2345.0503226124497
123,Rwanda,RWA,13.41,13.39,13.320000000000002,13.24,13.11,12.869999999999996,12.37,12.61,12.750000000000002,12.84,12.730000000000002,-5.74,-5.71,-3.79,-5.12,-4.55,4.049999999999999,3.18,4.730000000000001,3.92,4.44,5.409999999999992,5.279999999999997,6.42000000000001,5.2399999999999975,7.760000000000002,7.58,7.640000000000003,13.386583585143088,14.212671098709105,14.321175334453581,14.335196647644041,14.336974993944166,14.337205562591551,14.337237522602079,14.33724208831787,14.33724208831787,14.33724208831787,14.33724208831787,14.33724208831787,14.33724208831787
124,Saint Kitts and Nevis,KNA,0.1600000000000002,0.1600000000000001,0.2,0.19,0.1999999999999998,0.2099999999999997,0.2100000000000002,0.2199999999999999,0.2399999999999999,0.2399999999999998,0.2500000000000001,0.2799999999999994,0.3000000000000006,0.2999999999999996,0.3099999999999999,0.3000000000000002,0.4400000000000003,0.4500000000000008,0.4599999999999998,0.9200000000000004,0.4600000000000006,0.3800000000000018,0.4600000000000021,0.3399999999999984,0.3399999999999989,0.3499999999999987,0.3600000000000024,0.3599999999999984,0.3405424433946611,0.34048889935016646,0.3404885369539263,0.3404885596036913,0.3404885596036913,0.3404885596036913,0.3404885596036913,0.3404885596036913,0.3404885596036913,0.3404885596036913,0.3404885596036913,0.3404885596036913,0.3404885596036913
125,Saint Vincent and the Grenadines,VCT,0.05,0.0599999999999997,0.0900000000000002,0.1,0.1100000000000001,0.1299999999999997,0.1299999999999999,0.1299999999999999,0.1699999999999999,0.1699999999999999,0.1500000000000001,0.2399999999999997,0.2599999999999995,0.2600000000000003,0.2799999999999997,0.2799999999999997,0.5100000000000007,0.5599999999999993,0.4799999999999992,1.2500000000000009,0.5100000000000007,0.329999999999999,0.4999999999999973,0.3099999999999985,0.3899999999999979,0.3200000000000043,0.3700000000000022,0.3700000000000004,0.362006747722626,0.35285751819610617,0.34153205156326316,0.3277723729610445,0.3115147888660433,0.2929343223571779,0.2725079238414766,0.25101248621940625,0.22943432927131666,0.2087995767593385,0.1899860441684724,0.17358009815216074,0.15983070135116584
126,Samoa,WSM,-1.7000000000000002,-1.7,-1.7,-1.6900000000000002,-1.65,-1.6499999999999997,-1.64,-1.6399999999999997,-1.63,-1.62,-1.6,0.3700000000000002,0.3600000000000002,0.36,0.3799999999999997,0.3900000000000002,-0.0400000000000001,-0.0399999999999994,-0.0500000000000002,-0.0299999999999996,-0.0199999999999991,0.5399999999999916,0.5400000000000021,0.5499999999999974,0.5699999999999962,0.619999999999999,0.659999999999996,0.6699999999999974,-0.5740985801815999,-0.6604859244823468,-0.6765490823984157,-0.6796914073824893,-0.6803094330430042,-0.6804322612285625,-0.6804565584659588,-0.6804614320397389,-0.6804625621438037,-0.680462774038316,-0.680462774038316,-0.680462774038316,-0.680462774038316
127,Sao Tome and Principe,STP,0.0900000000000001,0.0899999999999999,0.0900000000000002,0.09,0.1000000000000002,0.0999999999999998,0.0999999999999998,0.1,0.1099999999999999,0.1,0.1,0.0999999999999993,0.1099999999999999,0.1100000000000001,0.12,0.1200000000000002,0.4200000000000002,0.4199999999999995,0.4199999999999993,0.4299999999999994,0.4399999999999992,0.1500000000000081,0.1699999999999986,0.1699999999999992,0.1700000000000045,0.1700000000000019,0.1799999999999961,0.189999999999996,0.20397472769021954,0.22024087101221046,0.23913334697484928,0.260398092269897,0.2832566344738002,0.3063813710212702,0.32811805844306885,0.34697269141673975,0.3620870435237878,0.37338722288608484,0.38137449264526296,0.3867887938022606,0.3903522515296929
128,Saudi Arabia,SAU,190.63,212.83,227.52,235.98,250.09,255.07,269.71,253.57,271.9,278.67,291.54,297.9,318.23,331.53,349.92,366.47,389.49,412.57,450.11,470.77,514.56,534.21,568.1000000000001,585.81,629.39,660.4200000000001,664.23,656.3100000000001,548.9787770080567,512.1304783630371,492.3994786071778,480.5234135437012,472.96629226684576,467.9928082275391,464.6504948425294,462.37333724975593,460.80793960571293,459.7253666687012,458.97335250854496,458.4495678710938,458.0839772033692
129,Senegal,SEN,21.15,21.54,22.090000000000003,22.43,22.860000000000003,23.22,24.64,25.200000000000003,26.46,28.719999999999995,28.76,28.15,27.47,25.64,27.690000000000005,28.66,29.08,28.42,30.08,29.760000000000005,31.35,30.960000000000004,30.06,31.319999999999997,32.25000000000001,32.77000000000001,34.92,34.980000000000004,33.036903010010725,31.945382437705998,31.167689269781118,30.57874840021134,30.11702177882195,29.746092880368238,29.442849077582363,29.191707193851474,28.981662393808367,28.804665897488597,28.65462918698788,28.52684697389603,28.417608114480977
130,Serbia,SRB,77.36999999999999,67.06,61.78999999999999,56.03,52.35,58.92,66.39,71.22999999999999,70.95,53.61,55.6,57.65,60.93,63.95,69.34,62.5,4.849999999999999,4.7,3.2099999999999995,-0.0799999999999991,-0.6899999999999997,67.17000000000002,62.33999999999999,63.02,55.24999999999999,61.65999999999999,62.920000000000016,63.25,69.939688167572,70.00654802083967,70.00811134099959,70.00812995195388,70.00812995195388,70.00812995195388,70.00812995195388,70.00812995195388,70.00812995195388,70.00812995195388,70.00812995195388,70.00812995195388,70.00812995195388
131,Seychelles,SYC,0.2199999999999997,0.2400000000000002,0.2400000000000001,0.2600000000000002,0.2799999999999997,0.28,0.3199999999999998,0.4300000000000001,0.5199999999999999,0.6099999999999998,0.6700000000000004,0.7300000000000005,0.6300000000000003,0.6499999999999998,0.8500000000000001,0.7900000000000001,0.8400000000000005,0.7500000000000001,0.8099999999999996,0.6199999999999994,0.5600000000000007,0.5200000000000095,0.5699999999999984,0.5399999999999975,0.5999999999999976,0.6500000000000035,0.6899999999999954,0.7400000000000008,0.7710362976789474,0.7915704959630966,0.8041168236732483,0.8115493160486221,0.815874844789505,0.818365672826767,0.8197910684347153,0.8206040459871292,0.8210664856433869,0.8213294172286988,0.8214787197113037,0.821563584804535,0.8216115748882294
132,Sierra Leone,SLE,10.89,10.87,10.99,11.08,11.06,10.73,8.91,8.9,9.02,8.69,8.87,9.35,9.6,11.87,13.06,11.11,15.11,12.43,11.13,12.96,11.21,11.8,14.039999999999996,13.03,14.800000000000004,15.999999999999996,13.559999999999992,13.220000000000004,13.138417803645131,13.083759732842443,13.054070892333982,13.03788731753826,13.028993605971335,13.024087511897084,13.021374781727788,13.019873325228689,13.019044604897497,13.018583623766897,13.018328297734259,13.018185820579527,13.018107828497884
133,Singapore,SGP,31.59,34.78,37.37,44.25999999999999,47.82999999999999,49.18,50.62,50.73,49.69,50.63999999999999,55.28,55.05,54.17000000000001,51.08,52.51,49.8,50.28000000000001,51.53999999999999,51.85,52.43,56.27000000000001,59.28,58.790000000000006,59.7,60.88000000000001,62.70999999999999,64.11,66.15,57.67328086853027,54.522422561645506,52.900661315917965,52.01289459228515,51.51575775146484,51.233812179565426,51.07280136108398,50.980499725341794,50.92748107910156,50.896981658935545,50.879428939819334,50.86931259155273,50.863495330810544
134,Slovakia,SVK,57.06,49.02,46.48,43.8,41.09,41.68,41.72,41.53,40.34,38.88,36.29,37.61999999999999,37.06,37.35,36.7,37.58,39.9,38.92,38.8,35.150000000000006,36.74,36.56000000000001,34.25000000000001,34.9,32.24,32.66000000000001,33.48,35.379999999999995,37.08990676790476,37.6925196442008,37.930932151079176,38.027399667203426,38.06671179533005,38.08278126984835,38.089363063871865,38.092052220106126,38.0931543636322,38.09360483705998,38.09379382878542,38.09387038707733,38.09390108436346
135,Slovenia,SVN,11.01,9.98,9.71,10.42,10.499999999999998,11.37,12.19,12.67,12.4,11.67,11.37,8.749999999999998,8.819999999999999,8.800000000000002,9.01,9.210000000000004,12.08,12.010000000000002,12.999999999999998,11.01,11.300000000000002,12.880000000000004,12.26,11.620000000000006,10.070000000000013,10.150000000000004,10.98000000000001,11.159999999999991,10.817028030753134,10.589204668998716,10.402794145047663,10.247308261692522,10.117355741560457,10.008883975446222,9.918674916028975,9.844009302556513,9.782528664916752,9.732161924242972,9.691089421510695,9.657737471163271,9.630753029137848
136,Solomon Islands,SLB,2.09,2.1,2.11,2.13,2.15,2.16,2.18,2.19,2.21,2.22,2.24,2.26,2.279999999999999,2.3,2.3400000000000003,2.3799999999999994,2.319999999999999,2.330000000000001,2.33,2.349999999999999,2.3600000000000003,2.76,2.779999999999991,2.8299999999999965,2.8000000000000025,2.7800000000000007,2.86,2.8799999999999977,2.5158493453264223,2.428254696726798,2.3887810093164434,2.3683507996797553,2.3571439814567556,2.350803391337394,2.3471546149253837,2.3450348693132392,2.3437965106964103,2.3430707955360406,2.342644793391227,2.3423942399024957,2.3422469025850288
137,South Africa,ZAF,316.32,312.26,309.22,317.66,323.61,334.13,342.81,356.22,364.1,342.78,345.97,381.36,397.74,418.84,446.30000000000007,447.96,448.9,469.18,501.12,481.38000000000005,504.03,487.84,506.7800000000001,515.8999999999999,529.26,505.05,503.05,515.8,455.5111144328118,454.25690126895904,454.1713363599778,454.1681099700928,454.1679001235962,454.1679001235962,454.1679001235962,454.1679001235962,454.1679001235962,454.1679001235962,454.1679001235962,454.1679001235962,454.1679001235962
138,South Korea,KOR,252.24,277.58,302.14,333.0,360.61,392.98,420.9,446.74,381.93,419.79,477.35,485.28,478.12,486.03,510.13,505.55,508.68,517.5,531.57,545.24,598.01,631.29,636.1300000000001,635.4999999999999,624.8,646.2900000000001,657.41,670.8100000000001,672.7820463204383,675.3743177247047,677.5245477759838,679.273203291893,680.693882985115,681.8455157232285,682.7776496565342,683.5305520129203,684.1385522258282,684.6287446010112,685.0236827778816,685.3417290115357,685.5977527368069
139,Spain,ESP,228.8,234.98,244.81,230.02,242.96,256.87,250.17,271.75,281.34,305.93,323.41,321.25,337.93,347.31,363.3,378.36,385.94,401.62,368.38,331.69,316.43,316.29,309.75,283.43,281.94,292.59,282.81,299.35,338.9590580773353,339.2320415580272,339.2378100478649,339.23785125136374,339.23785125136374,339.23785125136374,339.23785125136374,339.23785125136374,339.23785125136374,339.23785125136374,339.23785125136374,339.23785125136374,339.23785125136374
140,Sri Lanka,LKA,28.15,28.1,29.95,30.4,31.31,31.47,31.16,29.030000000000005,26.44,25.73,24.83,25.89,26.91,28.15,28.33,30.340000000000003,26.21,27.18,27.47,26.61,27.87,31.37999999999999,32.85999999999999,30.58,33.46,36.5,37.47,38.74,34.32807210803033,31.853236638307575,30.068830140531066,28.780455053150657,27.88307469278574,27.28209552004933,26.892746350467203,26.646602132618426,26.49356487676501,26.399439364671707,26.341946004778144,26.306977235674857,26.285764903873204
141,Sudan,SDN,109.25,110.09000000000002,113.56000000000002,115.36,119.70999999999998,120.64,110.48,115.6,121.95,122.43000000000002,125.75,150.74,178.48,152.71,173.10000000000002,167.27,142.42,147.02,150.99,185.1,155.22,172.46999999999994,143.02,142.65999999999997,143.78999999999996,147.40000000000003,151.83,153.25,152.37359902560712,152.03917522430422,151.85519262850286,151.75088383257392,151.69163596630096,151.6579182565212,151.6386903911829,151.62773145735264,151.6214517712593,151.61786208748816,151.6158321529627,151.61465668976308,151.61399662196635
142,Suriname,SUR,6.94,7.3,7.4,7.35,7.38,7.43,6.37,6.51,7.02,6.160000000000001,5.290000000000001,5.43,6.490000000000002,9.97,8.579999999999998,6.08,6.409999999999999,5.610000000000001,6.8900000000000015,7.719999999999998,6.959999999999999,7.320000000000002,7.819999999999998,8.070000000000002,8.480000000000008,9.899999999999991,7.679999999999998,7.509999999999998,7.799374933242798,7.955524022579193,8.056993384361267,8.12249887228012,8.164389312267303,8.191015622615815,8.207871997356415,8.218514766693115,8.22522406578064,8.229448480606079,8.232107150554658,8.2337819647789,8.23483248949051
143,Sweden,SWE,48.010000000000005,48.66,51.21,51.17000000000001,52.99,52.53,58.08,51.81999999999999,52.63,51.26,46.95,14.699999999999998,16.04,17.03,15.61,12.060000000000002,57.59000000000001,55.38,54.23,50.36,55.940000000000005,52.01,49.15999999999998,47.47,46.43999999999999,46.04,45.48,44.66,57.266369633674614,63.29742186784743,65.69924707889557,66.52794203281402,66.79717353343963,66.88296926736831,66.9101359963417,66.91871611833571,66.92143718004226,66.92229299783706,66.9225563263893,66.92263861656188,66.92266604661941
144,Switzerland,CHE,50.81999999999999,53.02,52.940000000000005,50.470000000000006,49.6,50.53,51.120000000000005,49.66999999999999,51.21,51.330000000000005,50.53,52.46000000000001,50.78000000000001,51.98,52.42,53.11,50.98,49.05,50.64,49.17000000000001,50.73,48.490000000000016,49.71999999999999,50.74,46.95,46.17,46.66,45.67,50.96557721138,51.4948445558548,51.5429234457016,51.547201490402216,51.547574439048766,51.547608585357665,51.54761124610901,51.54761124610901,51.54761124610901,51.54761124610901,51.54761124610901,51.54761124610901,51.54761124610901
145,Syria,SYR,56.98,61.35,62.5,62.99,66.4,70.55,73.78,74.22999999999999,77.49,76.47,76.48,76.98,77.59,77.94,80.26,91.39,94.67,98.36,99.45,94.23,93.77,88.36,74.75,55.09,47.9,43.35999999999999,43.89999999999999,46.46000000000001,47.3063012753427,48.10385882861912,48.76680855073034,49.33216411620378,49.83014242410659,50.280109520405524,50.69593226462602,51.088069098889825,51.46476692229509,51.832979641854756,52.1988571190834,52.56825083270668,52.94705739498138
146,Tajikistan,TJK,17.88,17.01,14.000000000000002,11.16,8.69,8.1,7.469999999999999,7.71,7.64,7.17,6.82,6.760000000000001,6.710000000000002,6.950000000000002,7.66,7.780000000000002,8.32,9.01,9.359999999999998,9.0,9.03,9.339999999999998,10.129999999999995,10.53999999999999,11.989999999999998,12.55,13.929999999999996,14.539999999999996,14.245460487604143,13.99371561765671,13.684179375171663,13.301014758944513,12.836403468847276,12.2884014159441,11.66650001525879,10.996048655211927,10.318151501119138,9.681552588343623,9.128373732864858,8.681979954242708,8.344195167422297
147,Tanzania,TZA,289.78,289.98,290.0,290.45,290.54,294.59,296.82,281.96,299.73,294.65,269.19,310.18,297.08,320.69,323.55,339.9,309.19,320.64,324.7,315.62,316.84,312.03,309.5799999999999,309.94,312.99,326.73,319.7799999999999,321.06,331.2664821106195,334.6371313512325,335.6958795350789,336.0107766938209,336.1022724097966,336.1287066596746,336.13630987823,336.13851413726803,336.1391505485772,336.13933177828784,336.1393739247321,336.1393739247321,336.1393739247321
148,Thailand,THA,174.5,186.5,198.4,214.5,229.31,248.5,267.83,275.06,256.84,266.64,267.94,272.25,284.79,297.25,323.24,327.5,324.71,341.31,343.68,343.2700000000001,363.49,377.24,400.8500000000001,411.75,409.18,410.5400000000001,418.07,431.89,294.94377533435824,294.92418406069277,294.92415337741375,294.92415337741375,294.92415337741375,294.92415337741375,294.92415337741375,294.92415337741375,294.92415337741375,294.92415337741375,294.92415337741375,294.92415337741375,294.92415337741375
149,Timor-Leste,TLS,4.029999999999999,4.11,4.11,4.14,4.23,4.25,4.260000000000001,4.27,4.29,4.18,4.250000000000001,8.49,9.55,10.39,11.179999999999998,12.160000000000002,13.2,13.490000000000002,13.86,14.18,14.479999999999997,13.049999999999994,13.04,12.999999999999998,12.979999999999997,13.000000000000009,12.87,12.490000000000006,10.995535745024679,10.897375400662419,10.886252837181088,10.88494543612003,10.88479407906532,10.884776015877721,10.884774770140645,10.884774147272108,10.884774770140645,10.884774770140645,10.884774147272108,10.884774147272108,10.884774147272108
150,Togo,TGO,10.88,10.699999999999998,10.39,10.29,10.58,10.61,11.13,10.91,11.88,12.35,11.94,11.689999999999998,12.19,12.67,12.47,13.439999999999998,12.65,12.490000000000002,12.71,14.27,14.0,14.590000000000002,14.070000000000002,13.889999999999995,13.609999999999992,14.409999999999998,14.860000000000008,14.729999999999992,12.674460845589643,12.673472058177,12.6734679722786,12.6734679722786,12.6734679722786,12.6734679722786,12.6734679722786,12.6734679722786,12.6734679722786,12.6734679722786,12.6734679722786,12.6734679722786,12.6734679722786
151,Tonga,TON,0.2499999999999998,0.2599999999999999,0.2500000000000001,0.2600000000000002,0.2699999999999998,0.2599999999999998,0.2399999999999999,0.2500000000000001,0.2399999999999999,0.26,0.2399999999999998,0.2299999999999998,0.2399999999999996,0.2900000000000005,0.2699999999999997,0.2799999999999997,-0.2099999999999993,-0.2300000000000003,-0.2299999999999999,-0.1999999999999998,-0.2199999999999996,0.2599999999999953,0.2699999999999962,0.2799999999999987,0.2700000000000024,0.2700000000000002,0.3100000000000035,0.3400000000000048,0.2748416543006939,0.25764487683773446,0.25096763551235596,0.24820077419281403,0.24703608930111326,0.2465417921543161,0.24633125126362243,0.24624135434627928,0.2462028950452844,0.2461866551637689,0.24617965638637937,0.24617666661739745,0.24617534160614407
152,Trinidad and Tobago,TTO,15.44,14.36,13.31,13.85,14.410000000000004,14.59,14.85,15.39,15.8,16.0,16.27,17.2,17.909999999999997,17.26,18.01,21.78,24.75,24.79,24.040000000000003,23.28,25.91,25.909999999999997,25.120000000000005,26.02,25.49,25.1,22.35,22.590000000000007,22.356786826848985,22.238018758296967,22.158056713342667,22.102853735685347,22.064488620758056,22.037676525115966,22.018867452144622,22.00563413143158,21.996308382749557,21.98972657084465,21.985079605579376,21.981794760227203,21.97947355031967
153,Tunisia,TUN,19.19,20.24,20.98,22.55,22.54,23.22,24.71,25.41,26.79,28.23,29.81,30.8,31.09,31.41,32.29,32.88,33.72,34.47,34.58,35.13,37.76,35.960000000000015,37.01,36.970000000000006,39.4,40.11999999999998,39.25,40.73,30.581057082414624,30.579588319063184,30.579585751295088,30.579585751295088,30.579585751295088,30.579585751295088,30.579585751295088,30.579585751295088,30.579585751295088,30.579585751295088,30.579585751295088,30.579585751295088,30.579585751295088
154,Turkey,TUR,184.8,187.26,194.75,201.26,196.44,211.02000000000004,228.73,237.86,239.06,238.96000000000004,262.95,232.37,242.67,254.55,260.87,273.38,277.77,307.69,306.25,309.77,319.55,332.17,346.19999999999993,337.43,362.28,369.08,396.03,437.8999999999999,279.03075148463245,273.10931056141845,272.42999088168136,272.35042765736574,272.3411648929119,272.34007870554916,272.33994293212885,272.33992784619323,272.33992784619323,272.33992784619323,272.33992784619323,272.33992784619323,272.33992784619323
155,Uganda,UGA,40.5,41.05,41.38,41.82,41.57,42.34,42.54,43.54,46.0,45.35,45.4,44.03,47.42999999999999,50.89000000000001,51.67,54.9,57.040000000000006,57.94,66.31,67.74999999999999,69.9,71.59,73.80000000000001,75.09,76.67,79.22,81.13,82.13999999999999,78.84707216978072,77.18801118135451,76.09705821990966,75.33506620645522,74.78537415504455,74.37939372539519,74.07443559408186,73.8425035071373,73.6644517993927,73.52679362297057,73.41977248191833,73.33624287843703,73.27081900835036
156,Ukraine,UKR,874.8,829.21,739.35,650.28,554.99,524.41,460.0899999999999,435.61,407.75,404.08,385.49,408.78,417.0700000000001,443.02,407.79,388.56,396.22,405.51,392.02,332.08,348.29,386.56,377.2200000000001,360.99,331.86999999999995,282.18999999999994,283.6499999999999,257.61,337.15769253551963,363.2601120382548,375.01765640795236,380.60265368744734,383.30466914132245,384.62473867267374,385.27234389871364,385.5911250329018,385.7480876322091,385.82535034954554,385.86323216512807,385.88214088395245,385.8915860465169
157,United Arab Emirates,ARE,68.52,75.06,73.63,76.57,83.17,89.59,94.9,102.67,107.2,111.5,112.15000000000002,127.32,131.54,139.26,147.97,156.65,162.74,174.06,199.68,201.86,208.37,214.42,226.35,237.42,239.81,252.64,259.43,269.6,180.48314336776735,161.24559509992602,151.77576231360436,146.09896598339083,142.37015876054767,139.77993125438692,137.9146587085724,136.53813479185106,135.50445043802262,134.71834047436715,134.11472471117975,133.6480769789219,133.2852938735485
158,United Kingdom,GBR,758.02,771.74,748.79,731.6399999999999,721.61,711.79,732.9,710.09,706.01,679.28,679.49,687.32,668.24,677.13,670.79,664.45,661.66,645.66,624.23,568.83,581.81,538.09,559.8000000000001,541.18,500.95,485.0700000000001,462.81,449.0799999999999,691.1333884572982,700.1899074459076,700.462117664814,700.470252815485,700.4705220639705,700.4705220639705,700.4705220639705,700.4705220639705,700.4705220639705,700.4705220639705,700.4705220639705,700.4705220639705,700.4705220639705
159,United States,USA,5669.57,5627.93,5709.22,5819.3,5906.34,5970.68,6069.33,6302.62,6345.71,6365.58,6495.09,6439.579999999999,6321.63,6353.21,6500.25,6477.62,6388.91,6601.15,6267.37,5865.85,6111.83,6235.82,5936.1,6056.33,6097.709999999999,5973.160000000001,5833.01,5766.92,6159.555297642946,6337.0923092877865,6370.062562004327,6374.631132113934,6375.226646680831,6375.303855904341,6375.313775346279,6375.3152255570885,6375.315399582386,6375.315457590818,6375.315457590818,6375.315457590818,6375.315457590818
160,Uruguay,URY,3.2500000000000004,4.869999999999999,6.48,7.020000000000001,6.909999999999999,7.110000000000001,8.39,8.06,7.64,8.65,6.76,18.03,18.36,19.270000000000003,21.21,21.52,18.050000000000004,17.01,19.640000000000004,19.17,16.64,27.160000000000007,27.820000000000004,26.939999999999998,26.340000000000003,26.159999999999997,26.52,25.540000000000006,20.474754160046583,18.559251711368567,17.482561514377597,16.804809052944186,16.35258306086064,16.039654595255858,15.817900642156605,15.658202823996549,15.54188894271851,15.456485970020298,15.393412749469285,15.346634865999226,15.311832085549836
161,Uzbekistan,UZB,196.29,199.02,188.83,220.73,198.17,189.42,191.88,186.36,197.34,204.19000000000003,223.95,227.97,231.79,226.78,229.27,226.32,250.41,248.41,257.90000000000003,231.69,237.07,225.94,213.95,216.53,209.67,206.45,213.33,218.55,248.31636453151705,253.64879545688632,254.399932333231,254.50048872351647,254.51366057872772,254.51539607405664,254.51562633633614,254.5156433928013,254.5156433928013,254.5156433928013,254.5156433928013,254.5156433928013,254.5156433928013
162,Vanuatu,VUT,0.4700000000000002,0.4799999999999999,0.4999999999999998,0.5299999999999998,0.5400000000000003,0.5400000000000001,0.5699999999999996,0.5699999999999997,0.5700000000000003,0.5799999999999996,0.5600000000000003,0.5600000000000003,0.5499999999999996,0.5800000000000003,0.5600000000000003,0.58,0.5799999999999993,0.6999999999999991,0.6999999999999995,0.7000000000000005,0.709999999999999,0.7500000000000031,0.7499999999999959,0.7499999999999964,0.8099999999999973,0.8100000000000006,0.8400000000000023,0.8399999999999997,0.6757668840885176,0.6253169518709194,0.5920605948567399,0.5660362476110467,0.544625009000302,0.5270439940691,0.5130426119267946,0.5023531690239911,0.49453355997800863,0.48902072578668626,0.48524496376514464,0.4827132464945319,0.4810406008176508
163,Venezuela,VEN,303.14,304.92,308.93,315.26,318.02,326.54,331.0,337.59,339.2,332.3,341.31,373.7,352.91,368.9,350.27,369.61,254.29,263.92,265.49,261.47,291.82,323.3,343.48999999999995,373.6099999999999,359.46,352.14,352.0799999999999,338.14,317.69037768602374,303.7329646924138,293.9175741165877,287.2715504720807,282.94123392641546,280.2024726870656,278.5061084656418,277.46967582106595,276.8419628922641,276.46382126599553,276.2367569319904,276.10069021657114,276.019240577519
164,Vietnam,VNM,25.63,28.49,31.0,37.69,43.31000000000001,49.46,56.03000000000001,63.79999999999998,75.0,78.24,86.24,118.02,135.41,141.61,159.76000000000002,169.64,184.78,200.5,209.45,231.71,251.16,235.76,237.24,249.25,263.12,306.26,320.67,319.54,234.12422451019287,213.29097919464112,203.96509536743164,199.15576084136964,196.52582885742189,195.0407646560669,194.18738075256348,193.69218349456787,193.40309127807618,193.2338459777832,193.1344864654541,193.07617210388185,193.04184471130372
165,Zambia,ZMB,485.43,484.9599999999999,484.28,483.0,481.44000000000005,478.95,444.46,405.5400000000001,411.87,371.45,412.78,402.1,453.14,474.67,488.42,565.61,482.2799999999999,452.65,471.05,412.65,460.49000000000007,432.46,455.2099999999999,468.3199999999999,440.83,473.3,495.1700000000001,495.99,474.4240810251236,465.7102144122124,460.97536719322204,458.216321644783,456.5593690156937,455.5458661699295,454.9191507101059,454.529059278965,454.2852427315712,454.1324754858017,454.03661767005923,453.97642734050754,453.938566801548
166,Zimbabwe,ZWE,71.09999999999998,71.4,72.21,68.67,68.41,68.26,69.62,68.79,70.11,72.41,69.58,71.41,67.5,64.7,64.84,65.03,63.91,64.46,62.83,63.72999999999999,66.75,67.43,67.68000000000002,67.64,66.25,67.59,66.15999999999998,66.53,68.71085770606994,69.01261839628219,69.04838947415351,69.05247449755669,69.05293016552925,69.05298269867896,69.05298783779143,69.05298840880394,69.05298897981643,69.05298897981643,69.05298897981643,69.05298897981643,69.05298840880394
