,Country,Code,1990,1991,1992,1993,1994,1995,1996,1997,1998,1999,2000,2001,2002,2003,2004,2005,2006,2007,2008,2009,2010,2011,2012,2013,2014,2015,2016,2017
0,Albania,ALB,11.4,9.04,6.99,6.930000000000001,7.77,7.529999999999999,7.25,6.539999999999999,6.769999999999999,7.99,8.38,9.06,9.67,10.11,10.16,9.94,8.75,9.03,8.539999999999997,8.600000000000001,8.880000000000003,9.329999999999998,8.939999999999998,9.049999999999997,9.539999999999988,9.479999999999992,9.329999999999993,9.899999999999991
1,Algeria,DZA,96.0,94.87,94.5,102.03,99.78,103.98999999999998,105.3,109.39000000000001,114.72999999999999,120.70999999999998,127.65999999999998,125.25,132.49,138.28,142.17000000000002,147.68,145.89,153.14,156.4,166.21,167.32,179.67999999999995,189.89,193.59,203.78999999999996,211.66,209.41,211.50000000000003
2,Angola,AGO,150.61,151.28,151.61,152.39,152.54,156.9,161.39,156.01,170.08,161.98,161.87,143.61,164.51,181.0,193.17000000000002,191.84,165.81,196.13,173.99,180.66,186.83000000000004,220.91999999999993,185.95,203.34,185.1,207.66,182.19,176.84999999999997
3,Antigua and Barbuda,ATG,0.33999999999999997,0.3499999999999999,0.43000000000000016,0.4099999999999999,0.4200000000000002,0.44,0.47000000000000014,0.5000000000000002,0.5500000000000003,0.5700000000000001,0.5900000000000001,0.6499999999999997,0.7099999999999999,0.7400000000000003,0.7500000000000001,0.7800000000000004,0.9499999999999994,1.01,1.0600000000000007,2.0200000000000005,1.129999999999999,1.0700000000000016,1.289999999999998,1.059999999999995,1.0799999999999996,1.1000000000000003,1.139999999999996,1.1700000000000026
4,Argentina,ARG,323.84,328.83,333.22,335.73,340.81,341.39,344.46,346.24,351.87,357.06,354.96,375.63,378.78,401.76,427.68000000000006,420.84,454.28,458.1,468.33,452.69000000000005,440.34,450.1,464.88000000000005,462.89,456.74,460.2100000000001,469.73,469.62
5,Armenia,ARM,24.44,25.07,14.95,8.76,6.24,6.84,5.780000000000001,6.390000000000001,6.309999999999998,5.799999999999999,6.150000000000001,6.260000000000001,5.920000000000001,6.350000000000001,6.74,7.460000000000002,7.899999999999998,8.569999999999999,9.11,8.02,7.880000000000001,8.229999999999995,9.220000000000002,9.149999999999997,9.11999999999999,9.110000000000003,9.360000000000003,9.130000000000006
6,Australia,AUS,511.19,511.12,513.28,512.97,516.04,524.13,517.13,528.17,554.21,589.37,608.2,700.97,688.45,615.56,659.13,616.08,630.93,622.43,591.83,612.67,573.4,612.47,613.1200000000001,522.09,530.85,529.3800000000001,507.17,553.12
7,Austria,AUT,64.25999999999999,68.47,62.68,62.6,62.69,65.17,68.88,67.87,67.85,66.03,66.24,75.31,77.04,82.93,82.54,82.56,83.17,80.08,79.66,72.69,78.41,75.74999999999999,72.53,73.08,69.31,70.44000000000001,70.61999999999999,72.78999999999999
8,Azerbaijan,AZE,75.54,84.57,60.87,69.01,62.48,60.43,55.79,55.879999999999995,56.72,57.03,59.14,59.7,60.61,58.31,59.59,63.58,60.089999999999996,58.75,66.33,67.26,71.54,73.84,75.01,74.56000000000002,74.74000000000001,73.04000000000002,73.05000000000001,71.65000000000002
9,Bahamas,BHS,0.6399999999999999,0.7399999999999999,1.3999999999999997,0.9700000000000002,0.9099999999999996,0.9599999999999996,0.8499999999999999,0.6499999999999997,1.1700000000000002,1.13,1.06,1.4599999999999995,1.6500000000000001,1.5700000000000005,1.69,1.47,7.300000000000002,7.330000000000002,7.4799999999999995,11.34,7.36,3.3299999999999925,4.37999999999999,4.060000000000001,3.4,3.1699999999999986,3.0599999999999956,3.0299999999999963
10,Bahrain,BHR,14.060000000000002,13.76,15.780000000000001,16.67,17.120000000000005,17.96,19.34,20.33,22.17,22.859999999999996,24.02,24.85,26.01,27.07,27.37,30.450000000000003,32.88,34.02,36.43,37.01,38.91,39.65999999999999,40.88,43.74999999999999,45.89,46.93999999999999,47.15,47.940000000000005
11,Bangladesh,BGD,116.27,116.46000000000001,118.36,119.56,122.01,127.04,126.94,129.18,129.22,133.35,135.51,139.33,142.55,144.36,147.17000000000002,150.54,146.35,148.65,157.69,160.23,169.59000000000003,182.64999999999998,184.96,188.82,193.91,202.94999999999996,203.15000000000003,211.04999999999998
12,Barbados,BRB,3.1000000000000005,3.14,3.369999999999999,3.2200000000000006,3.3000000000000007,3.35,3.3600000000000003,3.4700000000000006,3.589999999999999,3.6399999999999997,3.5799999999999996,3.6599999999999997,3.710000000000001,3.72,3.7199999999999998,3.759999999999999,3.890000000000001,3.9100000000000006,4.2299999999999995,7.070000000000001,4.06,4.089999999999996,4.659999999999995,3.9400000000000017,3.7700000000000005,3.780000000000003,3.8199999999999994,3.719999999999997
13,Belarus,BLR,126.0,120.94,107.71,94.93,81.89,73.8,73.38,73.68,71.73,69.4,66.7,58.04,64.64,60.260000000000005,61.41,62.53000000000001,58.42,55.56999999999999,59.64,57.150000000000006,61.39000000000001,84.50000000000001,88.34,87.01000000000002,88.06,84.13,80.62000000000002,82.27
14,Belgium,BEL,126.89,131.83,129.92,127.74,133.1,133.27,138.63,135.44,138.21,134.36,135.04,135.37,128.09,131.47,130.04,126.18,123.82000000000001,119.15000000000002,121.48999999999997,114.43,121.75,109.56000000000002,108.87000000000003,110.14,103.74,108.80000000000003,107.62999999999998,105.53
15,Belize,BLZ,13.23,13.44,13.660000000000002,13.73,13.840000000000002,12.750000000000002,9.8,8.6,7.88,6.669999999999999,5.63,7.210000000000002,9.66,10.250000000000002,6.93,9.320000000000002,7.58,9.85,8.420000000000002,8.01,9.320000000000002,7.219999999999996,3.519999999999998,7.630000000000004,3.5799999999999983,5.279999999999996,4.939999999999996,4.9600000000000035
16,Benin,BEN,19.95,20.079999999999995,20.2,20.32,20.600000000000005,20.46,21.929999999999996,22.21,23.34,23.11,23.34,18.5,19.719999999999995,19.520000000000003,19.48,20.9,21.45,22.469999999999995,22.080000000000002,22.839999999999996,23.46,23.700000000000006,23.630000000000003,24.12999999999999,24.739999999999995,25.410000000000004,27.360000000000003,27.889999999999993
17,Bhutan,BTN,-2.93,-2.88,-2.89,-2.92,-2.8899999999999997,-2.79,-2.78,-2.7,-2.68,-2.62,-2.68,-3.03,-3.0,-3.03,-3.05,-2.86,-1.42,-1.3099999999999994,-1.4700000000000004,-1.4500000000000006,-1.2600000000000002,-1.9900000000000044,-1.7699999999999978,-1.8200000000000014,-1.7099999999999986,-1.690000000000005,-1.469999999999999,-1.3700000000000006
18,Bolivia,BOL,110.14000000000001,110.93,112.75,114.52,116.59,116.16999999999999,112.75999999999999,113.79,114.80000000000001,120.27000000000001,110.87,110.27,118.68,114.67000000000002,133.05,128.59,133.63,142.6,135.82,133.38,169.87,142.83,137.67000000000002,137.6,138.71,141.95,150.52,151.69999999999996
19,Bosnia and Herzegovina,BIH,22.2,19.669999999999998,12.13,8.69,-1.64,-1.73,-0.6299999999999999,4.23,7.089999999999998,7.199999999999999,10.91,18.57,18.66,19.570000000000004,20.26,20.88,22.77,24.06,25.840000000000003,26.010000000000005,26.01,29.32999999999999,27.49,27.099999999999994,24.529999999999998,24.759999999999998,27.280000000000005,27.530000000000005
20,Botswana,BWA,61.18999999999998,60.63,60.89000000000001,60.57999999999999,60.85,61.78,75.65,86.57999999999998,95.96,80.47,68.33,55.49999999999999,148.35,89.43,30.210000000000004,79.22,41.56,83.81,46.17,28.269999999999996,37.57,47.85,34.15999999999999,66.36000000000001,34.31000000000001,131.82,69.97,76.03
21,Brazil,BRA,1496.37,1523.64,1533.58,1543.78,1560.1099999999997,1580.16,1576.14,1606.8,1641.73,1650.9,1647.41,1900.3,1945.72,1959.6300000000003,2006.2500000000002,2016.51,1422.0,1467.19,1455.75,1434.3,1541.66,1308.92,1354.86,1372.14,1416.0,1411.9500000000003,1381.11,1392.8
22,Bulgaria,BGR,86.94999999999999,69.73,63.86,62.379999999999995,58.49,59.71000000000001,60.18999999999999,57.66999999999999,53.83,46.9,46.32,46.61,43.54999999999999,48.36,47.1,47.01,50.99000000000001,55.2,52.67,45.2,46.91,52.78,47.080000000000005,41.93000000000001,44.500000000000014,47.13999999999999,44.11,46.28999999999999
23,Burkina Faso,BFA,22.87,23.32,23.619999999999997,23.88,24.349999999999998,24.73,26.2,26.750000000000004,27.529999999999998,27.44,28.789999999999996,25.22,26.540000000000003,29.13,30.05,30.76,32.54,33.54,34.07,35.09,36.39,34.370000000000005,35.07999999999999,35.90999999999999,36.32999999999999,37.08,38.60999999999999,40.25000000000001
24,Burundi,BDI,12.419999999999998,12.53,12.56,12.59,12.530000000000003,12.61,11.990000000000002,12.160000000000002,12.4,12.08,12.22,9.2,10.17,10.39,9.55,8.870000000000001,3.1500000000000012,2.6899999999999995,3.4500000000000006,3.8199999999999994,4.030000000000001,7.549999999999995,7.359999999999996,8.000000000000002,7.559999999999998,7.520000000000006,7.950000000000002,7.999999999999991
25,Cambodia,KHM,47.370000000000005,47.18,47.83,48.76,47.68000000000001,49.849999999999994,46.989999999999995,48.28999999999999,51.8,51.31999999999999,49.66,52.60000000000001,54.22,56.540000000000006,58.49000000000001,59.1,51.650000000000006,53.25999999999999,53.24,54.17,54.70000000000002,57.28,56.240000000000016,58.620000000000005,57.849999999999994,62.13000000000001,65.45999999999998,67.81999999999998
26,Cameroon,CMR,136.74,136.43,136.38,140.56,196.99,197.04,191.95,192.8,196.63,195.88,197.55,196.87999999999997,195.3,203.03,199.67000000000002,206.77,197.71,202.39,204.65,202.27,201.34,200.89,199.11999999999998,208.97,202.92,207.72999999999996,208.94999999999993,210.23
27,Canada,CAN,652.57,648.5,664.43,662.45,683.03,698.44,693.09,689.92,798.91,733.18,718.46,890.59,981.61,1001.5299999999999,961.03,970.63,880.97,892.54,875.8299999999999,798.91,881.05,758.1,794.68,861.92,827.61,868.8400000000001,779.08,792.95
28,Cape Verde,CPV,-0.16999999999999998,-0.15,-0.12000000000000008,-0.10999999999999993,-0.12999999999999995,-0.09000000000000008,-0.11,-0.08999999999999998,-0.05999999999999999,-0.030000000000000148,0.0,0.42999999999999977,0.47000000000000014,0.5000000000000003,0.5400000000000001,0.6399999999999997,0.6299999999999996,0.5900000000000006,0.6100000000000005,0.6600000000000009,0.6999999999999994,0.5899999999999943,0.5599999999999996,0.5499999999999974,0.5499999999999986,0.56,0.5999999999999973,0.6299999999999998
29,Central African Republic,CAF,52.27999999999999,53.03999999999999,53.52,54.0,56.94,57.51,58.71999999999999,62.39,67.98,64.63,66.24,60.89,57.14,64.8,59.66,61.92,60.35,61.96999999999999,64.74,58.07999999999999,62.11,66.47000000000001,63.84999999999999,67.22,67.55,70.72,75.62,76.04
30,Chad,TCD,25.24,25.52,25.77,26.09,26.31,26.72,29.33,30.98,34.77,35.72,35.05,30.769999999999996,34.61,36.56,37.84,39.92,57.34,57.98,57.59000000000001,55.87,57.400000000000006,57.51,58.26999999999999,57.44999999999999,56.949999999999996,97.42,102.57,106.71999999999997
31,Chile,CHL,35.53,34.8,37.14,38.5,42.03,45.49000000000001,51.65,58.95999999999999,60.160000000000004,62.96999999999999,59.27000000000001,62.730000000000004,63.74,64.64,70.05,70.91,71.44,79.83,84.56,81.8,86.46999999999998,-4.710000000000002,-2.579999999999996,0.2599999999999988,-5.809999999999994,0.36000000000000365,3.6200000000000037,4.630000000000001
32,China,CHN,2901.7400000000002,3051.31,3182.64,3405.7599999999998,3556.72,3946.1700000000005,3980.4600000000005,3989.5,4128.98,4079.23,4276.11,4452.24,4763.01,5385.86,6132.29,6857.63,7485.37,8104.469999999999,8398.829999999998,8992.51,9828.01,10784.95,11110.34,11568.63,11583.36,11578.25,11577.979999999998,11780.99
33,Colombia,COL,273.46,275.22,278.88,282.9,284.99,288.01,285.3,290.34,292.06,281.75,286.06,309.75,308.78,318.22,319.56,315.33,309.99,317.95,316.82,320.7600000000001,325.18,182.61999999999998,181.2,188.01,195.19999999999996,195.22,222.63999999999993,216.67
34,Comoros,COM,0.32999999999999996,0.3400000000000001,0.33999999999999986,0.3499999999999997,0.35000000000000026,0.36,0.3599999999999998,0.37,0.38999999999999996,0.40000000000000013,0.38000000000000006,0.42999999999999977,0.4300000000000004,0.4500000000000005,0.4700000000000003,0.53,0.49000000000000055,0.43999999999999917,0.45999999999999985,0.46999999999999903,0.5100000000000007,0.5100000000000089,0.5300000000000034,0.5499999999999974,0.5600000000000025,0.5799999999999996,0.6099999999999971,0.6599999999999954
35,Costa Rica,CRI,15.28,15.55,16.65,16.71,17.100000000000005,16.67,16.52,16.61,17.36,17.18,17.04,3.569999999999999,3.560000000000001,4.98,3.9299999999999997,4.509999999999999,4.809999999999999,6.22,6.3599999999999985,5.940000000000001,6.2,3.009999999999994,3.0700000000000043,3.630000000000003,3.5999999999999956,3.490000000000003,4.590000000000003,4.759999999999995
36,CÃ´te d'Ivoire,CIV,5.09,10.81,16.4,22.09,27.93,27.67,26.939999999999998,27.78,27.82,29.059999999999995,28.23,24.15,23.03,20.2,17.89,18.56,31.33,30.859999999999996,29.4,27.71,26.15,25.040000000000003,26.740000000000002,27.530000000000012,27.300000000000008,28.570000000000007,30.200000000000003,31.55999999999999
37,Croatia,HRV,17.1,10.589999999999998,11.62,12.5,12.590000000000002,13.87,13.200000000000001,14.69,15.05,14.66,13.76,14.530000000000001,15.529999999999998,16.63,16.39,16.29,19.05,20.669999999999998,19.74,17.17,16.61,22.109999999999996,20.14000000000001,18.99999999999999,18.27,18.870000000000008,18.900000000000002,19.550000000000008
38,Cyprus,CYP,5.35,5.869999999999999,6.29,6.559999999999999,6.81,6.7,7.09,7.17,7.499999999999999,7.77,8.04,7.909999999999999,8.14,8.800000000000002,8.749999999999998,8.890000000000002,8.719999999999999,9.049999999999999,9.240000000000002,9.06,8.749999999999996,8.579999999999995,8.069999999999997,7.400000000000006,7.780000000000001,7.840000000000001,8.229999999999997,8.370000000000001
39,Czech Republic,CZE,169.71,152.99,148.54,143.83,136.55,136.52,138.14,135.64,129.01,120.91,131.55,131.51,125.89,130.23,130.78,127.71999999999998,134.19,137.17,132.11,124.47,127.55,119.21000000000001,115.81000000000002,110.52,107.79999999999998,109.72000000000003,111.53,111.57
40,Democratic Republic of the Congo,COD,203.63000000000002,202.53,202.92,203.3,203.63,203.61,210.13,216.10000000000002,218.25,210.66,206.71,196.31999999999996,197.70000000000002,203.93,208.26999999999998,210.93999999999997,209.12,207.98,210.07,210.81,211.73,214.73,214.30999999999997,222.94,219.12,219.91,224.74,224.38999999999996
41,Denmark,DNK,68.22,78.84,72.64,75.21,78.91,75.82,89.29,79.61999999999999,75.57,72.73,68.52,70.87,70.34,76.12,69.72,65.85,72.89,68.1,64.61000000000001,61.78999999999999,62.22,55.420000000000016,50.35,51.88999999999999,47.64,45.56000000000001,47.28,45.11000000000001
42,Djibouti,DJI,0.9899999999999999,1.0100000000000002,1.0200000000000002,1.0400000000000005,1.05,1.1,1.1499999999999997,1.1799999999999997,1.1900000000000002,1.23,1.27,1.2799999999999994,1.3099999999999996,1.3300000000000005,1.3200000000000003,1.3600000000000003,1.3599999999999997,1.4,1.4100000000000004,1.3999999999999992,1.4600000000000006,1.4200000000000017,1.4599999999999966,1.520000000000003,1.4300000000000026,1.509999999999998,1.469999999999999,1.4599999999999975
43,Dominica,DMA,0.15000000000000024,0.1499999999999997,0.16999999999999993,0.16000000000000025,0.16000000000000028,0.17000000000000007,0.14000000000000012,0.15000000000000008,0.14999999999999997,0.15000000000000005,0.16000000000000003,0.2299999999999998,0.19999999999999996,0.21000000000000052,0.23000000000000012,0.2399999999999997,0.7600000000000001,0.7699999999999999,0.7800000000000006,1.0900000000000003,0.7700000000000008,0.35000000000000014,0.4400000000000046,0.3599999999999983,0.35999999999999654,0.3699999999999984,0.3700000000000022,0.3499999999999965
44,Dominican Republic,DOM,5.92,7.08,8.59,9.11,11.11,11.630000000000003,12.53,14.22,16.11,16.76,17.52,19.65,22.039999999999996,19.720000000000002,18.98,20.43,22.090000000000003,23.3,23.470000000000002,22.979999999999997,24.31,24.690000000000005,25.440000000000005,25.240000000000002,25.490000000000002,27.859999999999992,29.109999999999996,28.28000000000001
45,Ecuador,ECU,76.19,77.04,79.3,79.07,80.67,83.79,87.13,89.17999999999999,88.1,85.47,84.68,80.58,80.9,81.49,84.15,85.73,88.16,88.29,89.55,92.9,95.69,96.66,97.97000000000003,100.84999999999998,101.69999999999999,100.43000000000002,98.95,97.98999999999997
46,Egypt,EGY,129.29,134.93,140.04,142.31,137.99,146.97,154.39,163.81,170.63,179.47,180.77,193.11,197.49000000000004,204.81999999999996,215.53,234.47,243.23,259.47,271.31,274.82000000000005,277.84,283.86999999999995,294.67,292.61,298.59,307.05000000000007,316.10999999999996,322.56
47,El Salvador,SLV,8.04,8.889999999999999,9.300000000000002,9.840000000000002,10.519999999999998,10.77,10.680000000000001,11.52,11.599999999999998,11.769999999999998,11.63,12.240000000000002,12.439999999999998,12.96,13.27,13.610000000000001,14.04,14.660000000000002,14.089999999999998,13.7,13.45,13.280000000000005,13.430000000000003,12.72,13.000000000000002,13.489999999999995,13.459999999999996,12.82999999999999
48,Equatorial Guinea,GNQ,5.52,5.58,5.630000000000001,6.61,6.659999999999999,6.72,8.74,10.359999999999998,11.86,13.58,15.610000000000001,17.93,21.12,24.16,28.14,30.880000000000003,31.79,29.94,31.140000000000004,31.59,31.22,30.88,30.74,29.630000000000003,27.92,26.51999999999999,24.500000000000004,24.050000000000004
49,Estonia,EST,35.18,31.389999999999997,23.750000000000004,17.94,17.06,15.31,16.21,15.77,15.17,14.019999999999998,13.599999999999998,21.39,21.33,23.010000000000005,23.129999999999995,23.250000000000004,16.570000000000004,20.4,18.890000000000008,15.470000000000004,19.47,21.81,20.600000000000012,23.02999999999999,21.660000000000007,19.24,19.45,20.04
50,Eswatini,SWZ,2.91,2.939999999999999,2.89,2.6200000000000006,2.9399999999999995,2.94,2.85,3.18,3.2899999999999996,3.31,3.2200000000000006,3.05,3.0899999999999994,3.1200000000000006,3.13,3.16,3.0500000000000007,3.3600000000000008,3.2099999999999995,3.079999999999999,3.1,3.12,3.190000000000009,3.6900000000000026,3.1200000000000037,3.1699999999999986,3.3799999999999986,3.2399999999999958
51,Ethiopia,ETH,102.7,104.47,107.01,102.60000000000001,105.0,107.13000000000001,104.06999999999998,106.75,116.98,117.95,111.27000000000001,122.37999999999998,141.72,136.68,138.18,132.49,144.5,144.67,157.29,160.55,164.7,150.22,166.04000000000002,176.96,173.02999999999997,178.36,189.81999999999996,193.63
52,Fiji,FJI,0.14000000000000024,0.16000000000000017,0.20000000000000004,0.26000000000000023,0.31000000000000005,0.38000000000000017,0.42000000000000004,0.4099999999999999,0.36999999999999994,0.33999999999999986,0.3700000000000001,0.2799999999999994,0.10999999999999992,0.26000000000000034,0.6500000000000001,0.45999999999999974,3.2100000000000013,3.1100000000000008,2.819999999999999,2.8699999999999997,2.99,-0.6499999999999976,-0.6699999999999959,-0.5099999999999976,-0.2200000000000035,0.0700000000000038,0.240000000000005,0.3499999999999965
53,Finland,FIN,45.129999999999995,45.04,41.93,43.17999999999999,49.779999999999994,45.78000000000001,52.28000000000001,50.269999999999996,46.59,45.68,44.08,58.660000000000004,61.00999999999999,69.32,65.25,53.080000000000005,60.33,58.39,50.33,46.68,54.75000000000001,72.66000000000001,66.88,67.65,63.56,60.1,62.81,59.85000000000001
54,France,FRA,477.49,502.29,487.54999999999995,468.76,463.02,471.75,490.46000000000004,480.53000000000003,496.58,486.18000000000006,483.28000000000003,433.85,426.2200000000001,431.31000000000006,428.7300000000001,429.4200000000001,443.96,436.77,430.57,412.26,415.98,373.01,375.9900000000001,376.7300000000001,343.69,349.62,349.4,352.07
55,Gabon,GAB,8.74,8.91,9.12,9.16,8.84,8.72,7.95,7.789999999999999,7.609999999999999,7.2299999999999995,6.79,6.769999999999999,6.629999999999999,6.860000000000002,7.41,7.530000000000001,7.21,7.370000000000002,8.290000000000001,7.050000000000001,7.940000000000002,-85.08,-85.23,-84.9,-85.57,-85.01,-84.89,-85.82
56,Gambia,GMB,3.9699999999999993,4.13,4.24,4.370000000000001,3.9099999999999997,3.440000000000001,3.3300000000000005,3.01,2.74,2.68,2.3299999999999996,2.0899999999999994,1.7500000000000007,1.56,1.46,1.33,1.4900000000000002,1.52,1.7000000000000002,2.08,2.1699999999999995,1.9299999999999917,2.029999999999995,2.1,2.2500000000000036,2.299999999999999,2.320000000000001,2.3999999999999964
57,Georgia,GEO,47.95,37.82,29.810000000000002,23.55,16.200000000000003,12.760000000000002,11.12,10.4,9.91,9.62,9.98,8.12,7.480000000000001,8.03,8.119999999999997,8.75,9.130000000000003,9.87,9.000000000000002,9.75,9.490000000000002,14.380000000000008,15.260000000000003,16.060000000000006,16.650000000000006,17.010000000000012,17.410000000000004,17.210000000000004
58,Germany,DEU,1107.24,1077.65,1029.97,1022.27,1009.3800000000001,1002.7599999999999,1030.92,992.94,966.83,932.2299999999999,922.89,970.61,952.1600000000001,951.07,931.19,906.79,917.67,888.6,891.36,834.11,864.77,812.55,826.67,843.91,803.64,807.4200000000001,810.14,792.63
59,Ghana,GHA,34.36,34.63,35.35,35.85,36.33,36.89,36.93,38.33,41.88,40.89,41.71,59.82,61.059999999999995,61.150000000000006,59.99999999999999,62.97999999999999,19.01,19.769999999999996,19.29,21.06,22.999999999999996,42.36,44.710000000000015,47.70000000000002,47.91999999999999,50.82000000000001,51.26,53.319999999999986
60,Greece,GRC,94.68,94.78,96.85999999999999,97.23,99.86,104.24999999999999,105.26999999999998,106.37000000000002,110.67000000000002,111.53000000000002,117.22,117.98999999999998,118.11,121.43,121.19,123.23000000000002,121.58999999999999,125.15000000000002,121.37,114.15,107.41,105.13,99.90000000000003,92.33000000000001,89.13999999999999,87.37000000000002,86.34,86.06000000000002
61,Grenada,GRD,1.84,1.8599999999999999,1.9200000000000002,1.91,1.9300000000000002,1.96,1.9899999999999998,2.0200000000000005,2.0599999999999996,2.07,2.07,2.450000000000001,2.4800000000000004,2.5000000000000004,2.4899999999999998,2.51,2.0099999999999993,2.04,2.0599999999999996,2.5900000000000003,2.080000000000001,2.2699999999999916,2.4100000000000072,2.319999999999999,2.2599999999999976,2.2900000000000045,2.3100000000000014,2.330000000000003
62,Guatemala,GTM,28.94,29.4,30.68,31.440000000000005,31.76,32.86,32.31,32.78,36.66,35.35,37.84,37.059999999999995,38.88,44.13999999999999,38.75,43.76,41.27,44.26,41.7,44.08,43.26,35.36,35.940000000000005,37.85,37.96999999999999,41.57999999999999,43.59000000000001,42.89000000000001
63,Guinea,GIN,26.78,27.11,27.44,27.81,28.23,28.65,25.7,25.94,27.48,27.28,27.6,29.23999999999999,30.270000000000003,32.33,34.23,34.3,35.62,36.76,33.53,35.36,37.02,39.5,40.14,40.12999999999999,41.60999999999999,42.389999999999986,45.400000000000006,44.77
64,Guinea-Bissau,GNB,3.1700000000000004,3.1800000000000006,3.21,3.2500000000000004,3.2699999999999996,3.31,3.1200000000000006,3.17,3.3900000000000006,3.749999999999999,3.4600000000000004,4.8,4.46,4.41,4.300000000000001,4.25,3.7100000000000004,3.749999999999999,3.64,3.849999999999999,3.980000000000001,3.910000000000005,4.109999999999994,4.010000000000002,4.019999999999995,4.170000000000001,4.110000000000003,4.239999999999996
65,Guyana,GUY,22.41,22.64,22.63,22.76,23.06,23.41,14.1,14.12,17.72,12.93,12.360000000000001,16.29,17.789999999999996,46.79,15.92,25.22,17.87,17.4,19.960000000000004,22.02,34.45,24.3,29.20000000000001,26.889999999999993,35.42999999999999,46.93999999999999,37.60000000000001,37.699999999999996
66,Haiti,HTI,5.21,5.44,5.86,5.5,4.99,5.790000000000001,6.07,6.500000000000001,6.630000000000001,6.76,7.24,7.43,7.659999999999998,7.700000000000001,7.58,7.67,7.720000000000001,8.129999999999999,8.150000000000002,8.200000000000001,8.730000000000002,9.110000000000005,8.849999999999998,9.139999999999997,9.509999999999998,9.83000000000001,10.020000000000008,10.04
67,Honduras,HND,53.46999999999999,53.61000000000001,53.94,53.77,54.47,55.26,53.95,54.27000000000001,54.78,53.76,54.220000000000006,42.82999999999999,43.339999999999996,48.85,45.830000000000005,48.54,46.65,47.28,47.4,47.61,47.410000000000004,50.209999999999994,48.349999999999994,50.109999999999985,50.92000000000001,50.31000000000001,51.120000000000005,51.01000000000001
68,Hungary,HUN,90.75999999999999,85.73000000000002,75.78,76.33,75.99,74.29,76.49,74.83,74.71,75.43,72.64,76.68,74.66,77.6,76.38,75.41,72.53,70.45,68.96,63.02,62.990000000000016,63.53,59.76000000000001,57.20000000000001,57.65,60.54000000000001,61.15,63.06
69,Iceland,ISL,3.380000000000001,3.2599999999999993,3.06,3.0200000000000005,3.1,3.04,3.29,3.2699999999999996,3.42,3.4,3.43,3.2799999999999994,3.34,3.310000000000001,3.38,3.3500000000000005,4.009999999999998,3.7999999999999985,3.6900000000000004,3.3500000000000005,3.229999999999999,2.920000000000008,2.910000000000004,3.0699999999999954,3.1400000000000015,3.1800000000000033,3.1500000000000035,3.270000000000002
70,India,IND,1184.08,1239.12,1271.34,1303.07,1349.41,1415.03,1460.58,1519.01,1553.2,1631.2,1669.1399999999999,1575.11,1596.86,1645.7,1735.12,1806.2099999999998,1941.4300000000003,2087.76,2185.08,2339.28,2449.3,2798.04,2947.94,3003.54,3175.79,3188.03,3230.06,3356.7
71,Indonesia,IDN,1509.17,1526.5100000000002,1547.0900000000001,1563.34,1579.97,1610.76,1399.99,2386.18,1594.0899999999997,1477.87,1406.12,1663.53,2198.69,1822.3299999999997,2205.0,1911.6499999999999,2680.4,2055.89,2043.38,2478.2199999999993,2079.39,2335.3,2357.19,2294.34,2729.18,2776.53,2228.89,2275.4
72,Ireland,IRL,54.349999999999994,54.92,55.13000000000001,55.78,57.260000000000005,58.1,59.65,61.149999999999984,64.55,66.11,69.08,71.81,71.07,71.39,70.59,71.85,67.33,65.82,64.62000000000002,59.25,58.36,60.589999999999996,62.01999999999999,61.09000000000001,61.249999999999986,63.249999999999986,65.59,64.96000000000001
73,Israel,ISR,44.09,45.17,47.95,52.01,55.34,59.169999999999995,62.27,65.29,66.66,68.85,73.72,73.44,75.45,76.27,77.37,76.03,80.42,83.61,84.29,83.86999999999999,89.32,89.50999999999998,96.63999999999999,88.48,87.08000000000001,89.42999999999999,89.35000000000001,91.03
74,Italy,ITA,456.98,454.5799999999999,451.3499999999999,445.05,439.76,464.74,460.88,464.66,475.96,483.19,488.11,485.67,493.9800000000001,512.69,523.48,524.75,513.37,506.57000000000005,491.55,442.75000000000006,451.06,440.32000000000005,422.4599999999999,390.53999999999996,370.92,381.75,377.27,371.58
75,Jamaica,JAM,9.490000000000002,9.49,10.28,10.47,10.510000000000002,10.820000000000002,11.12,11.26,11.799999999999999,12.08,12.210000000000003,12.329999999999998,12.439999999999998,12.849999999999998,12.75,12.72,14.13,13.990000000000002,11.399999999999999,9.83,9.26,9.430000000000003,9.08,9.559999999999995,9.320000000000006,9.220000000000006,9.759999999999994,9.220000000000004
76,Japan,JPN,1108.77,1123.25,1136.55,1129.03,1186.24,1201.26,1215.37,1203.24,1156.11,1181.75,1198.01,1210.3,1241.98,1249.79,1241.6,1242.64,1117.3,1153.2,1086.29,1026.58,1083.09,1289.53,1331.6900000000003,1343.27,1305.64,1269.61,1262.19,1239.78
77,Jordan,JOR,18.67,19.14,21.89,22.63,23.71,23.339999999999996,22.57,22.07,21.28,20.34,20.9,21.029999999999998,22.319999999999997,22.710000000000004,23.93,25.44,26.180000000000003,27.63,26.890000000000004,27.570000000000004,27.43,28.550000000000004,32.120000000000005,32.42000000000001,34.68000000000001,34.96999999999999,35.06999999999999,36.73
78,Kazakhstan,KAZ,309.03,319.08,320.0,278.37,253.4,221.73,193.9,166.14,165.38,149.24,148.47,148.46,164.95,176.44,193.94,206.01,227.47,235.75,282.06,251.27999999999997,277.17,294.12,294.12,307.49,258.13,259.7,274.50999999999993,280.64
79,Kenya,KEN,97.28,96.05,96.04999999999998,95.85000000000001,96.11,96.44999999999999,95.78,96.04,97.33999999999999,99.71000000000001,98.31,-8.25,-7.209999999999999,-6.06,-3.7,-3.14,15.15,31.119999999999997,33.62,33.35000000000001,34.04999999999999,36.79,38.599999999999994,37.27,40.11000000000001,43.38999999999999,48.5,45.65999999999999
80,Kyrgyzstan,KGZ,30.12,27.860000000000003,20.3,15.46,10.280000000000001,7.59,8.53,8.43,8.639999999999999,7.3,7.260000000000001,6.659999999999998,7.620000000000001,8.25,8.4,8.080000000000002,25.06,26.31,27.480000000000004,27.11,26.779999999999998,13.000000000000009,15.560000000000006,15.080000000000009,15.600000000000009,16.250000000000007,15.809999999999997,15.499999999999998
81,Laos,LAO,22.689999999999998,22.55,22.81,22.77,23.07,23.07,19.04,18.66,20.32,18.95,18.37,25.38,27.929999999999996,28.54,39.83,31.86,28.51,40.12,28.760000000000005,31.66,42.05,30.54,34.97,37.7,36.57,41.54999999999998,52.290000000000006,55.57
82,Latvia,LVA,12.29,10.559999999999999,8.339999999999998,5.150000000000001,2.1699999999999995,0.4100000000000001,0.40999999999999986,-0.19000000000000003,-0.6399999999999999,-1.37,-2.18,7.05,7.38,7.530000000000002,7.34,7.44,-3.55,-3.17,-3.5100000000000007,-4.29,-3.0900000000000007,-1.9100000000000001,-2.099999999999996,-2.1100000000000003,-2.1700000000000035,-2.1600000000000015,-2.330000000000001,-2.4200000000000004
83,Lebanon,LBN,7.22,8.71,8.77,12.15,13.110000000000001,15.37,16.4,18.61,18.95,19.93,18.77,20.040000000000003,20.02,20.7,21.25,20.68,19.740000000000002,18.729999999999997,22.470000000000006,25.910000000000004,25.009999999999998,25.750000000000004,28.35000000000001,28.35000000000001,30.300000000000004,32.66000000000001,33.769999999999996,35.589999999999996
84,Lesotho,LSO,3.2600000000000007,3.32,3.5400000000000005,3.55,3.5600000000000005,3.53,3.5600000000000005,3.580000000000001,3.6,4.110000000000001,4.06,4.079999999999999,3.9,3.9799999999999995,3.9499999999999997,4.15,4.220000000000001,4.42,4.5,4.719999999999998,4.870000000000001,4.900000000000002,5.080000000000002,5.089999999999996,5.189999999999999,5.190000000000002,5.22,5.619999999999998
85,Liberia,LBR,19.599999999999998,19.33,19.21,19.04,18.870000000000005,18.73,17.9,18.06,18.25,18.27,18.42,18.520000000000003,18.589999999999996,19.21,19.19,19.14,20.08,19.769999999999996,19.8,24.79,20.37,7.599999999999998,8.499999999999993,8.839999999999998,11.339999999999993,15.060000000000002,10.670000000000005,10.649999999999995
86,Lithuania,LTU,45.83,47.57000000000001,32.79,26.87,24.849999999999998,23.260000000000005,24.03,23.820000000000004,24.71,22.0,20.28,21.109999999999996,20.889999999999997,21.300000000000004,22.189999999999998,22.990000000000002,21.320000000000004,22.09,21.790000000000003,18.27,19.290000000000003,18.289999999999996,18.749999999999996,17.859999999999996,17.380000000000003,17.650000000000002,17.660000000000007,17.57000000000001
87,Luxembourg,LUX,12.029999999999998,12.51,12.2,12.4,11.559999999999999,9.410000000000002,9.5,8.99,8.319999999999999,8.7,8.66,9.96,10.75,11.150000000000002,12.590000000000002,12.82,12.63,12.039999999999997,11.96,11.379999999999999,11.98,11.830000000000002,11.580000000000005,11.050000000000008,10.559999999999997,10.049999999999995,9.779999999999994,9.919999999999996
88,Macedonia,MKD,13.25,12.58,11.990000000000002,11.990000000000002,11.54,11.18,12.7,11.53,12.3,11.4,11.11,13.120000000000001,12.51,13.41,13.199999999999998,13.570000000000002,12.37,12.87,12.610000000000001,11.910000000000002,11.75,12.709999999999994,12.159999999999993,11.240000000000007,10.819999999999995,10.559999999999992,10.530000000000008,10.99
89,Madagascar,MDG,71.70999999999998,71.8,72.14,72.6,72.56,72.94,70.88,69.49999999999999,71.74,70.74,68.13,60.12,50.6,54.92,55.21999999999999,61.04,65.69,69.6,64.25,72.0,71.69,59.48000000000001,55.68999999999999,60.059999999999995,57.28,56.96000000000001,58.13,57.559999999999995
90,Malawi,MWI,18.06,17.36,16.48,15.739999999999998,14.470000000000002,14.91,15.499999999999998,15.550000000000002,15.870000000000001,15.730000000000002,16.38,17.9,17.21,18.07,17.75,18.8,17.340000000000003,17.769999999999996,18.390000000000004,18.230000000000004,19.37,17.130000000000006,18.120000000000005,18.79999999999999,19.82999999999999,20.770000000000007,21.32000000000001,21.98999999999999
91,Malaysia,MYS,211.78,219.34,226.07,229.46,236.38,244.01,251.87,262.36,293.71,270.82,281.66,307.49,326.86,335.37,361.58,375.09,203.8,229.36,241.22,243.65,251.52,128.18,128.39999999999998,147.31,179.88,164.9,162.94999999999996,158.11999999999998
92,Maldives,MDV,0.20999999999999974,0.21000000000000008,0.2800000000000003,0.26000000000000023,0.2699999999999998,0.33000000000000007,0.3500000000000003,0.41999999999999965,0.3999999999999999,0.52,0.5600000000000003,0.5900000000000001,0.7200000000000004,0.6399999999999993,0.8600000000000001,0.8400000000000001,0.9999999999999996,1.01,1.0200000000000002,1.0800000000000005,1.1400000000000008,1.2199999999999909,1.3799999999999968,1.3900000000000035,1.6599999999999997,1.6600000000000004,2.119999999999995,2.2399999999999958
93,Mali,MLI,23.22,23.180000000000003,23.24,23.46,23.72,24.060000000000002,25.74,26.729999999999997,31.18,32.44,31.65,31.149999999999995,31.45,31.13,34.48,34.19,35.06,35.21,37.19,36.72,39.830000000000005,40.25,40.92,41.93000000000001,42.370000000000005,43.65,48.5,50.77
94,Malta,MLT,2.52,2.43,2.4099999999999997,3.049999999999999,2.76,2.62,2.57,2.73,2.63,2.67,2.4100000000000006,2.7800000000000002,2.620000000000001,2.92,2.92,2.9699999999999993,3.0500000000000007,3.1400000000000006,3.0799999999999996,2.8900000000000015,2.99,2.9799999999999924,3.160000000000003,2.8299999999999965,2.839999999999997,2.1600000000000015,1.8700000000000006,2.0100000000000025
95,Mauritania,MRT,7.87,8.12,8.0,8.2,8.13,8.23,8.72,8.99,9.27,9.85,10.25,10.560000000000002,10.51,10.630000000000003,10.67,10.84,10.61,10.81,10.279999999999998,11.04,11.650000000000004,9.709999999999999,10.160000000000004,10.179999999999993,10.640000000000006,11.319999999999999,11.590000000000005,12.600000000000007
96,Mauritius,MUS,2.25,2.36,2.4499999999999997,2.61,2.68,2.7400000000000007,2.92,3.0300000000000002,3.3000000000000003,3.83,4.2700000000000005,4.580000000000002,4.6,4.79,4.820000000000001,5.01,5.250000000000001,5.390000000000001,5.500000000000001,5.490000000000002,5.769999999999999,5.809999999999995,5.97,6.100000000000001,6.310000000000004,6.349999999999992,6.509999999999993,6.7099999999999955
97,Mexico,MEX,414.07,432.07,434.94000000000005,454.62,480.22,461.21,485.49,513.51,549.35,527.94,554.38,548.7,555.02,582.23,581.94,609.17,624.5,645.69,676.44,660.37,663.2,679.56,669.68,665.44,653.91,680.4800000000001,694.52,684.55
98,Moldova,MDA,37.09,31.01,25.85,22.46,19.390000000000004,17.33,15.550000000000002,13.84,12.38,11.02,10.170000000000002,10.77,10.9,11.560000000000002,11.490000000000002,11.780000000000001,11.470000000000002,11.769999999999998,11.539999999999997,10.859999999999996,11.62,11.560000000000006,11.31000000000001,10.479999999999992,11.100000000000001,11.639999999999993,11.81,11.890000000000011
99,Mongolia,MNG,52.139999999999986,54.37,52.24000000000001,51.04,49.27,50.18000000000001,49.43999999999999,56.52999999999999,50.8,50.7,54.69,46.989999999999995,48.239999999999995,43.739999999999995,44.68,46.52,57.550000000000004,59.74,59.13,55.4,51.21000000000001,56.15,60.45000000000002,61.47999999999999,63.53999999999999,68.87,67.59,70.73
100,Montenegro,MNE,1.3599999999999999,1.3500000000000003,1.2299999999999998,1.2400000000000004,1.25,1.32,1.34,1.3600000000000003,1.37,1.3499999999999999,1.2999999999999998,1.2399999999999998,1.2399999999999995,1.2500000000000004,1.1000000000000003,2.8699999999999997,-12.68,-12.83,-12.39,-13.46,-12.72,4.16,3.879999999999993,3.6900000000000026,3.590000000000002,3.700000000000004,3.4299999999999975,3.540000000000003
101,Morocco,MAR,30.88,32.28,33.4,33.09,36.2,36.82,37.5,39.46,40.38,42.56,43.67,46.83,48.63,48.89999999999999,53.45000000000001,56.34,69.16,70.4,73.36,73.95,77.75,80.71,82.97999999999999,83.79,85.59,88.32,88.05,91.66
102,Mozambique,MOZ,60.28,60.26,60.60000000000001,61.00000000000001,60.97,61.21,58.449999999999996,56.17999999999999,58.9,57.70000000000001,55.31999999999999,74.59,67.78,66.53,64.7,67.15,58.970000000000006,61.04999999999999,62.790000000000006,60.32,63.02,69.04,70.56999999999998,73.18000000000002,74.95,75.47999999999999,74.1,75.4
103,Namibia,NAM,16.6,17.91,17.86,17.82,18.01,18.12,18.27,18.04,19.07,19.04,20.42,19.88,18.12,18.36,19.03,20.52,22.23,21.07,19.260000000000005,22.51,21.600000000000005,26.070000000000004,27.520000000000003,21.05,20.359999999999992,20.700000000000003,20.30000000000001,22.749999999999996
104,Nepal,NPL,57.89,58.28000000000001,58.14000000000001,59.09000000000001,59.95,61.2,59.78,60.64999999999999,61.9,63.93,64.27,60.92,59.4,63.11,62.300000000000004,63.95,36.41,36.45,39.48,43.0,43.68000000000001,43.78,48.109999999999985,48.629999999999995,51.329999999999984,47.230000000000004,61.33,63.94999999999999
105,Netherlands,NLD,204.67999999999998,210.04,209.42,214.94,214.68000000000004,220.08,231.01,222.21,222.35,209.9,207.84000000000003,209.27000000000004,208.76,208.7,210.26,204.61,198.11,198.0,195.77,190.52,201.32,188.29999999999998,186.53000000000003,186.1,178.79999999999998,187.75,187.8,184.19
106,New Zealand,NZL,47.65,47.1,47.96000000000001,47.04,48.77,50.02000000000001,50.56,52.86,51.36,53.62,53.78,63.43,64.69,67.16,66.1,67.57,66.35,65.07,65.0,62.21999999999999,62.019999999999996,62.2,64.48,64.05,64.54000000000002,64.51000000000002,63.219999999999985,64.80000000000001
107,Nicaragua,NIC,39.44,38.08,38.99,39.66,39.98,39.36,38.9,39.74,40.72,41.29,41.86,41.97999999999999,42.44,44.769999999999996,43.09,44.78,43.91,44.01,44.2,43.99,44.83,16.959999999999997,17.020000000000003,17.969999999999995,19.13999999999999,19.399999999999995,20.44000000000001,20.229999999999997
108,Niger,NER,20.24,20.759999999999998,21.3,22.020000000000003,22.58,23.23,24.24,24.83,25.82,26.459999999999997,27.34,22.560000000000002,23.4,24.270000000000003,25.170000000000005,26.1,27.070000000000004,28.31,29.560000000000002,30.99,32.38999999999999,32.719999999999985,35.19000000000001,37.02,39.260000000000005,41.03999999999999,42.76,44.519999999999996
109,Nigeria,NGA,386.41999999999996,396.61,408.78,408.67,407.33,401.92,413.85,404.53,396.38000000000005,387.45,384.78,350.31,354.15,361.83,364.4,382.11,401.65,399.67,403.3,383.38,406.25,437.19,441.76000000000005,456.15999999999997,465.5799999999999,461.72,475.77000000000004,483.18
110,Norway,NOR,30.6,28.03,28.58,30.43,31.97,31.3,32.17,33.78,35.36,37.31,31.92,25.589999999999996,25.07,27.02,27.52,26.270000000000003,25.260000000000005,25.869999999999997,24.46,23.789999999999996,28.139999999999993,27.150000000000006,26.01,25.090000000000003,25.359999999999992,25.62999999999999,25.019999999999992,23.879999999999992
111,Pakistan,PAK,180.09,181.05,190.25,200.06,206.73,217.2,224.23,231.15,234.96,247.53,249.64,251.77,258.2,266.02,282.97,291.27,312.11,328.89,331.84,342.23,336.47,351.78,355.6,366.02,379.65000000000003,394.39000000000004,417.9599999999999,443.27
112,Panama,PAN,16.85,17.35,18.03,18.3,18.590000000000003,18.82,18.59,18.5,19.55,18.66,18.8,20.62,20.15,20.69,20.429999999999996,21.9,21.88,21.84,21.860000000000003,23.529999999999998,24.08,25.15999999999999,26.080000000000002,26.399999999999995,26.86,26.739999999999995,26.659999999999997,26.28000000000001
113,Papua New Guinea,PNG,63.14999999999999,64.15,65.19,66.26,67.13,68.24,54.440000000000005,171.05,56.8,56.550000000000004,56.39,53.309999999999995,76.11,64.69,104.06000000000003,61.35,73.28,57.60999999999999,63.38,58.76,67.19000000000001,58.300000000000004,60.25,63.32,74.46,135.47999999999996,65.30999999999999,65.56
114,Paraguay,PRY,107.63000000000001,104.62999999999998,104.0,104.21,104.2,106.20999999999998,102.32999999999998,103.53,103.74999999999999,106.94,102.37,109.92999999999999,112.43000000000002,112.26,109.45000000000002,111.35,166.3,170.4,166.91,169.08000000000004,172.01,187.77999999999994,189.46,193.59,193.01,193.59,194.87,196.32000000000002
115,Peru,PER,88.47,87.24,88.1,89.27000000000001,91.80000000000001,96.58000000000001,99.28999999999999,101.23,101.51,105.37,105.93,103.97,106.07999999999998,106.37999999999998,110.37000000000003,115.49999999999999,137.62,144.16,146.27,149.96,156.24,159.06,159.98,161.44,164.31,166.4,169.48000000000002,167.46
116,Philippines,PHL,93.39,93.44999999999999,95.59,101.09999999999998,108.87,121.05999999999999,129.78,138.4,132.26,137.86,139.77,153.25,155.12,158.19,161.94000000000003,163.38,174.38,180.05,183.12,185.21,191.4,103.12,108.25999999999998,119.66,127.66,136.83999999999997,149.76,166.19999999999996
117,Poland,POL,426.59,422.37,411.5799999999999,411.07,406.39,405.94999999999993,420.68999999999994,410.45000000000005,380.72,369.99,356.56,345.75,338.07,350.16,354.06,355.7,286.64,286.63,280.38,264.52,282.51,360.52,353.55,348.13,335.01,338.92999999999995,349.85,363.2699999999999
118,Portugal,PRT,57.96,59.67,63.69,62.60999999999999,64.52,68.29,66.59,68.87999999999998,74.04,80.8,80.29,83.9,88.77,84.39,85.65,89.69,77.77,76.3,74.02,73.24,68.14,68.79999999999998,67.16,65.57,64.96,69.15999999999998,68.45,72.87
119,Qatar,QAT,14.08,16.24,16.42,17.34,18.23,19.1,20.05,21.69,23.129999999999995,25.370000000000005,24.23,26.17,30.499999999999996,32.03,35.56,44.85,49.05,56.379999999999995,60.660000000000004,63.42,69.34,73.71999999999998,81.41999999999999,83.26,89.53,93.05,94.97999999999999,97.64999999999999
120,Republic of Congo,COG,38.08,40.3,40.22,40.18,39.95,40.14,20.15,20.97,20.69,20.59,19.77,26.55999999999999,22.98,35.75,40.15,51.290000000000006,47.74,43.35,37.87,35.61,43.15,51.94,49.25,50.980000000000004,32.24,47.10000000000001,48.990000000000016,48.38999999999999
121,Romania,ROU,246.57,204.11,182.67000000000002,171.22,167.76,173.31,176.29,163.59,146.11,130.47,135.11,140.39,138.07,143.6,140.2,138.79,135.92,133.83,130.33,113.4,110.25,-42.86,-44.81,-56.81,-57.81,-56.06,-58.56,-55.82000000000001
122,Russia,RUS,3559.43,3463.05,3223.1199999999994,2965.7999999999997,2682.65,2602.13,2508.31,2317.88,2370.68,2352.93,2418.98,2329.95,2381.2,2552.06,2443.69,2492.3,2379.41,2352.03,2616.58,2281.05,2401.69,2478.24,2598.33,2468.51,2479.35,2356.08,2434.46,2460.27
123,Rwanda,RWA,13.41,13.39,13.320000000000002,13.24,13.110000000000001,12.869999999999997,12.370000000000001,12.61,12.750000000000002,12.84,12.730000000000002,-5.74,-5.71,-3.79,-5.12,-4.55,4.049999999999999,3.1799999999999997,4.730000000000001,3.9200000000000004,4.4399999999999995,5.409999999999992,5.279999999999997,6.42000000000001,5.2399999999999975,7.760000000000002,7.58,7.640000000000003
124,Saint Kitts and Nevis,KNA,0.16000000000000028,0.16000000000000017,0.20000000000000004,0.19000000000000006,0.19999999999999987,0.20999999999999977,0.2100000000000002,0.21999999999999992,0.23999999999999996,0.2399999999999998,0.25000000000000017,0.2799999999999994,0.30000000000000066,0.29999999999999966,0.30999999999999994,0.3000000000000002,0.44000000000000034,0.4500000000000008,0.45999999999999985,0.9200000000000003,0.4600000000000006,0.3800000000000018,0.46000000000000213,0.3399999999999984,0.33999999999999897,0.34999999999999876,0.36000000000000243,0.35999999999999843
125,Saint Vincent and the Grenadines,VCT,0.050000000000000086,0.05999999999999976,0.09000000000000029,0.1,0.11000000000000015,0.12999999999999975,0.12999999999999998,0.12999999999999992,0.16999999999999998,0.16999999999999993,0.1500000000000001,0.2399999999999997,0.25999999999999956,0.26000000000000034,0.27999999999999975,0.27999999999999975,0.5100000000000007,0.5599999999999993,0.4799999999999992,1.2500000000000007,0.5100000000000007,0.32999999999999907,0.4999999999999973,0.30999999999999855,0.3899999999999979,0.32000000000000434,0.3700000000000022,0.3700000000000004
126,Samoa,WSM,-1.7000000000000002,-1.7,-1.7,-1.6900000000000002,-1.6500000000000001,-1.6499999999999997,-1.64,-1.6399999999999997,-1.6300000000000001,-1.62,-1.6,0.3700000000000002,0.3600000000000002,0.36,0.3799999999999997,0.3900000000000002,-0.04000000000000018,-0.039999999999999446,-0.050000000000000225,-0.02999999999999969,-0.01999999999999919,0.5399999999999916,0.5400000000000021,0.5499999999999974,0.5699999999999962,0.619999999999999,0.659999999999996,0.6699999999999974
127,Sao Tome and Principe,STP,0.09000000000000015,0.08999999999999994,0.09000000000000029,0.09000000000000007,0.10000000000000026,0.09999999999999984,0.09999999999999985,0.10000000000000005,0.10999999999999999,0.10000000000000003,0.10000000000000007,0.0999999999999993,0.10999999999999992,0.11000000000000017,0.12000000000000009,0.12000000000000022,0.42000000000000026,0.4199999999999995,0.4199999999999993,0.42999999999999944,0.4399999999999992,0.15000000000000815,0.16999999999999868,0.1699999999999992,0.17000000000000454,0.17000000000000198,0.17999999999999616,0.189999999999996
128,Saudi Arabia,SAU,190.63,212.83,227.52,235.98,250.08999999999997,255.07,269.71,253.57,271.9,278.67,291.54,297.9,318.23,331.53,349.92,366.47,389.49,412.57,450.11,470.77000000000004,514.56,534.21,568.1000000000001,585.81,629.39,660.4200000000001,664.23,656.3100000000001
129,Senegal,SEN,21.150000000000002,21.539999999999996,22.090000000000003,22.43,22.860000000000003,23.220000000000002,24.64,25.200000000000003,26.46,28.719999999999995,28.76,28.15,27.47,25.64,27.690000000000005,28.66,29.08,28.42,30.08,29.760000000000005,31.35,30.960000000000004,30.060000000000002,31.319999999999993,32.25000000000001,32.77000000000001,34.92,34.980000000000004
130,Serbia,SRB,77.36999999999999,67.06,61.78999999999999,56.03,52.35,58.92,66.39,71.22999999999999,70.95,53.61,55.6,57.65,60.93,63.95,69.34,62.5,4.849999999999999,4.7,3.2099999999999995,-0.07999999999999917,-0.6899999999999997,67.17000000000002,62.33999999999999,63.02,55.24999999999999,61.65999999999999,62.920000000000016,63.25
131,Seychelles,SYC,0.21999999999999975,0.24000000000000027,0.24000000000000016,0.26000000000000023,0.2799999999999997,0.28,0.31999999999999984,0.4300000000000001,0.5199999999999999,0.6099999999999998,0.6700000000000004,0.7300000000000005,0.6300000000000003,0.6499999999999998,0.8500000000000001,0.7900000000000001,0.8400000000000005,0.7500000000000001,0.8099999999999996,0.6199999999999994,0.5600000000000007,0.5200000000000095,0.5699999999999984,0.5399999999999975,0.5999999999999976,0.6500000000000035,0.6899999999999954,0.7400000000000008
132,Sierra Leone,SLE,10.889999999999999,10.87,10.99,11.08,11.06,10.73,8.91,8.9,9.02,8.69,8.87,9.35,9.6,11.870000000000001,13.06,11.11,15.110000000000001,12.430000000000001,11.13,12.959999999999999,11.21,11.8,14.039999999999996,13.03,14.800000000000004,15.999999999999995,13.559999999999993,13.220000000000004
133,Singapore,SGP,31.59,34.78,37.37,44.25999999999999,47.82999999999999,49.18,50.62,50.73,49.69,50.63999999999999,55.28,55.05,54.17000000000001,51.08,52.51,49.8,50.28000000000001,51.53999999999999,51.85,52.43,56.27000000000001,59.28,58.790000000000006,59.7,60.88000000000001,62.70999999999999,64.11,66.15
134,Slovakia,SVK,57.059999999999995,49.02,46.48,43.8,41.09,41.68,41.72,41.53,40.34,38.88,36.29,37.61999999999999,37.06,37.35,36.7,37.58,39.9,38.92,38.8,35.150000000000006,36.739999999999995,36.56000000000001,34.25000000000001,34.9,32.24,32.66000000000001,33.48,35.379999999999995
135,Slovenia,SVN,11.01,9.979999999999999,9.71,10.42,10.499999999999998,11.370000000000001,12.19,12.67,12.4,11.67,11.37,8.749999999999998,8.819999999999999,8.800000000000002,9.01,9.210000000000003,12.08,12.010000000000002,12.999999999999998,11.01,11.300000000000002,12.880000000000003,12.26,11.620000000000006,10.070000000000011,10.150000000000004,10.98000000000001,11.159999999999991
136,Solomon Islands,SLB,2.09,2.1,2.11,2.13,2.15,2.16,2.18,2.19,2.21,2.2199999999999998,2.24,2.26,2.279999999999999,2.3,2.3400000000000003,2.3799999999999994,2.319999999999999,2.330000000000001,2.33,2.349999999999999,2.3600000000000003,2.7599999999999993,2.779999999999991,2.8299999999999965,2.8000000000000025,2.7800000000000007,2.86,2.8799999999999977
137,South Africa,ZAF,316.32,312.26,309.22,317.66,323.61,334.13,342.81,356.22,364.1,342.78,345.97,381.36,397.74,418.84,446.30000000000007,447.96000000000004,448.9,469.18,501.12,481.38000000000005,504.03,487.84,506.7800000000001,515.8999999999999,529.26,505.04999999999995,503.05,515.8
138,South Korea,KOR,252.23999999999998,277.58,302.14,333.0,360.61,392.97999999999996,420.9,446.73999999999995,381.93,419.79,477.35,485.28,478.11999999999995,486.03,510.13,505.54999999999995,508.67999999999995,517.5,531.57,545.24,598.01,631.29,636.1300000000001,635.4999999999999,624.8,646.2900000000001,657.41,670.8100000000001
139,Spain,ESP,228.79999999999998,234.98,244.81,230.01999999999998,242.95999999999998,256.87,250.17,271.75,281.34,305.93,323.41,321.25,337.93,347.31,363.3,378.36,385.94,401.62,368.38,331.69,316.43,316.29,309.75,283.43,281.94,292.59,282.81,299.35
140,Sri Lanka,LKA,28.15,28.1,29.95,30.4,31.31,31.47,31.16,29.030000000000005,26.44,25.73,24.83,25.889999999999997,26.909999999999997,28.150000000000002,28.33,30.340000000000003,26.21,27.179999999999996,27.47,26.609999999999996,27.869999999999997,31.37999999999999,32.85999999999999,30.58,33.46,36.5,37.47,38.739999999999995
141,Sudan,SDN,109.25000000000001,110.09000000000002,113.56000000000002,115.36,119.70999999999998,120.63999999999999,110.48,115.6,121.95,122.43000000000002,125.75000000000001,150.74,178.48,152.71,173.10000000000002,167.27,142.42,147.02,150.99,185.1,155.22,172.46999999999994,143.02,142.65999999999997,143.78999999999996,147.40000000000003,151.83,153.25
142,Suriname,SUR,6.94,7.3,7.4,7.3500000000000005,7.38,7.43,6.37,6.51,7.02,6.160000000000001,5.290000000000001,5.43,6.490000000000002,9.97,8.579999999999998,6.08,6.409999999999999,5.610000000000001,6.8900000000000015,7.719999999999998,6.959999999999999,7.320000000000002,7.819999999999998,8.070000000000002,8.480000000000008,9.899999999999993,7.679999999999998,7.509999999999998
143,Sweden,SWE,48.010000000000005,48.66,51.21,51.17000000000001,52.99,52.53,58.08,51.819999999999986,52.629999999999995,51.26,46.95,14.699999999999998,16.04,17.03,15.61,12.060000000000002,57.59000000000001,55.379999999999995,54.230000000000004,50.36,55.940000000000005,52.01,49.15999999999998,47.47,46.43999999999999,46.04,45.480000000000004,44.660000000000004
144,Switzerland,CHE,50.819999999999986,53.019999999999996,52.940000000000005,50.470000000000006,49.6,50.53,51.120000000000005,49.66999999999999,51.21,51.330000000000005,50.53,52.46000000000001,50.78000000000001,51.98,52.42,53.11,50.98,49.05,50.64,49.17000000000001,50.73,48.490000000000016,49.71999999999999,50.74,46.95,46.169999999999995,46.66,45.669999999999995
145,Syria,SYR,56.98,61.35,62.5,62.99,66.4,70.55,73.78,74.22999999999999,77.49,76.47,76.48,76.98,77.59,77.94,80.26,91.39,94.67,98.36,99.45,94.23,93.77,88.36,74.75,55.09,47.9,43.359999999999985,43.89999999999999,46.46000000000001
146,Tajikistan,TJK,17.88,17.01,14.000000000000002,11.16,8.69,8.1,7.469999999999999,7.71,7.64,7.17,6.82,6.760000000000001,6.710000000000002,6.950000000000002,7.66,7.780000000000002,8.32,9.01,9.359999999999998,9.0,9.03,9.339999999999998,10.129999999999997,10.53999999999999,11.989999999999998,12.55,13.929999999999996,14.539999999999996
147,Tanzania,TZA,289.78,289.98,290.0,290.45,290.54,294.59,296.82,281.96,299.73,294.65,269.19,310.18,297.08,320.69,323.55,339.9,309.19,320.64,324.7,315.62,316.84,312.03,309.5799999999999,309.94,312.99,326.73,319.7799999999999,321.06
148,Thailand,THA,174.5,186.5,198.4,214.5,229.31,248.5,267.83,275.06,256.84,266.64,267.94,272.25,284.79,297.25,323.24,327.5,324.71,341.31,343.68,343.2700000000001,363.49,377.24,400.8500000000001,411.74999999999994,409.18,410.5400000000001,418.07,431.89000000000004
149,Timor-Leste,TLS,4.029999999999999,4.11,4.11,4.14,4.23,4.25,4.260000000000001,4.27,4.29,4.18,4.250000000000001,8.49,9.55,10.39,11.179999999999998,12.160000000000002,13.2,13.490000000000002,13.86,14.180000000000001,14.479999999999997,13.049999999999994,13.040000000000001,12.999999999999998,12.979999999999995,13.000000000000009,12.87,12.490000000000006
150,Togo,TGO,10.88,10.699999999999998,10.39,10.29,10.58,10.61,11.13,10.91,11.879999999999999,12.35,11.94,11.689999999999998,12.19,12.67,12.47,13.439999999999998,12.649999999999999,12.490000000000002,12.71,14.27,14.0,14.590000000000002,14.070000000000002,13.889999999999995,13.609999999999992,14.409999999999998,14.860000000000007,14.729999999999992
151,Tonga,TON,0.2499999999999998,0.25999999999999995,0.25000000000000017,0.26000000000000023,0.2699999999999998,0.25999999999999984,0.23999999999999996,0.2500000000000001,0.23999999999999996,0.26,0.23999999999999988,0.2299999999999998,0.23999999999999969,0.29000000000000054,0.2699999999999997,0.27999999999999975,-0.20999999999999933,-0.23000000000000034,-0.22999999999999993,-0.19999999999999987,-0.2199999999999996,0.2599999999999953,0.2699999999999962,0.2799999999999987,0.27000000000000246,0.2700000000000002,0.3100000000000035,0.3400000000000048
152,Trinidad and Tobago,TTO,15.44,14.36,13.31,13.85,14.410000000000004,14.59,14.850000000000001,15.39,15.8,16.0,16.27,17.2,17.909999999999997,17.26,18.01,21.78,24.75,24.79,24.040000000000003,23.28,25.91,25.909999999999993,25.120000000000005,26.02,25.490000000000002,25.1,22.349999999999998,22.590000000000007
153,Tunisia,TUN,19.19,20.24,20.98,22.55,22.54,23.220000000000002,24.71,25.41,26.79,28.23,29.810000000000002,30.799999999999997,31.09,31.41,32.29,32.88,33.72,34.47,34.58,35.13,37.76,35.960000000000015,37.01,36.970000000000006,39.4,40.11999999999998,39.25,40.73
154,Turkey,TUR,184.8,187.26,194.75,201.26,196.44,211.02000000000004,228.73,237.85999999999999,239.06,238.96000000000004,262.95,232.36999999999998,242.67,254.55,260.87,273.38,277.77,307.69,306.25,309.77,319.55,332.17,346.19999999999993,337.43,362.28,369.08,396.03,437.8999999999999
155,Uganda,UGA,40.5,41.05,41.38,41.82,41.57,42.34,42.54,43.54,46.0,45.35,45.4,44.029999999999994,47.42999999999999,50.89000000000001,51.669999999999995,54.9,57.040000000000006,57.94,66.31,67.74999999999999,69.9,71.59,73.80000000000001,75.09,76.67,79.22,81.13,82.13999999999999
156,Ukraine,UKR,874.8,829.21,739.35,650.28,554.99,524.41,460.0899999999999,435.61,407.75,404.08,385.49,408.78,417.07000000000005,443.02,407.79,388.56,396.22,405.51,392.02,332.08,348.29,386.55999999999995,377.2200000000001,360.98999999999995,331.86999999999995,282.18999999999994,283.6499999999999,257.61
157,United Arab Emirates,ARE,68.52,75.06,73.63,76.57,83.17,89.59,94.89999999999999,102.66999999999999,107.19999999999999,111.5,112.15000000000002,127.32,131.54,139.26,147.97,156.65,162.74,174.06,199.68,201.86,208.37,214.41999999999996,226.35,237.42000000000002,239.81,252.64,259.43,269.6
158,United Kingdom,GBR,758.02,771.74,748.79,731.6399999999999,721.61,711.79,732.9,710.09,706.01,679.28,679.49,687.32,668.24,677.13,670.79,664.45,661.66,645.66,624.23,568.83,581.81,538.09,559.8000000000001,541.18,500.95,485.07000000000005,462.80999999999995,449.0799999999999
159,United States,USA,5669.57,5627.93,5709.22,5819.3,5906.34,5970.68,6069.33,6302.62,6345.71,6365.58,6495.09,6439.579999999999,6321.63,6353.21,6500.25,6477.62,6388.91,6601.15,6267.37,5865.85,6111.83,6235.82,5936.1,6056.33,6097.709999999999,5973.160000000001,5833.01,5766.92
160,Uruguay,URY,3.2500000000000004,4.869999999999999,6.48,7.020000000000001,6.909999999999999,7.110000000000001,8.39,8.06,7.64,8.65,6.76,18.03,18.36,19.270000000000003,21.21,21.52,18.050000000000004,17.01,19.640000000000004,19.17,16.64,27.160000000000007,27.820000000000004,26.939999999999994,26.340000000000003,26.159999999999993,26.52,25.540000000000006
161,Uzbekistan,UZB,196.29,199.02,188.83,220.73,198.17000000000002,189.41999999999996,191.87999999999997,186.36,197.34,204.19000000000003,223.94999999999996,227.97,231.79,226.77999999999997,229.27,226.32000000000002,250.41,248.41,257.90000000000003,231.69,237.07,225.94,213.95,216.53,209.67000000000002,206.45,213.32999999999998,218.55
162,Vanuatu,VUT,0.4700000000000002,0.4799999999999999,0.4999999999999998,0.5299999999999998,0.5400000000000003,0.5400000000000001,0.5699999999999996,0.5699999999999997,0.5700000000000003,0.5799999999999996,0.5600000000000003,0.5600000000000003,0.5499999999999996,0.5800000000000003,0.5600000000000003,0.58,0.5799999999999993,0.6999999999999991,0.6999999999999995,0.7000000000000005,0.709999999999999,0.7500000000000031,0.7499999999999959,0.7499999999999964,0.8099999999999973,0.8100000000000006,0.8400000000000023,0.8399999999999997
163,Venezuela,VEN,303.14,304.92,308.93,315.26,318.02,326.54,331.0,337.59,339.2,332.3,341.31,373.7,352.91,368.9,350.27,369.61,254.28999999999996,263.92,265.49,261.47,291.82,323.3,343.48999999999995,373.6099999999999,359.46,352.14,352.0799999999999,338.14
164,Vietnam,VNM,25.63,28.49,31.0,37.69,43.31000000000001,49.46,56.03000000000001,63.79999999999998,75.0,78.24,86.24,118.02,135.41,141.61,159.76000000000002,169.64,184.78,200.5,209.45,231.71,251.16,235.76,237.24,249.25,263.12,306.26,320.67,319.53999999999996
165,Zambia,ZMB,485.42999999999995,484.9599999999999,484.28,483.0,481.44000000000005,478.95,444.46,405.5400000000001,411.87,371.45,412.78,402.1,453.14,474.67,488.42,565.61,482.2799999999999,452.65,471.05,412.65000000000003,460.49000000000007,432.46,455.2099999999999,468.3199999999999,440.83,473.3,495.1700000000001,495.99
166,Zimbabwe,ZWE,71.09999999999998,71.4,72.21,68.67,68.41,68.26,69.62,68.79,70.11,72.41,69.58,71.41,67.5,64.7,64.84,65.03,63.91,64.46,62.83,63.72999999999999,66.75,67.43,67.68000000000002,67.64,66.25,67.59,66.15999999999998,66.53
