,Country,Code,1990,1991,1992,1993,1994,1995,1996,1997,1998,1999,2000,2001,2002,2003,2004,2005,2006,2007,2008,2009,2010,2011,2012,2013,2014,2015,2016,2017,2018,2019,2020
0,Albania,ALB,15.5809,11.2179,10.410299999999998,11.4097,12.3567,14.0002,15.274400000000002,13.619,14.8459,16.8503,17.9666,19.3931,20.2137,21.374,22.5866,23.8874,25.1848,26.672,28.6821,29.6441,30.743,31.5255,31.9724,32.2928,32.8658,33.595,34.7086,36.0283,37.4951,38.3101,37.0416
1,Algeria,DZA,231.43400000000003,228.657,232.773,227.885,225.834,234.415,244.026,246.711,259.293,267.59,277.759,286.092,302.113,323.865,337.791,357.721,363.802,376.171,385.199,391.363,405.452,417.21,431.3949999999999,443.474,460.326,477.358,492.633,499.038,506.024,510.072,474.136
2,Angola,AGO,62.5656,63.1859,59.4969,45.227500000000006,45.83330000000001,52.7082,59.8472,64.2007,67.2124,68.6787,70.7766,73.7534,83.8323,86.3388,95.7954,110.192,122.917,140.138,155.786,157.123,164.043,169.739,184.238,193.366,202.691,204.604,199.325,199.03199999999998,195.044,193.82600000000002,185.994
3,Antigua and Barbuda,ATG,1.1650700000000003,1.19043,1.20422,1.2678099999999999,1.3524499999999997,1.2934900000000003,1.3789199999999997,1.45437,1.52318,1.57965,1.67764,1.60134,1.6178,1.7161,1.81507,1.93258,2.17817,2.38108,2.38073,2.09593,1.9316,1.89377,1.95764,1.9458799999999998,2.01974,2.097,2.21229,2.28188,2.45049,2.53282,2.01928
4,Argentina,ARG,405.4487,448.3389,491.409,514.864,544.914,529.409,558.667,603.981,627.236,606.002,601.221,574.714,512.102,557.356,583.43,635.073,686.179,747.987,778.335,732.269,806.414,854.831,846.057,866.407,844.638,867.7070000000001,849.6549999999999,873.602,850.7360000000001,833.501,751.024
5,Armenia,ARM,7.314771073457264,7.345457230103595,8.17452,7.45428,7.85138,8.39244,8.88759,9.18275,9.85678,10.1776,10.7777,11.8077,13.5848,15.4922,17.1139,19.4868,22.0587,25.0916,26.8349,23.0378,23.5481,24.6432,26.409,27.2805,28.2626,29.167,29.2253,31.417199999999998,33.0509,35.5628,32.86
6,Australia,AUS,514.698,509.546,522.596,542.978,569.582,585.746,610.121,637.988,668.034,697.808,718.91,737.698,768.213,789.57,822.123,847.007,869.924,908.434,932.676,950.189,972.623,1000.309,1038.276,1060.429,1087.701,1112.991,1143.365,1171.02,1204.367,1227.39,1198.533
7,Austria,AUT,268.6745,277.5955,283.0232,285.31,292.2751,302.0085,308.9685,315.8081,326.7297,337.7718,350.2023,354.5009,360.6357,364.2002,373.2541,382.3003,395.9394,410.583,416.721,401.0261,407.943,420.655,423.77700000000004,423.633,427.075,431.08,439.639,450.015,461.034,467.803,435.865
8,Azerbaijan,AZE,32.1440092794271,32.14767058669503,42.8995,32.9895,26.5055,23.3778,23.6817,25.0553,27.560800000000004,29.6003,32.8859,36.1416,39.5151,43.5319,47.5681,60.6273,81.5664,102.288,113.041,123.386,129.582,127.875,130.732,138.304,142.249,144.146,139.781,140.02,142.091,145.705,140.133
9,Bahrain,BHR,18.141,20.152200000000004,21.5232,24.3172,24.2533,25.1588,26.189099999999996,27.0232,28.33,29.534199999999995,31.1057,31.8805,32.948,35.0226,37.4675,40.0037,42.5907,46.1231,49.0021,50.247,52.4261,53.466,55.4593,58.4634,61.0068,62.523,64.7476,67.5264,68.9688,70.4285,66.8741
10,Bangladesh,BGD,162.147,167.559,176.005,184.047,191.575,201.006,210.301,219.743,231.119,241.913,254.71800000000002,267.651,277.91,291.082,306.334,326.355,348.13,372.702,395.116,415.05,438.176,466.501,496.9239999999999,526.807,558.737,595.349,637.699,684.152,737.951,798.113,839.936
11,Barbados,BRB,3.65984,3.51663,3.2709999999999995,3.31097,3.4362799999999996,3.5058000000000002,3.6448500000000004,3.817629999999999,3.96042,3.97333,4.15026,4.05201,4.08407,4.17274,4.23144,4.39922,4.64859,4.75095,4.7841,4.54127,4.4374,4.40752,4.3877,4.32577,4.3203,4.426,4.536,4.55766,4.53109,4.52673,3.76844
12,Belarus,BLR,25.0682940956735,25.07965681268663,8.99849,8.34777,64.9134,58.15460000000001,59.7837,66.5986,72.1936,74.6485,78.9782,82.71,86.883,93.0023,103.651,113.436,124.778,135.568,149.461,149.705,161.335,170.626,173.569,175.241,178.006,171.20400000000004,166.865,170.95,176.402,178.892,177.174
13,Belgium,BEL,328.23599999999993,334.1465,338.59580000000005,336.2506000000001,347.31890000000004,357.8923,362.6059,376.363,383.7498,397.3438,412.142,416.646,423.754,428.153,443.44,453.757,465.343,482.431,484.577,474.8,488.399,496.675,500.347,502.644,510.581,521.003,527.601,536.157,545.742,555.483,520.578
14,Belize,BLZ,0.895888,0.9989860000000002,1.1193000000000002,1.18943,1.1921299999999997,1.19995,1.2169499999999998,1.26052,1.30747,1.41914,1.59118,1.68285,1.76245,1.9269600000000002,2.01921,2.05843,2.15773,2.16875,2.24448,2.22226,2.31693,2.36146,2.41846,2.44995,2.54886,2.6160000000000005,2.61513,2.66256,2.74003,2.78824,2.39858
15,Benin,BEN,10.6119,11.0603,11.3874,12.052,12.2955,13.0388,13.6026,14.3827,14.952400000000003,15.7511,16.6737,17.563,18.3784,19.0113,19.8534,20.1935,20.9899,22.2465,23.3358,23.877,24.3818,25.1044,26.3122,28.2044,29.9976,30.531,31.5506,33.34,35.5729,38.0152,38.6186
16,Bhutan,BTN,1.32677,1.32136,1.38216,1.40961,1.47941,1.58406,1.67222,1.76208,1.86629,2.0153,2.15502,2.33494,2.5916,2.79435,2.96225,3.17812,3.40058,4.02496,4.21813,4.50279,5.04068,5.44306,5.72166,5.84296,6.18048,6.591000000000001,7.12665,7.45817,7.686029999999999,8.10603,8.05907
17,Bolivia,BOL,28.1372,29.619,30.1067,31.391999999999996,32.8572,34.3944,35.8944,37.6727,39.5674,39.7363,40.7328,41.4187,42.4481,43.5991,45.4186,47.4267,49.7018,51.9704,55.1658,57.0177,59.3707,62.4604,65.6597,70.122,73.9511,77.54300000000002,80.8493,84.2411,87.7992,89.7455,82.5937
18,Bosnia and Herzegovina,BIH,6.755449530303627,6.786744468433001,7.086320000000001,6.93175,7.70339,9.30569,14.3493,19.6071,22.865,25.1515,26.5349,27.454,28.7626,30.097900000000003,31.585900000000002,32.8077,35.4638,37.9156,39.4234,38.0795,37.7564,38.458,38.4486,39.142900000000004,39.5725,41.195,42.7338,44.36260000000001,45.8209,47.0832,44.9411
19,Botswana,BWA,11.72083,12.59506,12.96246,13.21085,13.26243,14.11466,14.884489999999998,16.01922,16.08572,17.62589,17.86564,17.86753,18.98207,20.43362,20.98727,21.95139,23.80554,25.76856,27.36544,25.26183,27.42,29.07527,30.37192,33.82078,34.94462,32.94069,35.26213,36.67702,38.13724,39.28335,35.96954
20,Brazil,BRA,1532.761,1548.759,1540.1590000000003,1615.781,1710.1179999999997,1782.4889999999998,1816.554,1884.114,1890.7380000000003,1899.726,1981.0259999999998,2011.055,2071.791,2095.893,2209.525,2289.696,2380.382,2522.091,2642.523,2646.733,2846.751,2963.508,3011.121,3107.741,3124.018,3013.564,2907.991,2955.175,3004.5630000000006,3046.8509999999997,2913.882
21,Bulgaria,BGR,80.6617,73.8621,68.5372,67.5733,68.82391,85.4989,91.2229,78.02941,81.475,74.7656,78.0257,81.05241,85.7724,90.208,96.1133,102.8824,109.8283,117.369,124.3607,120.0202,120.6291,123.639,123.92189999999998,124.1796,126.6962,131.6939,136.7383,141.5249,146.0906,151.3371,145.5401
22,Burkina Faso,BFA,8.06562,8.79749,8.81754,9.12332,9.24291,9.77141,10.8477,11.5329,12.375699999999998,13.148300000000003,13.3966,14.282599999999999,14.9043,16.0672,16.7868,18.2409,19.3815,20.1783,21.3487,21.981,23.8376,25.4163,27.0563,28.6235,29.862,31.033,32.8819,34.9218,37.2724,39.3968,39.1561
23,Burundi,BDI,5.79335,6.151020000000001,6.23973,5.81431,5.62345,5.17107,4.7474,4.76272,4.99693,5.05205,5.14591,5.22011,5.35272,5.48038,5.68333,5.93414,6.25701,6.47584,6.78651,7.04637,7.407,7.70315,8.04524,8.52903,8.89456,8.551,8.49979,8.54422,8.68695,8.84175,8.8683
24,Cabo Verde,CPV,0.913522,0.926372,0.9545660000000001,1.02438,1.09534,1.17738,1.25623,1.35219,1.46595,1.63984,1.75899,1.8669400000000003,1.96556,2.05762,2.14568,2.2856,2.5174,2.73514,2.91703,2.87997,2.92221,3.03819,3.07106,3.095720000000001,3.11464,3.146,3.2940399999999994,3.41599,3.57077,3.77316,3.2166000000000006
25,Cambodia,KHM,14.0312,15.0957,16.157,16.8181,10.9638,12.0498,12.760300000000003,13.2715,13.8927,15.6575,17.3354,18.6256,19.851,21.5399,23.7669,26.916,29.8156,32.8608,35.0596,35.089,37.1814,39.8108,42.7006,45.895,49.1407,52.59799999999999,56.2179,60.14119999999999,64.6331,69.1922,67.0504
26,Cameroon,CMR,35.7912,34.4281,33.3608,30.7146,31.367,32.4553,33.8707,35.6426,37.2473,38.846,40.227,41.9835,43.7627,45.761,48.8643,49.8513,51.5752,54.1039,55.9916,57.2225,59.1807,61.6246,64.424,67.906,71.9015,75.965,79.3422,82.3175,85.6088,88.9149,89.4368
27,Canada,CAN,899.607,880.839,888.77,912.419,953.4259999999999,979.112,994.965,1037.55,1077.975,1133.63,1192.326,1213.666,1250.297,1272.819,1312.113,1354.155,1389.827,1418.622,1432.869,1390.944,1433.923,1479.036,1505.08,1540.137,1584.338,1594.783,1610.753,1659.717,1700.04,1731.686,1639.6820000000002
28,Central African Republic,CAF,3.39193,3.43195,3.38628,3.37448,3.54916,3.7320499999999996,3.4503400000000006,3.66153,3.82823,4.05555,4.1335,4.15956,4.13418,3.8426499999999995,3.94903,4.04308,4.23529,4.40602,4.52115,4.64829,4.86354,5.06755,5.32365,3.3862700000000006,3.3890099999999994,3.536,3.70397,3.87166,4.01837,4.13773,4.12511
29,Chad,TCD,6.10792,6.74326,6.90456,6.76136,7.13283,7.077549999999999,7.22724,7.6358,8.16664,8.11086,8.03948,8.97673,9.73894,11.1727,14.930000000000001,16.1708,16.2756,16.8081,17.323,18.04,20.493,20.5176,22.3246,23.609,25.2363,25.683,24.2555,23.6783,24.223600000000005,24.9406,24.7194
30,Chile,CHL,117.7003,126.9165,142.2014,152.0369,160.6783,177.9229,189.36629999999997,203.2908,212.3567,211.25970000000004,222.5512,229.9186,237.05160000000004,246.78039999999996,264.5005,279.8254,297.5127,312.1349,323.1313,318.159,336.8215,357.0978,376.4778,391.8617,398.6174,407.618,414.22900000000004,420.055,435.871,439.698,413.36560000000003
31,China,CHN,1662.529,1817.143,2076.555,2364.878,2673.051,2966.334,3260.751,3562.32,3842.187,4137.41,4487.904,4861.4,5304.5,5836.38,6426.61,7158.53,8068.159999999999,9217.35,10101.83,11055.25,12228.84,13396.95,14448.45,15571.31,16722.22,17895.86,19121.76,20444.71,21822.110000000004,23128.31,23663.410000000003
32,Colombia,COL,259.78,266.865,278.105,293.98,306.738,322.696,329.33,340.628,342.568,328.167,338.492,344.172,352.79,366.613,386.164,403.337,430.428,459.431,474.517,479.924,501.496,536.34,557.325,585.938,612.298,630.399,643.558,652.305,669.032,690.984,644.026
33,Comoros,COM,1.1538900000000003,1.09163,1.1847600000000003,1.22038,1.1559799999999998,1.19771,1.18224,1.22989,1.24566,1.26963,1.40736,1.44019,1.4736800000000003,1.50468,1.53357,1.57708,1.61883,1.63178,1.69705,1.7513599999999998,1.81791,1.8924399999999997,1.953,2.04088,2.08374,2.107,2.17697,2.26003,2.33757,2.3840000000000003,2.38895
34,Congo-Brazzaville,COG,10.1739,10.4176,10.6897,10.585,10.0035,10.4022,11.0671,10.7974,11.1859,10.8949,11.72,12.1665,12.724,12.8268,13.2848,14.3006,16.1664,15.0972,16.0493,17.917,19.6964,20.1308,22.1333,21.975599999999996,23.2843,22.531,20.235000000000003,19.2975,18.1003,17.937,16.1482
35,Congo-Kinshasa,COD,53.53660000000001,49.0282,43.8803,37.97,36.4892,36.7446,36.3686,34.3258,33.7683,32.3263,30.092299999999998,29.460300000000004,30.328700000000005,32.0204,34.1781,36.2749,38.2051,40.5966,43.1241,44.3553,47.5081,50.7741,54.3724,58.9842,64.5702,69.036,70.6924,73.3271,77.5956,80.9978,78.7206
36,Costa Rica,CRI,27.4765,28.2913,30.894400000000005,33.0871,34.5823,36.0188,36.5052,38.5043,41.2594,42.9984,44.6619,46.2211,47.8005,49.8641,52.0704,54.141,58.1078,62.8814,65.8609,65.2856,68.7851,71.8138,75.3202,77.1993,79.9338,82.853,86.3364,89.926,91.7751,93.76469999999999,89.9273
37,Croatia,HRV,56.027163343889484,56.00482954667941,61.9542,56.9979,60.3608,64.9675,68.8219,73.1016,74.814,74.1164,76.2342,78.4532,82.8664,87.51711,91.1566,95.0383,99.7788,104.794,106.7393,98.93059,97.65991,97.5114,95.2495,94.83209,94.4954,96.716,100.1602,103.5879,106.5126,109.61589999999998,101.1643
38,Cyprus,CYP,14.830913601280654,14.853418974528154,15.361615030279488,15.790505804795368,16.421158987636193,17.2404,17.4555,17.9165,19.0117,19.9617,21.1526,21.9884,22.807,23.4056,24.5817,25.7748,26.99,28.3655,29.4005,28.8077,29.3879,29.5062,28.4889,26.622,26.1352,26.976,28.7128,30.1933,31.7755,32.7529,31.081300000000002
39,Czech Republic,CZE,191.13174280163267,190.9623573357451,197.67443830516632,203.3416,207.8545,220.2759,229.4429,228.1964,227.4063,230.1756,240.19940000000003,247.4777,251.15450000000004,260.1456,272.2445,290.4298,310.6352,327.8946,336.1202,320.9695,328.2586,334.0397,331.6856,331.5405,339.0393,357.5844,366.3055,385.9897,398.2624,410.036,386.22980000000007
40,Côte d’Ivoire,CIV,56.5244,56.5475,56.40919999999999,56.3007,56.7574,60.8018,65.5013,67.9534,71.304,72.4573,70.9586,71.0447,69.86,68.9102,69.759,70.9597,72.0354,73.3068,75.1709,77.6151,79.181,75.7072,83.8128,91.2632,99.289,108.069,115.827,124.352,132.92,141.203,143.768
41,Denmark,DNK,186.23020000000002,188.66059999999996,192.3527,192.3735,202.6316,208.7664,214.8209,221.8261,226.7465,233.43079999999998,242.1775,244.1707,245.3096,246.26630000000003,252.83739999999997,258.7452,268.8698,271.3145,269.9255,256.6813,261.4838,264.9794,265.5794,268.0582,272.3992,278.7804,287.8294,295.9512,301.8393,308.2221,301.8662
42,Djibouti,DJI,2.7422899999999997,2.62008,2.6348,2.45693,2.42351,2.33915,2.25184,2.22447,2.22701,2.29201,2.30836,2.34975,2.42575,2.5030499999999996,2.57259,2.65263,2.78063,2.92011,3.08964,3.13959,3.26979,3.50825,3.67812,3.86206,4.13478,4.452999999999999,4.74924,5.00585,5.4267199999999995,5.84841,5.87765
43,Dominica,DMA,0.513797,0.520721,0.531289,0.542772,0.542959,0.559416,0.576781,0.589387,0.611632,0.613798,0.628162,0.627761,0.610008,0.648763,0.668554,0.672939,0.704294,0.749038,0.802377,0.792993,0.798327,0.796542,0.788107,0.780226,0.81493,0.793,0.813272,0.757975,0.775394,0.802973,0.646075
44,Dominican Republic,DOM,41.035,41.4227,45.77759999999999,49.0839,50.2145,52.9731,56.7508,61.29319999999999,65.5903,69.9949,73.9542,75.2922,79.6503,79.4485,80.4908,87.9465,97.3314,105.58,108.958,109.988,119.147,122.895,126.24699999999999,132.397,141.74099999999999,151.55999999999997,161.64299999999997,169.192,181.01699999999997,190.149,177.348
45,Ecuador,ECU,78.6997,82.78599999999999,84.0397,84.2895,88.2543,89.7974,91.9543,95.6794,97.7036,91.5488,96.3983,100.269,104.377,107.219,116.023,122.162,127.54200000000002,130.335,138.62,139.406,144.32,155.675,164.459,172.594,179.133,179.31,177.111,181.30599999999998,183.643,183.66499999999996,169.431
46,Egypt,EGY,373.759,377.966,394.871,406.32599999999996,422.47,442.083,464.13700000000006,489.629,516.928,548.22,583.142,603.758,618.189,637.93,664.035,693.729,740.361,789.763,836.959,875.258,922.911,924.769,951.17,976.529,1024.15,1064.24,1105.15,1159.84,1222.68,1291.81,1310.82
47,El Salvador,SLV,25.9973,26.3868,28.2394,29.882000000000005,31.284100000000002,32.7648,33.0322,34.0683,34.9717,35.7285,36.1309,36.4476,37.0225,37.6021,37.9365,38.9643,40.6562,41.4129,42.294,41.4118,42.2835,43.8967,45.1322,46.1412,46.93079999999999,48.056,49.2773,50.3873,51.602799999999995,52.9626,48.7553
48,Equatorial Guinea,GNQ,0.370182,0.366398,0.493705,0.548176,0.639551,0.751384,1.2516599999999998,3.1288,3.87266,4.86654,5.75291,9.39911,11.2284,12.7954,17.6575,20.6149,22.2032,25.5964,30.1523,30.5573,27.8304,29.646,32.1104,30.783200000000004,30.911,28.095,25.618,24.166100000000004,22.659,21.3042,20.2617
49,Estonia,EST,15.689160681045445,15.71073191374994,17.5079,16.5029,16.2319,17.2918,18.1463,20.5146,21.4048,21.3139,23.464,24.8727,26.557,28.575599999999998,30.519699999999997,33.4265,36.6908,39.4717,37.4459,31.9679,32.7496,35.1282,36.262,36.7907,37.8989,38.669,39.8632,42.036199999999994,43.76720000000001,45.5189,44.3074
50,Eswatini,SWZ,4.44834,4.52665,4.67269,4.81783,4.93349,5.17156,5.37025,5.53688,5.68106,5.84871,5.95165,6.01443,6.27787,6.52146,6.75779,7.16318,7.59241,7.92916,7.99431,8.11942,8.42746,8.61684,9.0814,9.43215,9.51828,9.728,9.83508,10.0344,10.258,10.4925,10.2984
51,Ethiopia,ETH,33.5471,31.1257,28.3532,32.1421,33.2627,35.2987,40.0756,41.2139,39.5466,41.5882,44.1138,47.7758,48.4994,47.4513,53.8918,60.261,66.7902,74.4416,82.4728,89.7324,100.994,114.28,124.163,137.303,151.386,167.11900000000003,182.884,200.37600000000003,214.03400000000002,231.935,239.548
52,Fiji,FJI,6.22548,6.05913,6.29586,6.40463,6.73127,6.89955,7.23073,7.071649999999999,7.163579999999999,7.7939799999999995,7.66148,7.81471,8.06478,8.14543,8.57714,8.63718,8.79718,8.718,8.80519,8.68191,8.94237,9.18437,9.31399,9.75494,10.3016,10.782,11.052600000000002,11.6523,12.063199999999998,12.2651,9.60525
53,Finland,FIN,154.99629999999996,145.8734,141.0681,140.1325,145.6829,151.8338,157.4061,167.3003,176.4253,184.1542,194.7558,199.8378,203.2473,207.32,215.5964,221.5865,230.5142,242.7291,244.6365,224.8835,232.0459,237.9589,234.6321,232.5176,231.6669,232.9298,239.4785,247.1269,249.9468,253.3021,246.036
54,France,FRA,1853.785,1871.283,1899.039,1888.364,1932.48,1975.661,2003.091,2049.128,2123.262,2192.881,2282.557,2328.368,2354.454,2374.304,2435.68,2477.575,2542.686,2604.281,2607.256,2534.663,2581.25,2638.989,2648.85,2665.13,2691.106,2719.147,2747.047,2814.131,2865.93,2918.596,2685.453
55,Gabon,GAB,16.3589,17.3589,16.8224,17.4863,18.1356,19.0376,19.7277,20.8598,21.5852,19.6571,19.287,19.6988,19.6497,20.0913,20.2299,20.7713,20.1883,21.4012,20.6932,20.7202,22.1892,23.7628,25.0106,26.4209,27.5609,28.630000000000003,29.2288,29.3669,29.6145,30.7828,30.375200000000003
56,"Gambia, The",GMB,2.17215,2.23469,2.31319,2.38286,2.38654,2.40759,2.50987,2.52041,2.6125200000000004,2.79137,2.9626100000000006,3.1339800000000007,3.14831,3.22082,3.5174300000000005,3.43471,3.41563,3.51958,3.73976,3.9890400000000006,4.22473,3.88124,4.08467,4.20202,4.142879999999999,4.311,4.39478,4.60672,4.96045,5.2609,5.26173
57,Georgia,GEO,14.08821070139481,14.111524453612128,19.1548,13.6461,12.1345,12.4502,13.8436,15.2994,15.774799999999999,16.2274,16.5258,17.3196,18.2683,20.5445,21.7786,24.5969,28.1773,31.6955,32.6096,31.347,35.1239,37.7568,40.2742,41.7511,43.6786,45.036,46.3432,48.5693,50.9275,53.4098,50.2582
58,Germany,DEU,2795.3388587222025,2863.713,2906.733,2877.83,2948.877,2996.303,3021.7029999999995,3077.86,3133.361,3188.165,3288.039,3347.817,3342.252,3318.618,3341.66,3371.658,3506.682,3615.121,3639.836,3434.449,3573.337,3715.883,3738.757,3759.393,3842.237,3890.035,3973.241,4092.0100000000007,4137.18,4182.05,3976.165
59,Ghana,GHA,37.94332,39.94794,41.4974,43.5097,44.94590000000001,46.793800000000005,48.9476,51.001400000000004,53.39900000000001,55.74880000000001,57.81110000000001,60.1239,62.8298,66.0964,69.7976,73.9158,75.165,78.6289,85.79641,89.8507,96.94959,110.6147,121.4667,135.5527,139.3286,142.4381,147.2259,159.3565,169.1794,180.2236,180.6603
60,Greece,GRC,235.1703,242.465,244.1554,240.251,245.0554,249.4304,256.6417,268.4217,278.8484,287.1171,298.7312,311.2486,323.6098,342.3859,358.8315,361.6332,381.8199,393.9332,392.9791,376.0441,355.5815,319.7768,296.6538,289.0549,291.2113,289.2274,287.8102,291.4823,295.7193,300.6067,277.1092
61,Grenada,GRD,0.731125,0.747918,0.7457010000000001,0.726017,0.746007,0.761893,0.7957070000000002,0.835616,0.933831,0.9982489999999999,1.04705,1.02586,1.06108,1.16154,1.15402,1.30716,1.255,1.33184,1.34448,1.255,1.24915,1.25873,1.24263,1.27322,1.36689,1.455,1.50941,1.57641,1.64169,1.70071,1.4367
62,Guatemala,GTM,53.1527,54.7091,57.1295,59.1101,61.1952,63.83,65.6425,68.2922,71.4295,74.0668,75.8957,77.7417,80.7264,82.7933,85.3913,88.1887,92.9081,98.7963,102.05,102.537,105.494,109.887,113.156,117.337,122.551,127.566,130.982,135.016,139.501,144.896,142.694
63,Guinea,GIN,8.34504,8.5631,8.84322,9.28929,9.65808,10.1031,10.5538,11.1007,11.5052,11.9438,12.2428,12.6907,13.3461,13.5127,13.8289,14.2434,14.4128,15.3954,16.0317,15.851699999999997,16.6147,17.5472,18.5851,19.3185,20.0326,20.799,23.0496,25.4237,27.040299999999995,28.567,30.563400000000005
64,Guinea-Bissau,GNB,1.89737,1.99414,2.01607,2.05841,2.12428,2.21775,2.47501,2.63588,1.8951999999999998,1.91464,2.01854,2.06273,2.0424,2.05402,2.11074,2.20078,2.25161,2.32507,2.39956,2.4804,2.59477,2.80455,2.75652,2.8462700000000005,2.8737199999999996,3.05,3.24102,3.43286,3.56331,3.7272199999999995,3.64138
65,Guyana,GUY,2.1692,2.29902,2.47906,2.68269,2.91134,3.05651,3.2974699999999997,3.5028,3.4429599999999994,3.54521,3.4964,3.87906,4.25314,4.5684,5.12013,5.44678,6.21308,6.65988,6.77678,7.02152,7.3121,7.69206,8.09792,8.39376,8.53532,8.594,8.92121,9.25437,9.66535,10.1827,14.1688
66,Haiti,HTI,25.7369,25.102,24.5044,23.5852,21.018,23.1285,24.0057,24.7048,25.2009,25.919899999999995,26.0732,25.8166,25.8076,25.8929,24.9485,25.4261,25.9718,26.8502,27.0901,27.9206,26.377,27.8367,28.6352,29.8403,30.6873,31.053,31.5094,31.8722,32.3471,31.9604,28.858899999999995
67,Honduras,HND,17.8264,18.4434,19.4961,20.6559,20.4142,21.2449,21.9956,23.1086,23.7824,23.3189,24.6611,25.3327,26.2837,27.4789,29.1914,30.9578,32.9907,35.0323,36.5148,35.627,36.9561,38.3737,39.958,41.0735,42.3295,43.955,45.6662,47.8777,49.7186,51.037699999999994,46.4623
68,Hungary,HUN,157.22024825317837,165.7885,160.7085,159.7827,164.4916,167.1556,167.2571,172.5378,179.1899,184.5108,193.124,201.0375,210.5587,218.9698,229.6373,239.5715,249.398,250.1804,252.3939,235.707,238.1383,242.5904,239.9071,244.2916,254.3907,263.6871,269.3823,281.2597,296.4319,309.9257,294.9464
69,Iceland,ISL,8.35585,8.33717,8.05589,8.1617,8.45624,8.49897,8.88713,9.40005,10.0922,10.4994,11.0228,11.4652,11.5293,11.7764,12.6952,13.4727,14.3238,15.5348,15.8781,14.6612,14.2459,14.5088,14.6632,15.3307,15.5893,16.281,17.3073,18.0333,18.9156,19.3761,18.1159
70,India,IND,1597.19,1630.674,1703.284,1784.54,1895.4300000000003,2036.367,2188.785,2292.615,2427.432,2627.078,2779.9,2876.448,3008.867,3202.75,3452.771,3726.931,4031.063,4352.62,4575.85,4786.61,5222.79,5583.18,5867.08,6227.78,6663.89,7163.91,7807.78,8282.23,8887.68,9315.25,8635.55
71,Indonesia,IDN,790.8549999999999,861.464,917.655,990.662,1065.357,1152.932,1243.068,1301.491,1130.648,1139.593,1196.328,1239.916,1295.705,1357.645,1425.948,1507.121,1590.027,1690.914,1816.748,1902.167,2023.48,2148.324,2277.869,2404.456,2524.841,2647.958,2781.232,2922.2349999999997,3073.4400000000005,3227.6710000000003,3160.8710000000005
72,Ireland,IRL,94.0347,95.88691,99.1563,101.7157,107.36679999999998,114.2172,122.27480000000001,135.2893,147.2945,162.15,176.1624,186.2725,197.2449,204.257,217.338,230.1117,241.7566,254.5944,242.9461,230.6006,233.5855,235.706,235.3634,239.09340000000003,259.3619,325.1316,332.8056,363.2442,396.56140000000005,416.805,441.15200000000004
73,Israel,ISR,103.125,109.41,117.238,121.659,130.189,138.763,147.125,152.927,159.317,165.041,179.903,179.619,179.293,181.333,190.176,198.065,209.159,222.024,229.745,232.154,244.979,258.903,266.3,279.01,291.182,297.271,310.537,324.09400000000005,337.419,349.804,342.523
74,Italy,ITA,1895.124,1933.172,1946.693,1929.991,1974.019,2029.7270000000003,2056.809,2096.841,2131.306,2164.811,2252.731,2292.686,2298.407,2303.578,2331.658,2355.07,2399.39,2431.579,2408.102,2280.068,2318.155,2337.799,2267.336,2225.184,2226.7859999999996,2241.418,2272.892,2312.327,2330.865,2340.366,2129.768
75,Jamaica,JAM,20.2231,20.3999,22.5073,22.950099999999996,23.1549,23.3932,23.4666,23.2356,22.9506,23.1776,23.3378,23.6367,23.7962,24.6687,24.9953,25.2187,25.9498,26.3245,26.1109,24.9762,24.6123,25.0382,24.8845,25.0134,25.1859,25.418,25.7676,26.024500000000003,26.5163,26.7529,24.056999999999995
76,Japan,JPN,4119.38,4259.98,4298.71,4274.14,4315.77,4428.83,4568.53,4614.78,4553.94,4542.74,4666.28,4684.88,4685.12,4758.89,4861.38,4950.1,5016.68,5090.79,5027.35,4741.98,4936.48,4938.2,5005.86,5108.12,5119.13,5200.86,5238.5,5327.92,5357.42,5358.98,5109.16
77,Jordan,JOR,29.294607820822556,29.30137049771763,29.9149,31.217799999999997,32.7791,34.7307,35.3933,36.7189,37.8967,39.1227,40.7663,42.799,45.6204,47.4366,51.3788,55.0884,60.648,65.7261,70.7264,75.0958,76.7606,78.7076,80.8453,83.1388,85.7227,87.705,89.335,91.1995,92.9634,94.7813,93.3109
78,Kazakhstan,KAZ,149.88410264370268,149.75961228306306,176.73100000000002,160.471,141.271,129.767,130.67,132.539,130.701,133.287,146.306,165.994,182.226,199.055,218.112,239.184,264.753,288.388,298.104,301.327,323.45,347.678,365.131,386.572,403.088,407.416,411.053,427.332,444.868,464.79,453.04
79,Kenya,KEN,67.4842,68.45491,67.9075,68.1473,69.9416,73.0233,75.21591,75.4192,77.94991,79.591,79.9988,83.5641,84.0294,86.5041,90.9183,96.2825,102.3632,109.3758,109.6297,113.471,122.9284,130.6444,136.3435,144.8205,152.3972,161.007,170.4528,178.58920000000003,189.848,200.0442,199.3372
80,Kyrgyzstan,KGZ,12.667283614976817,12.692143944667418,16.5333,13.2696,10.6164,10.0024,10.7052,11.7491,12.0055,12.4601,13.1323,13.847299999999999,13.8346,14.8166,15.8517,15.819799999999999,16.3221,17.7049,19.189,19.7704,19.6597,20.8276,20.9515,23.2352,24.1646,25.107,26.186599999999995,27.4174,28.4592,29.7399,27.3673
81,Laos,LAO,7.88645,8.22529,8.68261,9.19598,9.94628,10.6456,11.383199999999999,12.1655,12.6481,13.572299999999998,14.359299999999998,15.1851,16.0839,17.0597,18.1443,19.4339,21.109,22.7126,24.4899,26.327,28.5719,30.8687,33.3463,36.0227,38.7648,41.583,44.5033,47.5707,50.542899999999996,53.3016,53.4401
82,Latvia,LVA,21.101528431833504,21.117208689469322,24.921000000000003,21.2154,21.3535,22.142700000000005,22.7117,24.7246,26.2926,27.0133,28.545400000000004,30.3503,32.5,35.2409,38.237,42.3379,47.4128,52.1666,50.4312,43.2398,41.3344,44.0082,45.8793,46.93920000000001,47.4431,49.375,50.4557,52.0832,54.2741,55.3784,53.3798
83,Lebanon,LBN,19.571400000000004,29.2489,34.057,37.7235,40.7811,43.411,48.3103,48.82,50.6096,50.3435,51.0191,52.9781,54.7916,56.5598,60.3376,61.95819999999999,62.918299999999995,68.7763,75.0137,82.6893,89.2838,90.0582,92.3462,95.8656,98.2251,98.433,99.9385,100.789,98.8471,92.2243,73.5028
84,Lesotho,LSO,2.6203199999999995,2.728,2.8498099999999997,2.95288,3.04915,3.18925,3.5022500000000005,3.78762,3.60302,3.71021,3.90088,4.06586,4.08751,4.27926,4.37741,4.49571,4.68936,4.91133,5.18389,5.11082,5.38691,5.64061,6.00687,6.10823,6.20988,6.402,6.632419999999999,6.41585,6.33452,6.32009,5.70956
85,Liberia,LBR,2.98852,2.5634,1.66401,1.1152999999999997,0.872592,0.8353649999999999,0.936611,1.93202,2.51566,3.0626,3.93902,4.05405,4.2066,2.9385299999999996,3.01551,3.17476,3.43014,3.7572,4.02568,4.23906,4.49764,4.86648,5.25551,5.71295,5.753,5.753,5.66098,5.80072,5.87163,5.73787,5.56655
86,Lithuania,LTU,38.44367234412427,38.44047691885591,47.3125,39.6356,35.7648,36.1907,38.0014,41.1526,44.2567,43.7535,45.3844,48.3712,51.6287,57.0471,60.75940000000001,65.5771,70.4576,78.2767,80.1655,68.3917,69.4752,73.7247,76.5297,79.3215,82.0762,83.784,85.7976,89.5323,93.04179999999998,97.0835,96.2863
87,Luxembourg,LUX,23.612,25.653,26.12,27.217199999999995,28.2569,29.4522,29.861099999999997,31.566000000000003,33.4741,36.313,39.3052,40.3004,41.8397,42.5213,44.0573,45.4551,47.8088,51.8032,51.1402,48.9113,51.2908,52.5931,52.4078,54.3229,56.657000000000004,59.097,61.80040000000001,62.9135,64.8707,66.3613,65.4893
88,Madagascar,MDG,21.493700000000004,20.1383,20.3761,20.804,20.7952,21.1443,21.5998,22.3975,23.2749,24.3686,25.4547,26.9769,23.6296,25.9418,27.3055,28.6042,30.1484,31.87,34.0093,32.6562,32.8584,33.376999999999995,34.3821,35.173,36.3475,37.486,38.9829,40.5162,41.8127,43.6525,41.8191
89,Malawi,MWI,6.292,6.8413,6.339629999999999,6.95406,6.241949999999999,7.28616,7.819259999999999,8.1158,8.43193,8.68845,8.82539,8.38633,8.5289,9.01553,9.50421,9.81488,10.2762,11.2627,12.1231,13.1328,14.0355,14.7168,14.9943,15.774,16.6732,17.14,17.5658,18.2684,19.076,20.1673,20.3287
90,Malaysia,MYS,186.56229999999996,204.70039999999997,222.90729999999996,244.9624,267.5353,293.839,323.2327,346.9173,321.3882,341.0925,370.6675,372.5861,392.6731,415.4031,443.578,465.651,491.655,522.625,547.879,539.585,580.205,610.918,644.357,674.601,715.123,750.929,784.3439999999999,829.936,870.131,908.7599999999999,857.443
91,Maldives,MDV,1.88669,2.0168,2.14721,2.26361,2.43372,2.61291,2.81825,3.05493,3.28388,3.4866900000000003,3.62078,3.4779900000000006,3.73078,4.24377,4.49982,3.90904,4.92975,5.31001,5.81369,5.39343,5.78527,6.28088,6.43899,6.90782,7.41414,7.628,8.11142,8.6963,9.40321,10.0602,6.54699
92,Mali,MLI,3.40314,3.90195,3.8320000000000003,4.00474,4.29111,5.8886,7.07837,7.89007,8.4039,9.51453,9.96204,11.4226,12.3284,13.9252,13.0684,14.4234,16.2283,17.5757,19.2535,21.5151,23.8536,25.7022,28.5849,30.59,32.9725,35.447,38.6034,41.2007,43.9911,46.9131,45.9747
93,Malta,MLT,6.18881,6.57099,6.8792,7.1750799999999995,7.384659999999999,8.07504,8.39558,8.80242,9.11062,9.48047,10.0722,9.96062,10.215,10.6266,10.6481,11.005,11.2857,11.8257,12.2772,12.137,12.8102,12.8732,13.4006,14.1321,15.213899999999999,16.674,17.3101,19.2021,20.3784,21.558,19.7956
94,Mauritania,MRT,7.7338,7.872089999999999,8.01962,8.49067,8.23079,9.03903,9.565,9.17813,9.43307,9.77956,9.3964,9.32128,9.45005,10.1048,10.583,11.4896,13.596,13.3282,13.2841,13.2971,13.6455,14.2149,14.850299999999999,15.4667,16.1279,16.995,17.2093,17.8111,18.1879,19.2667,18.9799
95,Mauritius,MUS,8.15661,8.51838,9.07317,9.53427,9.92863,10.35434,10.93293,11.55473,12.25632,12.57633,13.60794,14.06347,14.29058,15.13736,15.792810000000001,16.07354,16.89452,17.86208,18.84822,19.44343,20.26889,21.1104,21.88028,22.5949,23.45554,24.27816,25.20134,26.1587,27.13042,27.95627,23.761629999999997
96,Mexico,MEX,1185.06,1234.757,1278.8299999999997,1311.1990000000003,1375.884,1289.344,1373.592,1470.564,1546.886,1589.314,1664.166,1660.907,1660.106,1684.466,1746.737,1790.464,1870.936,1913.617,1931.38,1833.254,1927.265,1998.025,2066.705,2099.257,2159.239,2230.739,2284.278,2337.396,2388.264,2384.14,2181.154
97,Moldova,MDA,12.272629873539023,12.297919755591662,12.716091856859,13.07217906165356,13.593327172983937,15.0124,14.1301,14.3628,13.423199999999998,12.971100000000002,13.2445,14.057899999999998,15.1557,16.1595,17.3494,18.6509,19.5433,20.1292,21.7069,20.4067,21.8544,23.1259,22.9895,25.0687,26.322,26.233,27.3896,28.6744,29.9078,30.9415,28.6824
98,Mongolia,MNG,10.0104,9.0896,8.2296,7.98224,8.16682,9.50142,9.72499,10.1138,10.4711,10.8078,10.922,11.0362,11.4602,12.1615,13.4537,14.4296,15.6642,17.2695,18.8065,18.568,19.7498,23.2135,26.1107,29.1319,31.486,32.285,32.7297,34.5085,36.9381,38.7949,36.715
99,Montenegro,MNE,5.449898888354073,5.482614824951539,5.6607004897511555,5.822626599127191,6.051733747085298,6.22168007107838,6.451617322009272,6.730141785225758,7.0220377797391755,7.341794195907924,7.645962474269865,7.705454726327285,7.821315861690968,8.039323862346212,8.349633039226058,8.648268641797982,8.38834,8.95875,9.60378,9.04676,9.29102,9.58833,9.32945,9.65598,9.82979,10.164,10.4588,10.9503,11.508799999999999,11.980600000000003,10.0705
100,Morocco,MAR,95.2421,102.115,99.9727,99.23230000000001,109.739,103.807,116.651,114.83100000000002,123.14300000000001,123.79399999999998,125.767,135.264,139.75,148.577,155.71,160.35,172.792,177.287,187.788,195.757,203.227,213.887,220.326,230.318,236.48,247.207,249.827,260.442,268.642,275.648,258.301
101,Mozambique,MOZ,5.993130000000001,6.288319,5.90317,6.52883,6.95537,7.112539999999999,7.90934,8.80318,9.67744,10.80956,10.93714,12.2591,13.3981,14.319689999999998,15.453299999999999,16.48031,18.07797,19.47535,20.90052,22.22104,23.66594,25.42133,27.26651,29.16527,31.32307,33.42898,34.70738,36.03659,37.25525,38.10749,37.64137
102,Namibia,NAM,8.45449,9.14497,9.80241,9.64749,9.81438,10.197,10.5226,10.9666,11.3275,11.7091,12.1181,12.2609,12.848,13.3927,15.035999999999998,15.416299999999998,16.5066,17.3938,17.8547,17.9074,18.989,19.9558,20.9659,22.2524,23.608299999999996,24.615,24.6234,24.3704,24.648900000000005,24.500899999999998,22.549
103,Nepal,NPL,28.2939,29.8008,30.861,32.827,34.7594,36.2041,38.1707,39.6611,41.0426,43.2994,45.8552,46.8134,47.6077,49.8144,51.8671,53.6034,55.3212,58.0219,61.1773,64.0403,66.6229,69.3349,72.3893,76.1635,79.9056,80.943,84.4463,91.0947,97.2567,104.19099999999999,99.2707
104,Netherlands,NLD,519.594,532.33,540.79,547.625,564.101,582.452,599.847,626.88,655.458,687.75,717.194,733.917,735.518,737.08,750.059,765.472,793.164,823.06,840.982,810.09,820.633,833.256,824.667,823.981,835.776,852.135,870.39,896.625,917.4170000000001,934.921,899.343
105,New Zealand,NZL,83.8988,82.0868,82.8017,86.8392,92.63141000000002,96.64851,100.2492,103.2748,104.0569,108.7051,113.1801,115.6692,121.5861,127.1462,132.7826,136.1923,139.8587,145.3266,144.6677,145.3153,148.2073,150.8899,154.8753,158.3823,163.5775,170.5092,177.5723,184.705,192.8594,198.62660000000002,196.37689999999998
106,Nicaragua,NIC,13.5576,13.5319,13.584200000000001,13.531200000000002,13.9825,14.8093,15.749000000000002,16.3737,16.9814,18.1762,18.9218,19.482,19.6289,20.1237,21.1927,22.1002,23.0178,24.18,25.036,24.1936,25.2597,26.8569,28.6011,30.0175,31.4511,32.945,34.458,36.0541,34.8624,33.5593,32.8776
107,Niger,NER,9.13234,9.09221,9.27412,9.30395,9.47652,9.70938,9.71914,9.8676,10.8517,10.8278,10.697,11.4745,12.0388,12.3001,12.3449,13.25,14.0359,14.477,15.5962,15.9023,17.2665,17.6736,19.5379,20.5764,21.9431,22.907,24.2148,25.425300000000004,27.2608,28.87,29.207099999999997
108,Nigeria,NGA,305.6902,306.7856,320.9936,314.4608,308.7536,308.5293,321.475,330.9171,339.4589,341.4417,358.5682,379.7871,438.006,470.186,513.682,546.755,579.885,618.106,659.918,712.956,781.305,819.862,854.69,900.3569999999999,957.11,982.928,967.542,975.022,993.851,1015.88,997.46
109,North Macedonia,MKD,16.195253988523874,16.21627437487164,18.2996,16.9272,16.6225,16.4396,16.6369,16.8698,17.4434,18.1935,19.0122,18.429,18.7043,19.12,20.0137,20.9591,22.0358,23.4623,24.7462,24.6574,25.4856,26.0819,25.9629,26.7224,27.6922,28.76,29.579100000000004,29.8991,30.760400000000004,31.7368,30.2985
110,Norway,NOR,171.4042,176.70790000000002,183.0447,188.18000000000004,197.5997,205.9443,216.34189999999998,227.7209,233.7555,238.40059999999997,246.06840000000003,251.06150000000002,254.24060000000003,256.7408,266.9538,274.2144,280.9116,289.125,289.7149,286.0012,287.2228,290.5202,297.9632,301.1808,307.6388,313.2413,315.15619999999996,323.7845,328.1918,331.0196,326.7061
111,Pakistan,PAK,317.688,335.015,361.263,365.807,379.478,398.31,417.615,421.851,432.60900000000004,448.443,472.1809999999999,488.96399999999994,501.229,530.185,570.197,607.367,643.196,674.28,685.752,705.17,716.5,736.193,762.011,795.513,832.7,872.097,920.295,971.411,1028.11,1039.88,1030.15
112,Panama,PAN,22.8986,25.0501,27.091700000000003,28.567,29.4038,29.8778,32.0968,34.1689,36.6971,38.0996,39.1638,39.3718,40.2808,41.9568,45.1259,48.3597,52.4796,58.8239,64.6215,65.4247,69.2377,77.0707,84.6071,90.4483,95.0308,100.479,105.45599999999999,111.35200000000002,115.359,118.865,97.5298
113,Papua New Guinea,PNG,9.32585,10.214500000000001,11.6291,13.7458,14.5626,14.0803,15.008999999999999,14.0568,14.715,14.987999999999998,14.620100000000003,14.6139,14.907099999999998,15.5611,15.6493,16.2642,16.6372,17.9375,17.8843,19.1005,21.0351,21.268,22.2585,23.1099,26.2399,27.966,29.5012,30.544,30.4587,32.4518,31.1444
114,Paraguay,PRY,34.7738,35.939,36.4838,38.3186,40.3824,43.1377,43.8166,45.6755,45.7066,45.0822,44.0389,43.6716,43.6622,45.5488,47.3969,48.4081,50.7351,53.4858,56.9604,56.8116,63.115,65.8204,65.3543,70.7742,74.5261,76.73,80.0048,83.8531,86.54,86.1922,85.7046
115,Peru,PER,112.222,114.424,113.79,119.646,134.259,144.106,148.074,157.651,157.159,159.496,163.875,164.86,173.862,181.087,189.954,201.759,216.87,235.272,256.867,259.838,281.451,299.322,317.682,336.2099999999999,344.415,355.504,369.581,378.806,393.84299999999996,402.42299999999994,358.103
116,Philippines,PHL,256.7301,255.6099,256.6772,262.2776,273.7488,286.4103,303.195,318.92,317.2804,327.898,342.2681,352.7047,365.8125,384.4204,409.6742,429.922,452.779,482.297,503.249,510.53900000000004,547.985,569.127,608.38,649.448,690.675,734.521,787.035,841.5839999999998,894.953,949.711,858.7960000000002
117,Poland,POL,419.343,389.924,399.7305,414.674,436.622,466.878,493.35999999999996,523.973,547.767,572.612,599.309,607.97,619.752,641.7,674.651,697.893,741.675,794.011,828.29,850.399,881.04,925.44,940.437,952.7,983.782,1020.701,1051.847,1102.619,1161.929,1217.372,1185.27
118,Portugal,PRT,217.3816,222.6823,226.9065,223.7879,229.32180000000002,243.97340000000003,252.523,263.6359,276.3115,287.1058,298.0622,303.8554,306.1981,303.3488,308.7748,311.189,316.2457,324.1728,325.2078,315.0545,320.5292,315.0924,302.3083,299.5188,301.8917,307.3017,313.5076,324.5002,333.7461,342.6999,313.7677
119,Qatar,QAT,26.047599999999996,25.6149,28.516900000000003,28.1389,28.5383,29.223,30.501399999999997,39.6553,44.1036,45.9932,49.6858,51.6228,55.33050000000001,57.3884,68.418,73.5444,92.7913,109.48,128.818,144.221,172.477,195.546,204.795,216.174,227.705,238.529,245.838,242.156,245.146,246.834,238.21000000000004
120,Romania,ROU,286.7818,249.7913,227.75339999999997,231.1321,240.149,247.86120000000003,257.7212,247.65610000000004,242.5529,241.22720000000004,247.44410000000002,258.9296,273.4366,279.6611,307.6911,323.1484,348.5896,373.4404,408.046,386.4731,372.5311,379.0706,386.7613,400.4056,415.426,428.19,448.162,479.675,501.88200000000006,522.405,503.271
121,Russia,RUS,2102.9484581195484,2100.6981969400367,2477.339,2262.015,1972.455,1873.785,1806.684,1831.537,1734.118,1844.1950000000002,2029.618,2132.755,2233.977,2398.305,2569.676,2734.043,2957.288,3210.142,3378.583,3114.345,3254.873,3370.572,3506.206,3567.754,3594.023,3523.1230000000005,3529.9459999999995,3594.393,3695.3020000000006,3770.4239999999995,3659.142
122,Rwanda,RWA,6.10183,5.948409999999999,6.297740000000001,5.78708,2.87918,3.8933500000000003,4.38958,4.997529999999999,5.44024,5.677,6.15221,6.6742,7.554669999999999,7.72105,8.29609,9.07408,10.6496,11.4618,12.7406,13.5321,14.5303,15.685,17.0406,17.8439,18.9455,20.62,21.8545,22.7257,24.6749,27.008,26.0984
123,Saint Kitts and Nevis,KNA,0.552687,0.565234,0.582629,0.614197,0.647391,0.669801,0.7093,0.761269,0.769061,0.799387,0.851264,0.897775,0.920957,0.887662,0.919678,1.00035,1.01847,1.01668,1.08064,1.04801,1.02444,1.04901,1.04271,1.11111,1.168,1.225,1.26359,1.28794,1.3229099999999998,1.36317,0.8481030000000002
124,Saint Vincent/Grenadines,VCT,0.666662,0.6742330000000001,0.71723,0.733437,0.718495,0.7720400000000001,0.784491,0.8131320000000001,0.8542240000000001,0.890336,0.906524,0.922562,0.980329,1.05567,1.09949,1.12698,1.21379,1.25407,1.27394,1.24716,1.20543,1.20031,1.21699,1.23927,1.25431,1.271,1.2951200000000003,1.30807,1.33637,1.34094,1.19488
125,Samoa,WSM,0.498896,0.486637,0.506891,0.515419,0.548466,0.584177,0.626818,0.631615,0.638544,0.634813,0.666794,0.716363,0.756872,0.796315,0.820833,0.8752,0.893856,0.898119,0.9301,0.925303,0.948755,0.988198,0.947689,0.943958,0.944491,0.985,1.06442,1.07561,1.05322,1.09107,1.05642
126,Sao Tome and Principe,STP,0.39005199999999995,0.394737,0.3975,0.4018729999999999,0.410714,0.418928,0.42521200000000003,0.429449,0.44018500000000005,0.45119,0.453213,0.46710099999999993,0.476457,0.509638,0.529169,0.566707,0.618365,0.638485,0.690752,0.707513,0.754718,0.78791,0.812667,0.851795,0.907587,0.943086,0.982363,1.02017,1.05022,1.06389,1.09212
127,Saudi Arabia,SAU,739.81,850.84,884.768,872.702,877.578,879.439,902.634,912.5960000000001,939.001,903.664,954.4989999999999,942.942,916.359,1019.3799999999999,1100.5,1161.84,1194.24,1216.3,1292.32,1265.7,1329.49,1462.4,1541.53,1583.14,1640.97,1708.35,1736.89,1724.01,1765.19,1771.04,1698.31
128,Senegal,SEN,18.6419,19.1378,19.3904,19.6542,19.6448,20.7191,21.1377,21.7814,23.0662,24.5155,25.4685,26.5664,26.5847,28.0718,29.3752,30.641400000000004,31.355600000000003,32.242,32.8463,33.6362,34.8345,35.2032,36.9922,38.1683,40.7251,43.3182,46.0717,49.4847,52.6327,54.8704,56.009
129,Serbia,SRB,59.05832997311947,59.0326969678984,61.09722036734041,62.78473377096684,65.30850238115558,67.06899612307373,69.59441036488741,72.68107070932871,75.92858685564354,79.55223020575743,82.80052527622624,83.57725083133438,84.97992893210655,87.35543454421241,90.72136604116379,93.88914989610385,92.0381,97.9649,103.505,100.678,101.414,103.479,102.774,105.747,104.066,105.951,109.473,111.752,116.78899999999999,121.683,120.57
130,Seychelles,SYC,0.9383620000000001,0.964101,1.0336670000000001,1.097594,1.0887169999999997,1.081962,1.102285,1.268496,1.41092,1.4382229999999998,1.436437,1.404363,1.4221010000000003,1.332084,1.305172,1.422725,1.562301,1.720341,1.687,1.682375,1.792425,1.863869,1.931664,2.049011,2.141596,2.247662,2.349187,2.460741,2.503831,2.532797,2.257772
131,Sierra Leone,SLE,6.502690000000001,6.6556299999999995,5.3902,5.46428,5.357869999999999,4.92926,5.01571,4.72094,4.8052,4.7101,5.02345,4.70469,5.94753,6.50144,6.9304,7.24262,7.54854,8.15681,8.59714,8.87123,9.34552,9.9357,11.4441,13.8148,14.4444,11.469,12.1635,12.6757,13.112600000000002,13.834700000000002,13.5361
132,Singapore,SGP,110.7721,118.1811,126.0281,140.4743,156.0636,167.3017,179.8014,194.7608,190.485,201.3884,219.5922,217.2448,225.74890000000002,235.98839999999998,259.1616,278.2333,303.2885,330.6517,336.829,337.2366,386.2223,410.701,429.024,449.778,467.49,481.461,497.48900000000003,519.977,538.164,545.403,516.0
133,Slovakia,SVK,62.96924883703179,62.9393590764342,65.14150457696593,65.0208,69.0556,74.1498,79.0583,83.74341,87.1565,87.0644,88.0803,90.9461,95.0472,100.2738,105.5672,112.5594,122.1194,135.3475,142.8927,135.0971,143.0292,147.1015,149.8918,150.8905,154.8765,162.3339,165.7961,170.8413,177.2798,181.3875,172.2111
134,Slovenia,SVN,32.372815280373715,32.37622754867954,33.3454,34.2936,36.1201,40.1631,41.3636,43.4718,44.8217,47.1571,49.0239,50.7331,52.4624,53.9526,56.019,58.3931,61.9159,66.2879,68.3526,63.13009999999999,63.9038,64.6293,62.9895,62.3872,64.0153,65.283,67.4206,70.8707,74.0858,76.4882,72.8315
135,Solomon Islands,SLB,0.574491,0.589145,0.6560909999999999,0.667201,0.72111,0.793164,0.8059240000000001,0.792009,0.817302,0.804624,0.69026,0.635275,0.617768,0.657828,0.711092,0.802461,0.834555,0.972812,1.00885,1.0112,1.1188,1.19049,1.22191,1.28706,1.30057,1.319,1.39647,1.47113,1.52913,1.54738,1.3178599999999998
136,South Africa,ZAF,372.6461,368.8517,360.9693,364.1109,375.76230000000004,387.4109000000001,404.0692,414.5760000000001,416.649,426.648,444.567,456.5710000000001,473.466,487.428,509.629,536.522,566.588,596.96,616.008,606.534,624.97,644.772,660.224,676.632,686.199,695.27,699.89,707.9949999999999,718.528,719.339,673.072
137,South Korea,KOR,529.64,586.725,623.094,665.947,727.6699999999998,797.6329999999999,860.572,913.6749999999998,866.8089999999999,966.205,1053.751,1104.882,1190.236,1227.696,1291.505,1347.15,1418.069,1500.31,1545.514,1557.766,1663.769,1725.089,1766.536,1822.442,1880.804,1933.639,1990.6190000000001,2053.517,2113.221,2160.64,2142.232
138,Spain,ESP,996.275,1021.616,1031.122,1020.493,1044.795,1077.561,1106.258,1147.202,1197.546,1251.336,1317.005,1368.849,1406.183,1448.138,1493.294,1547.895,1611.415,1669.463,1684.298,1620.817,1623.534,1610.321,1562.692,1540.234,1561.5139999999997,1621.427,1670.5169999999998,1720.253,1759.655,1796.297,1601.889
139,Sri Lanka,LKA,60.9958,67.4945,65.3128,70.219,75.9268,80.5508,90.35640000000001,99.7712,97.8806,100.789,109.21099999999998,107.079,111.175,117.851,124.189,131.998,141.952,151.629,160.76,166.404,179.747,194.854,212.673,219.895,230.803,242.361,253.235,262.296,270.878,276.987,267.101
140,Sudan,SDN,43.03179999999999,46.2639,49.30709999999999,51.559799999999996,52.0786,55.2018,58.46929999999999,64.6476,67.4329,69.5261,73.9381,78.7443,83.8055,90.2875,93.7936,100.819,110.965,123.75,133.406,137.73,142.509,142.485,143.465,153.216,164.007,170.584,176.682,184.94,190.151,187.62900000000002,184.698
141,Suriname,SUR,4.73022,4.86,4.87827,4.55132,4.70561,4.70601,4.75484,5.02773,5.1449,5.07268,5.17742,5.39421,5.54402,5.89235,6.36369,6.61336,6.99457,7.3521,7.65673,7.88748,8.295,8.78,9.01679,9.28107,9.30464,8.987,8.48734,8.6369,8.85972,8.88349,7.78461
142,Sweden,SWE,280.1812,277.4902,274.8066,269.5429,279.7774,291.3948,296.0319,305.6912,318.6041,331.3722,347.6504,353.1585,360.9871,369.7945,383.9519,394.9052,414.234,429.001,426.393,408.326,431.448,445.483,444.266,449.375,461.759,481.327,490.218,504.02900000000005,514.315,524.744,509.324
143,Switzerland,CHE,367.3917,364.2901,363.4795,362.77410000000003,367.40399999999994,369.5067,371.58840000000004,379.8922,391.393,397.9618,414.187,420.995,421.139,420.803,431.844,444.169,462.582,481.37,494.135,483.985,499.459,509.052,515.864,525.437,538.166,546.949,557.823,567.064,583.744,591.012,576.2
144,Syria,SYR,40.337,43.5241,49.3869,51.9447,55.6915,59.6046,65.4612,68.7499,73.4148,70.8059,71.2842,73.9883,79.8027,80.2742,85.8153,91.149,95.7484,101.182,105.711,111.962,115.813,121.131,89.2261,65.7595,56.097300000000004,52.6568,50.56120000000001,49.8028,51.14750000000001,53.60249999999999,49.8281
145,Tajikistan,TJK,11.778511800031707,11.804339494255663,15.0763,12.6038,9.91918,8.6892,7.2327,7.35461,7.74334,8.0296,8.69585,9.52553,10.5557,11.7291,12.9357,13.8047,14.715,15.8564,17.0589,17.7445,18.9045,19.3605,20.8214,22.3681,23.8636,25.288,27.0453,30.485,32.6605,35.11,36.7706
146,Tanzania,TZA,34.32223,35.03338,35.23808,35.66298,36.22206,37.51515,39.21997,40.6025,42.1083,44.1564,46.1526,48.9545,52.4269,55.9253,60.1218,64.6166,68.8376,73.4968,77.6762,81.76909,87.133,94.52449,97.0526,103.6432,110.62489999999998,117.4503,125.5784,133.9731,143.2946,153.3535,160.6984
147,Thailand,THA,390.2831,423.69,457.943,495.73599999999993,535.38,578.856,611.571,594.731,549.331,574.447,600.04,620.707,658.874,706.242,750.66,782.096,820.948,865.568,880.506,874.424,940.123,948.021,1016.685,1044.008,1054.286,1087.328,1124.68,1171.665,1220.752,1248.42,1172.279
148,The Bahamas,BHS,9.21678,8.83136,8.49351,8.51965,8.78793,9.17273,9.56015,9.75732,10.2175,10.9475,11.4017,11.701,12.0175,11.8655,11.9703,12.3767,12.6882,12.8718,12.5727,12.0477,12.233,12.3081,12.688,12.3481,12.478200000000001,12.507,12.6876,13.0829,13.478800000000001,13.643,10.9
149,Timor-Leste,TLS,1.28850283533832,1.3257481538122546,1.3573976259393405,1.4008988380303535,1.451881109757051,1.4983599564680232,1.5501090251231846,1.610649761974254,1.673113449198687,1.7364030789250173,1.8120312309609483,1.815847691430896,1.831818661526781,1.93073,1.93846,1.9969799999999998,1.91491,2.11076,2.35011,2.58484,2.82935,2.99364,3.17376,3.2412,3.3854499999999996,3.484,3.60123,3.45345,3.41706,4.05685,3.68157
150,Togo,TGO,5.86632,5.879599999999999,5.68679,4.75822,5.42125,5.78831,6.231870000000001,6.469219999999999,6.320859999999999,6.486549999999999,6.42406,6.47697,6.72481,7.176729999999999,7.1065,6.77489,6.95443,6.87271,7.15189,7.54796,8.00833,8.95137,10.0191,11.1689,12.4281,13.806,15.3101,15.975700000000002,16.7601,17.6484,17.27
151,Tonga,TON,0.362347,0.385591,0.386563,0.401013,0.42087299999999994,0.433054,0.433444,0.43068900000000004,0.440621,0.450737,0.467711,0.47454,0.4958719999999999,0.496149,0.486796,0.484771,0.474135,0.462282,0.484241,0.459065,0.462754,0.494306,0.498374,0.499931,0.510023,0.516,0.549906,0.568176,0.569893,0.574064,0.557226
152,Trinidad and Tobago,TTO,13.1225,13.4747,13.252599999999997,13.0607,13.525899999999998,14.061099999999998,15.0514,16.2092,17.5313,18.9301,20.2368,21.0814,22.7533,26.0391,28.1092,29.8547,33.8894,35.4046,36.6054,34.9978,36.1607,36.0545,36.5208,37.3349,36.9942,37.543,35.4399,34.3814,34.404,33.9752,31.3383
153,Tunisia,TUN,43.2893,44.9795,48.49049999999999,49.552400000000006,51.127300000000005,52.3297,56.0692,59.119899999999994,61.948,65.6988,69.3482,71.9809,72.9329,76.3625,81.1244,83.9528,88.3553,94.2835,98.279,101.27,104.826,102.796,107.16,109.624,113.03200000000001,114.13300000000001,115.421,117.977,120.919,122.67999999999999,111.194
154,Turkey,TUR,693.099,698.09,733.243,789.346,752.498,811.783,871.689,937.742,937.726,907.126,970.0180000000001,914.243,973.191,1029.278,1130.106,1231.727,1317.308,1383.746,1395.024,1327.74,1439.631,1600.871,1677.529,1819.8810000000003,1909.777,2025.977,2093.303,2250.342,2317.399,2338.015,2379.948
155,Uganda,UGA,16.14644,17.04323,17.62585,19.09342,20.31609,22.65716,24.71266,25.97298,27.247040000000002,29.44149,30.36653,31.94061,34.72988,36.97805,39.4952,41.9962,46.5255,50.4395,55.8458,60.2679,64.7747,69.7783,71.353,74.1568,78.5014,84.7675,84.8933,90.62209,95.68870000000001,103.0614,102.13860000000001
156,Ukraine,UKR,485.0856683894813,484.5963351065361,613.297,526.209,405.707,356.21100000000007,320.59,310.972,305.064,304.454,322.416,350.789,369.203,404.336,453.296,466.883,501.619,539.709,552.145,470.656,488.703,515.413,516.643,516.505,482.66,435.49,446.12,456.649,472.578,487.698,467.987
157,United Arab Emirates,ARE,202.09,203.694,209.217,213.82,228.566,243.85199999999998,257.991,279.122,279.937,288.061,319.324,323.791,331.671,360.859,395.381,414.577,455.36,469.861,484.858,459.437,466.951,499.304,521.692,548.053,572.223,601.179,619.12,633.815,641.408,663.292,622.55
158,United Kingdom,GBR,1696.486,1676.359,1681.611,1721.9820000000002,1786.868,1830.5349999999999,1874.984,1967.031,2029.071,2089.742,2166.485,2211.389,2258.342,2326.767,2381.577,2443.339,2506.477,2563.361,2557.218,2448.604,2500.795,2537.244,2574.54,2623.199,2701.663,2772.517,2835.272,2895.789,2943.597,2992.8109999999997,2702.694
159,United States,USA,9811.07,9800.43,10145.66,10424.87,10844.820000000002,11135.92,11556.019999999999,12069.94,12610.849999999999,13215.49,13754.310000000001,13885.56,14121.05,14515.9,15075.119999999999,15600.220000000001,16034.36,16356.75,16376.74,15950.96,16383.04,16636.94,17016.41,17329.82,17726.25,18206.03,18509.63,18927.11,19479.58,19925.43,19247.07
160,Uruguay,URY,34.8216,36.0539,38.9135,39.9477,42.8564,42.236,44.5919,46.8428,48.9687,48.0201,47.079,45.275,41.7813,42.1128,44.2063,47.521,49.4812,52.7101,56.501,58.8764,63.475,66.7516,69.1194,72.3254,74.6647,74.93900000000001,76.1981,77.4384,77.8085,78.0812,73.4746
161,Uzbekistan,UZB,59.19612744940673,59.17034446149145,65.1935,63.6268,60.5109,59.9719,60.9902,64.1606,66.9199,69.7964,72.4737,75.4912,78.4909,81.8132,87.9074,94.0169,101.022,110.592,120.578,130.285,140.184,150.89,161.502,173.639,185.04799999999997,198.534,210.684,219.295,230.173,241.932,246.107
162,Vanuatu,VUT,0.315833,0.354137,0.351559,0.36738,0.37672799999999995,0.394348,0.40444800000000003,0.414038,0.422875,0.426219,0.44842899999999997,0.43923199999999996,0.431855,0.44324,0.460913,0.485354,0.526441,0.553665,0.58938,0.608894,0.618814,0.626394,0.637386,0.649937,0.664918,0.666,0.689081,0.719528,0.740393,0.761102,0.692339
163,Venezuela,VEN,311.488,341.7953999999999,362.5097,363.50809999999996,354.9675,368.9946,368.2646,381.79650000000004,382.9192,360.0574,373.3324,386.0038,351.8209,324.5362,383.8826,423.4913,465.3,506.029,532.738,515.677,507.999,529.216,558.989,566.497,544.436,510.564,423.564,357.1842,287.0995,190.1472,123.7027
164,Vietnam,VNM,129.359,136.874,148.781,160.8,175.005,191.701,209.606,226.692,239.76,251.20600000000002,268.256,286.752,307.054,329.595,355.27,382.093,408.755,437.897,462.69,487.666,518.99,552.326,582.632,615.022,654.419,700.257,747.042,798.941,855.472,915.504,942.146
165,Zambia,ZMB,71.4407,70.0435,68.83109,73.5097,67.16909,69.1155,73.41341,76.2135,75.9195,79.4499,82.5464,86.9352,90.8524,97.1623,103.9951,111.5198,120.3339,130.3847,140.5207,153.4772,169.2826,178.7032,192.2803,202.00719999999998,211.7024,217.9309,226.11350000000002,234.0865,243.5819,247.1819,239.77439999999999
166,Zimbabwe,ZWE,18.2676,19.2764,17.9209,18.2991,19.3606,19.392,21.2796,21.583,21.6893,20.9091,19.2011,19.1639,18.0257,16.6807,16.0731,15.42,14.8612,14.3756,13.694,21.8464,26.1448,29.8557,34.8313,35.5243,36.3687,37.016,37.2958,39.0502,40.9362,37.6204,33.6708
