,Country,Code,1990,1991,1992,1993,1994,1995,1996,1997,1998,1999,2000,2001,2002,2003,2004,2005,2006,2007,2008,2009,2010,2011,2012,2013,2014,2015,2016,2017,2018,2019
0,Albania,ALB,3286.07,3280.4,3245.89,3195.2,3146.52,3112.92,3098.7,3099.75,3110.7,3122.7,3129.25,3129.7,3126.18,3118.02,3104.89,3086.81,3063.02,3033.99,3002.68,2973.04,2948.03,2928.6,2914.09,2903.79,2896.31,2890.52,2886.43,2884.17,2882.05,2879.92
1,Algeria,DZA,25758.9,26400.5,27028.3,27635.5,28213.8,28757.8,29266.4,29743,30192.8,30623.4,31042.2,31451.5,31855.1,32264.2,32692.2,33149.7,33641,34167,34730.6,35333.9,35977.4,36661.4,37383.9,38140.1,38923.7,39728,40551.4,41389.2,42209.8,43030.4
2,Angola,AGO,11848.4,12248.9,12657.4,13075,13503.8,13945.2,14400.7,14871.6,15359.6,15866.9,16395.5,16945.8,17519.4,18121.5,18758.1,19433.6,20149.9,20905.4,21695.6,22514.3,23356.2,24220.7,25107.9,26015.8,26941.8,27884.4,28842.5,29816.8,30833.3,31849.8
3,Antigua and Barbuda,ATG,62.533,63.7608,64.9886,66.2164,67.4442,68.672,70.139,71.606,73.073,74.54,76.007,77.098,78.189,79.28,80.371,81.462,82.7756,84.0892,85.4028,86.7164,88.03,89.1382,90.2464,91.3546,92.4628,93.571,94.4424,95.3138,96.1852,97.0566
4,Argentina,ARG,32675.95,33131.9,33579.75,34020.12,34453.77,34880.85,35299.2,35709,36113.68,36516.9,36921.7,37327.62,37732.75,38137.02,38540.62,38942.95,39341.35,39736.48,40132.93,40535.52,40948.95,41375.93,41813.05,42254.68,42694.98,43129.3,43559.05,43987.2,44412.27,44832.7
5,Armenia,ARM,--,--,3442.82,3363.11,3283.66,3217.35,3168.21,3133.08,3108.69,3089.02,3069.6,3050.69,3033.98,3017.94,3000.72,2981.26,2958.3,2932.61,2907.61,2888.09,2877.31,2876.54,2884.24,2897.59,2912.4,2925.56,2936.15,2944.79,2950.94,2957.09
6,Australia,AUS,17092.82,17309.1,17497.62,17655.47,17827.45,18029.93,18246.45,18442.8,18630.45,18836.07,19057.72,19299.15,19521.48,19744.05,19960.65,20206.75,20495.62,20877.3,21303.9,21730.75,22065.65,22387.15,22780.32,23168.3,23514.83,23859.35,24238.52,24644.28,25027.17,25408.4
7,Austria,AUT,7686.107,7765.895,7851.16,7911.413,7937.96,7949.475,7960.505,7968.811,7978.205,7994.788,8013.915,8047.63,8086.537,8126.71,8179.315,8234.445,8272.225,8298.615,8324.873,8345.4,8366.34,8395.76,8435.458,8486.812,8556,8657.14,8745.72,8803.744,8845.085,8885.205
8,Azerbaijan,AZE,--,--,7471.92,7581.75,7683.7,7775.42,7855.56,7925.67,7989.9,8054.13,8122.74,8197.29,8277.07,8361.43,8448.94,8538.61,8630.15,8724.24,8821.87,8924.38,9032.46,9146.28,9264.68,9385.47,9505.62,9622.74,9736.04,9845.32,9943.27,10041.2
9,Bahrain,BHR,468.165,481.002,493.839,506.676,519.512,532.349,551.982,599.403,666.093,733.678,630.513,670.533,710.554,764.519,823.744,888.824,960.425,1039.3,1103.5,1178.42,1228.54,1195.02,1208.96,1253.19,1314.56,1370.32,1424.73,1501.12,1503.09,1483.76
10,Bangladesh,BGD,103172,105599,107984,110351,112738,115170,117650,120161,122683,125190,127658,130089,132478,134792,136986,139036,140921,142660,144304,145925,147575,149273,151006,152761,154517,156256,157977,159685,161353,163021
11,Barbados,BRB,260.933,261.912,262.89,263.869,264.893,265.955,267.047,268.183,269.334,270.455,271.511,272.494,273.423,274.331,275.283,276.32,277.475,278.701,279.946,281.107,282.131,282.987,283.698,284.294,284.825,285.327,285.798,286.229,286.61,286.99
12,Belarus,BLR,--,--,10154.3,10135.1,10108.3,10077.6,10044.8,10009.4,9969.99,9924.44,9871.63,9811.4,9745.93,9679.24,9616.63,9562.08,9516.88,9480.51,9452.86,9433.16,9420.58,9415.32,9417.04,9423.5,9431.74,9439.42,9445.64,9450.23,9449.93,9449.62
13,Belgium,BEL,9972.277,10008.86,10050.95,10088.5,10119.35,10138.35,10160,10184,10205.7,10229.6,10254.28,10292.38,10338.53,10381.2,10427.3,10486.8,10557.1,10636,10720.75,10807.35,10940.38,11047.7,11114.7,11164.75,11216.15,11283.43,11336.5,11381.03,11434.15,11497.32
14,Belize,BLZ,187.554,191.136,194.324,197.625,201.679,206.962,213.66,221.575,230.248,238.979,247.31,255.068,262.387,269.428,276.516,283.798,291.338,299.031,306.822,314.655,322.465,330.236,338.001,345.707,353.366,360.926,368.399,375.775,383.057,390.339
15,Benin,BEN,4978.49,5149.5,5331.81,5521.76,5714.21,5905.55,6094.27,6281.64,6470.27,6664.1,6865.95,7076.73,7295.4,7520.56,7750,7982.22,8216.89,8454.79,8696.92,8944.71,9199.25,9460.83,9729.25,10004.6,10286.8,10576,10872.1,11175.2,11491.2,11807.2
16,Bhutan,BTN,530.801,531.567,532.332,533.098,533.863,534.629,545.906,557.183,568.46,579.737,591.014,602.56,614.106,625.652,637.198,648.744,656.096,663.447,670.799,678.15,685.502,693.979,702.455,710.932,719.408,727.885,736.63,745.376,754.121,762.867
17,Bolivia,BOL,6864.84,7011.46,7160.92,7312.86,7466.79,7622.33,7779.27,7937.45,8096.76,8257.07,8418.27,8580.24,8742.82,8905.82,9069.04,9232.3,9395.45,9558.44,9721.46,9884.79,10048.6,10213,10377.7,10542.4,10706.5,10869.7,11031.8,11192.8,11352.9,11513
18,Bosnia and Herzegovina,BIH,--,--,4233.67,4078.94,3936.53,3829.05,3764.42,3736.07,3734.34,3743.35,3751.18,3755.51,3759.39,3762.18,3764.19,3765.33,3765.42,3762.79,3754.26,3735.95,3705.48,3661.17,3604.97,3542.6,3482.11,3429.36,3386.26,3351.53,3327.96,3304.39
19,Botswana,BWA,1286.755,1326.32,1363.54,1399.11,1434.06,1469.172,1504.725,1540.423,1575.825,1610.26,1643.335,1674.675,1704.638,1734.387,1765.533,1799.078,1835.91,1875.458,1915.635,1953.497,1987.11,2015.405,2039.55,2062.552,2088.62,2120.715,2159.925,2205.075,2253.925,2302.775
20,Brazil,BRA,149336,151983.8,154597.8,157188,159766.2,162344.8,164939,167538.7,170115.5,172640.8,175090,177471,179798.2,182065,184263.5,186384,188416,190365.8,192255.5,194108,195941.8,197752.5,199528.2,201272.5,202989,204683.5,206369,208039.8,209673.5,211246.2
21,Bulgaria,BGR,8706.035,8623.143,8526.335,8469.174,8439.547,8400.728,8357.355,8304.85,8250.183,8205.688,8164.995,7974.06,7829.248,7767.785,7709.788,7651.57,7593.935,7538.502,7486.2,7438.772,7389.058,7343.053,7300.555,7260.255,7218.505,7171.94,7121.33,7069.467,7018.79,6969.69
22,Burkina Faso,BFA,8811.03,9050.09,9297.11,9552.47,9816.58,10089.9,10372.7,10665.5,10968.7,11282.7,11608,11944.6,12293.1,12654.6,13030.6,13421.9,13829.2,14252,14689.7,15141.1,15605.2,16081.9,16571.2,17072.8,17586,18110.6,18646.3,19193.2,19763.2,20333.3
23,Burundi,BDI,5438.96,5564.92,5685.57,5798.05,5898.96,5987.04,6060.11,6122.13,6185.56,6267.13,6378.87,6525.55,6704.12,6909.16,7131.69,7364.86,7607.85,7862.23,8126.1,8397.66,8675.61,8958.41,9245.99,9540.3,9844.3,10160,10488,10827,11181.6,11536.2
24,Cabo Verde,CPV,337.953,346.229,355.763,366.057,376.409,386.288,395.533,404.248,412.513,420.456,428.178,435.701,442.955,449.925,456.619,463.034,469.171,475.067,480.846,486.667,492.644,498.858,505.241,511.74,518.276,524.74,531.14,537.499,543.662,549.825
25,Cambodia,KHM,8975.6,9289.3,9623.9,9970.73,10317.9,10656.1,10982.9,11298.6,11600.5,11886.5,12155.2,12405.4,12637.7,12856.2,13066.5,13273.4,13477.7,13680,13883.8,14093.6,14312.2,14541.4,14780.5,15026.3,15274.5,15521.4,15766.3,16009.4,16245.9,16482.4
26,Cameroon,CMR,11780.1,12137.9,12499.5,12864.1,13231,13600,13970.8,14344.4,14723.8,15112.6,15513.9,15928.9,16357.6,16800.9,17259.3,17733.4,18223.7,18730.3,19252.7,19789.9,20341.2,20906.4,21485.3,22077.3,22681.8,23298.4,23926.6,24566.1,25226,25885.9
27,Canada,CAN,27691.12,28037.43,28371.25,28684.75,29000.65,29302.32,29610.22,29905.95,30155.15,30401.3,30685.75,31020.9,31360.05,31644.02,31940.68,32243.75,32571.18,32889,33247.1,33628.9,34004.9,34339.32,34714.22,35082.95,35437.45,35702.9,36109.48,36545.25,37065.1,37601.23
28,Central African Republic,CAF,2806.74,2878.51,2959.24,3046.15,3135.02,3222.66,3308.24,3392.43,3475.49,3558.02,3640.42,3722.02,3802.13,3881.19,3959.88,4038.38,4118.08,4198,4273.37,4337.62,4386.77,4418.64,4436.41,4447.94,4464.17,4493.17,4537.68,4596.02,4673.94,4751.85
29,Chad,TCD,5963.25,6157.08,6356.74,6563.92,6781.06,7010.16,7250.97,7503.49,7770.05,8053.53,8355.65,8678.05,9019.23,9373.91,9734.76,10096.6,10457.1,10818,11183.6,11560.1,11952.1,12361,12784.8,13220.4,13663.6,14111,14561.7,15016.8,15486.5,15956.2
30,Chile,CHL,13211.2,13428.65,13652.55,13874.38,14092.9,14306.58,14514.58,14716.77,14913.15,15104.15,15289.98,15469.88,15645.35,15815.4,15980.65,16144.88,16306.97,16472.78,16645.3,16825.97,17009.17,17193.88,17383.87,17567.98,17738.22,17915.95,18102.75,18312.55,18584.62,18922.75
31,China,CHN,1178835,1194030,1207420,1219575,1231055,1242310,1253222,1263498,1273252,1282608,1291648,1300265,1308412,1316265,1323998,1331752,1339482,1347098,1354648,1362188,1369778,1377488,1385268,1392988,1400508,1407740,1414805,1421755,1428392,1434512
32,Colombia,COL,33102.6,33758.3,34422.6,35091.3,35759,36421.4,37076.4,37723.8,38364.3,38999.5,39630,40256,40875.4,41483.9,42075.9,42647.7,43200.9,43737.5,44255,44750.1,45222.7,45662.8,46075.7,46495.5,46967.7,47520.7,48175.1,48909.8,49567.5,50225.2
33,Comoros,COM,411.598,423.873,436.454,449.27,462.28,475.394,488.625,501.955,515.382,528.853,542.358,555.895,569.48,583.213,597.23,611.625,626.427,641.624,657.227,673.251,689.696,706.578,723.865,741.511,759.39,777.435,795.597,813.89,832.458,851.027
34,Congo-Brazzaville,COG,2356.74,2422.31,2489.95,2559.88,2632.34,2707.53,2785.81,2867.28,2951.65,3038.43,3127.42,3217.93,3310.38,3406.92,3510.47,3622.77,3745.14,3876.12,4011.49,4145.4,4273.74,4394.84,4510.2,4622.76,4736.96,4856.09,4981,5110.7,5246.5,5382.29
35,Congo-Kinshasa,COD,34612,35908.2,37333.9,38815.8,40253,41576.2,42757.2,43827.2,44850,45919.6,47105.8,48428.5,49871.7,51425.6,53068.9,54785.9,56578.1,58453.7,60411.2,62448.6,64563.9,66755.1,69020.8,71358.8,73767.5,76244.5,78789.1,81398.8,84119.6,86840.5
36,Costa Rica,CRI,3119.44,3202.08,3286.52,3372.3,3458.83,3545.52,3632.36,3718.95,3803.89,3885.43,3962.37,4034.07,4100.92,4164.05,4225.16,4285.5,4345.42,4404.63,4463.12,4520.74,4577.37,4633.09,4688,4742.11,4795.39,4847.81,4899.34,4949.96,4998.01,5046.06
37,Croatia,HRV,--,--,4570.805,4611.635,4653.74,4610.315,4551.08,4535.393,4530.968,4508.882,4371.28,4301.71,4305.425,4305.6,4308.935,4311.877,4313.14,4312.555,4310.61,4305.453,4294.728,4281.185,4267.33,4252.56,4233.377,4203.66,4167.885,4123.76,4087.215,4064.95
38,Cyprus,CYP,587.141,603.069,619.231,632.944,645.399,656.333,666.313,675.215,682.862,690.497,697.549,705.539,713.72,722.893,733.067,744.013,757.916,776.333,796.93,819.14,839.751,862.011,865.878,858,847.008,848.319,854.802,864.236,875.899,888.005
39,Czech Republic,CZE,--,--,--,10330.9,10333.5,10325.75,10313.7,10302.85,10293.2,10282.43,10249.3,10212.75,10195.85,10194.33,10197.55,10214.3,10242.73,10309.95,10394.9,10448.47,10477.48,10498.45,10512.12,10513.8,10528.58,10548.03,10569.45,10598.3,10634.9,10677.38
40,Côte d’Ivoire,CIV,11924.9,12362.4,12812.4,13271.6,13735.4,14199.8,14665.1,15130.7,15589.4,16032.6,16454.7,16853,17231.5,17599.6,17970.5,18354.5,18754.9,19171.2,19605.6,20059.2,20532.9,21028.7,21547.2,22087.5,22647.7,23226.2,23822.7,24437.5,25084.4,25731.3
41,Denmark,DNK,5142.32,5156.255,5173.68,5190.63,5208.565,5237.785,5266.085,5287.458,5306.56,5323.855,5342.015,5361.175,5377.825,5392.34,5406.24,5421.438,5439.725,5465.024,5498.08,5526.007,5550.918,5573.058,5594.335,5618.005,5647.535,5689.425,5733.2,5769.03,5796.748,5816.505
42,Djibouti,DJI,590.393,598.391,606.39,614.388,622.387,630.385,647.823,665.262,682.7,700.139,717.577,730.711,743.845,756.98,770.114,783.248,794.637,806.026,817.416,828.805,840.194,854.955,869.716,884.476,899.237,913.998,928.799,943.6,958.4,973.201
43,Dominica,DMA,70.422,70.377,70.546,70.818,71.044,71.105,70.933,70.592,70.183,69.828,69.65,69.671,69.84,70.102,70.387,70.58,70.718,70.797,70.829,70.848,70.877,70.912,70.954,71.019,71.091,71.175,71.307,71.46,71.626,71.808
44,Dominican Republic,DOM,7133.49,7270.41,7408.34,7546.47,7683.71,7819.24,7952.77,8084.41,8214.43,8343.29,8471.32,8598.6,8724.97,8850.32,8974.44,9097.26,9218.68,9338.86,9458.08,9576.74,9695.12,9813.22,9930.92,10048.2,10165.2,10281.7,10397.7,10513.1,10624.7,10736.3
45,Ecuador,ECU,10230.9,10472.5,10716.1,10961.5,11208,11455.2,11703.2,11951.5,12198.5,12442.1,12681.1,12914.7,13143.5,13369.7,13596.4,13825.8,14059.4,14296.5,14535.7,14774.4,15011.1,15243.9,15474.1,15707.5,15951.8,16212,16491.1,16785.4,17071.3,17357.2
46,Egypt,EGY,56134.5,57424.6,58666.8,59880.7,61095.8,62334,63601.6,64892.3,66200.3,67515.6,68831.6,70152.7,71485,72826.1,74172.1,75523.6,76873.7,78232.1,79636.1,81134.8,82761.2,84529.2,86422.2,88404.6,90424.7,92442.5,94447.1,96442.6,98406.5,100370
47,El Salvador,SLV,5270.07,5342.19,5416.33,5490.48,5561.92,5628.6,5689.94,5746.29,5797.76,5844.83,5887.93,5927,5962.14,5994.08,6023.8,6052.12,6079.4,6105.81,6131.77,6157.68,6183.88,6210.57,6237.92,6266.08,6295.12,6325.12,6356.14,6388.12,6420.82,6453.51
48,Equatorial Guinea,GNQ,419.188,432.844,447.269,462.637,479.099,496.768,515.844,536.459,558.496,581.765,606.18,631.662,658.388,686.67,716.949,749.527,784.494,821.686,860.839,901.589,943.64,986.861,1031.19,1076.41,1122.27,1168.57,1215.18,1262.01,1309,1355.99
49,Estonia,EST,--,--,1511.3,1476.95,1448.07,1425.19,1406,1393.07,1379.24,1401.25,1392.72,1383.51,1375.19,1366.25,1358.85,1350.7,1342.92,1338.44,1335.74,1333.29,1329.66,1325.22,1320.17,1315.82,1314.87,1315.94,1315.64,1319.13,1324.82,1328.98
50,Eswatini,SWZ,822.423,845.267,866.995,887.706,907.622,926.836,945.506,963.416,979.922,994.105,1005.43,1013.61,1019.05,1022.8,1026.29,1030.57,1036.09,1042.65,1049.95,1057.46,1064.84,1072.03,1079.29,1086.84,1095.02,1104.04,1113.99,1124.81,1136.59,1148.38
51,Ethiopia,ETH,47887.9,49610,51423.6,53295.6,55181,57047.9,58883.5,60697.4,62507.7,64343,66224.8,68159.4,70142.1,72170.6,74239.5,76346.3,78489.2,80674.3,82916.2,85233.9,87640,90139.9,92727,95385.8,98094.3,100836,103604,106400,109254,112109
52,Fiji,FJI,728.575,735.398,744.47,754.962,765.607,775.428,784.389,792.736,800.148,806.302,811.011,813.923,815.257,816.078,817.864,821.606,827.869,836.185,845.356,853.636,859.816,863.451,865.065,865.602,866.447,868.632,872.406,877.46,883.788,890.116
53,Finland,FIN,4989.442,5017.555,5045.24,5069.313,5090.935,5110.05,5126.51,5141.712,5155.035,5166.93,5177.435,5189.732,5202.022,5214.69,5230.28,5248.468,5268.939,5291.66,5316.627,5342.01,5366.333,5391.52,5417.145,5442.045,5464.07,5481.475,5497.303,5509.439,5516.123,5522.524
54,France,FRA,58212,58495.58,58780.52,59022.4,59236.05,59444.6,59649.85,59856.7,60074.65,60400.1,60816.45,61257.27,61699.1,62131.68,62592.65,63058.32,63489.3,63871.4,64221.57,64543.12,64858.78,65165.15,65479.1,65953.9,66348.59,66570.8,66745.53,66945.05,67120.85,67266.75
55,Gabon,GAB,949.493,975.785,1002.57,1029.77,1057.25,1084.95,1112.94,1141.33,1170.06,1199.06,1228.36,1258.01,1288.31,1319.95,1353.79,1390.55,1430.14,1472.56,1518.54,1568.93,1624.15,1684.63,1749.68,1817.07,1883.8,1947.69,2007.88,2064.81,2118.45,2172.09
56,"Gambia, The",GMB,955.595,992.671,1027.48,1060.86,1094.22,1128.58,1164.09,1200.52,1238.12,1277.12,1317.71,1360.07,1404.26,1449.93,1496.52,1543.74,1591.44,1639.85,1689.29,1740.28,1793.2,1848.14,1905.02,1963.71,2024.04,2085.86,2149.13,2213.9,2281.49,2349.08
57,Georgia,GEO,--,--,5303.92,5208.95,5097.13,4976.25,4846.63,4709.6,4575.4,4456.65,4362.18,4296.98,4258.57,4238.93,4225.81,4210.16,4189.72,4166.86,4142.65,4119.49,4099.1,4081.01,4064.1,4048.7,4035.31,4024.18,4015.46,4008.72,4002.21,3995.69
58,Germany,DEU,--,79890.7,80286.7,80809.67,81084.85,81238.2,81413.6,81507.67,81475.6,81417.28,81447.2,81487.5,81562.38,81567.95,81493.67,81382.7,81239.75,81058.12,80857.4,80586.45,80319.83,80288.2,80450.3,80676.08,81036.25,81808.88,82391.95,82690.85,82934.16,83111.4
59,Ghana,GHA,14773.28,15207.35,15653.38,16106.75,16561.68,17014.1,17462.5,17908.97,18357.18,18812.35,19278.85,19756.93,20246.38,20750.33,21272.35,21814.62,22379.07,22963.9,23563.85,24170.95,24779.6,25387.7,25996.45,26607.65,27224.5,27849.23,28481.95,29121.45,29771.97,30422.45
60,Greece,GRC,10215.75,10331.72,10407.05,10467.78,10518.7,10568.7,10613.92,10669.25,10727.33,10765.18,10813.35,10868.67,10905.47,10931.15,10958.82,10991.65,11024.28,11051.57,11082.08,11110.1,11121.85,11100.3,11034.65,10955.6,10883.8,10811.62,10774.05,10751.3,10730.8,10720.85
61,Grenada,GRD,96.328,96.462,97.161,98.234,99.345,100.286,101.003,101.567,102.023,102.429,102.837,103.242,103.636,104.003,104.346,104.658,104.938,105.183,105.457,105.787,106.227,106.786,107.452,108.172,108.9,109.603,110.263,110.874,111.422,111.971
62,Guatemala,GTM,9263.82,9483.27,9708.55,9938.7,10172.3,10408.5,10646.7,10887.6,11133.5,11387.2,11650.7,11924.9,12208.8,12500.5,12796.9,13096,13397,13700.3,14006.4,14316.2,14630.4,14948.8,15270.8,15595.8,15923.2,16252.4,16583.1,16915,17248.5,17582
63,Guinea,GIN,6352.28,6534.94,6716.03,6897.17,7081.12,7269.63,7463.78,7662.07,7860.77,8054.75,8240.74,8417.08,8586.08,8753.1,8925.73,9109.58,9307.42,9518.16,9738.8,9964.47,10192.2,10420.5,10652,10892.8,11151,11432.1,11738.4,12067.5,12422.6,12777.7
64,Guinea-Bissau,GNB,975.265,997.982,1020.7,1043.42,1066.13,1088.85,1111.34,1133.83,1156.32,1178.81,1201.31,1230.03,1258.76,1287.48,1316.21,1344.93,1380.46,1416,1451.53,1487.07,1522.6,1565.52,1608.44,1651.36,1694.29,1737.21,1783.36,1829.52,1875.68,1921.84
65,Guyana,GUY,743.306,744.477,748.596,754.141,758.896,761.298,760.801,757.975,753.778,749.676,746.718,745.206,744.789,745.142,745.737,746.156,746.335,746.477,746.815,747.718,749.43,752.029,755.388,759.281,763.371,767.433,771.363,775.218,778.998,782.779
66,Haiti,HTI,7037.92,7178.61,7319.49,7460.68,7602.32,7744.51,7887.31,8030.72,8174.68,8319.07,8463.8,8608.81,8754.15,8900.11,9047.08,9195.29,9344.78,9495.34,9646.57,9798.05,9949.32,10100.3,10250.9,10400.7,10549,10695.5,10840,10982.4,11122.4,11262.5
67,Honduras,HND,4955.3,5098.59,5244.68,5394.42,5548.97,5709.01,5874.81,6045.7,6220.4,6397.14,6574.51,6751.91,6929.27,7106.32,7282.95,7458.98,7634.29,7808.52,7980.96,8150.78,8317.47,8480.67,8640.69,8798.52,8955.58,9112.9,9270.79,9429.02,9587.55,9746.08
68,Hungary,HUN,,10373.47,10368.25,10355.65,10341.7,10327.03,10308.7,10287.8,10263.3,10233.55,10208.3,10184.38,10154.55,10126.35,10104.73,10084.45,10070.1,10053.2,10036.4,10020.58,9996.447,9952.096,9917.47,9889.152,9863.745,9839.895,9809.904,9785.567,9774.862,9770.737
69,Iceland,ISL,255.044,257.616,260.155,262.65,265.14,267.627,270.144,272.709,275.294,277.868,280.439,282.91,285.329,287.955,291.102,294.976,299.727,305.181,310.855,316.057,320.342,323.471,325.642,327.194,328.592,330.237,332.209,334.395,336.68,338.965
70,India,IND,875527.8,893522.2,911582,929714.5,947923.8,966227.8,984674.5,1003247,1021865,1040430,1058878,1077255,1095608,1113860,1131952,1149840,1167620,1185305,1202750,1219795,1236285,1252185,1267588,1282610,1297372,1311968,1326362,1340510,1354425,1368140
71,Indonesia,IDN,181811.5,184984.8,188121.5,191222,194285.5,197307.2,200272.8,203186,206074.2,208965,211881,214810.5,217741,220685.2,223658.2,226670.2,229717.2,232791.8,235900,239046.2,242242.5,245521.5,248871.5,252235.2,255553.8,258777.5,261915,264997,268021.5,270984
72,Ireland,IRL,3515.725,3537.55,3561.165,3577.982,3592.195,3611.645,3641.872,3678.975,3717.525,3760.48,3812.075,3874.605,3940.007,4004.605,4080.615,4171.975,4290.635,4413.647,4497.485,4538.89,4562.835,4582.385,4602.095,4627.322,4662.713,4708.04,4762.595,4813.138,4876.547,4941.865
73,Israel,ISR,4448.35,4589.31,4752.83,4929.41,5105.57,5271.37,5424.24,5566.55,5699.28,5824.94,5945.95,6060.68,6169.31,6278.37,6396.51,6529.47,6680.64,6847.15,7020.83,7190.04,7346.45,7487.1,7614.95,7734.83,7854.22,7978.5,8108.98,8243.85,8381.08,8518.31
74,Italy,ITA,56725.45,56762.1,56803.12,56834.45,56843.65,56844.28,56864.3,56893.9,56907.32,56918.1,56946.75,56977.45,57076.9,57358.9,57732.68,57993.18,58163.93,58491.95,58870.2,59119.08,59299.25,59383.12,59576.1,60371.12,60790.75,60714.35,60617.98,60523.52,60406.23,59910.75
75,Jamaica,JAM,2419.9,2439.33,2461.05,2484.58,2509.04,2533.71,2558.63,2583.91,2608.87,2632.68,2654.7,2674.71,2692.84,2709.44,2725.02,2740,2754.41,2768.23,2781.87,2795.84,2810.46,2825.93,2842.13,2858.71,2875.14,2891.02,2906.24,2920.85,2934.29,2947.72
76,Japan,JPN,124494,124918.5,125318.5,125692.8,126037,126349,126629.5,126881.2,127109.5,127321,127519.7,127708.8,127886.2,128049,128192.8,128313.8,128410.5,128481.2,128525.2,128541.2,128527.5,128483.5,128407.5,128297,128150.5,127966.8,127744.8,127483.8,127182.8,126840.2
77,Jordan,JOR,3565.89,3760.49,3977.67,4201.56,4410.36,4588.84,4732.85,4848.54,4943.98,5031.75,5122.5,5217.33,5317.51,5434.04,5580.24,5765.64,5991.55,6255.29,6556.47,6893.26,7261.54,7662.86,8089.96,8518.99,8918.82,9266.57,9554.29,9785.84,9924.94,10064
78,Kazakhstan,KAZ,--,--,16302.8,16181.2,16022.2,15839.4,15631.9,15406,15190.2,15020.6,14922.7,14910.2,14976.2,15100,15250,15402.8,15551.3,15702.1,15862.1,16043,16252.3,16490.7,16751.5,17026.1,17302.6,17572,17830.9,18080,18312.2,18544.5
79,Kenya,KEN,23724.57,24521.73,25326.1,26136.23,26950.53,27768.28,28589.47,29415.65,30250.5,31098.78,31964.53,32848.58,33751.77,34678.77,35635.27,36624.92,37649.02,38705.95,39792,40901.77,42030.7,43178.25,44343.48,45519.97,46700.07,47878.32,49051.52,50221.17,51404.53,52587.9
80,Kyrgyzstan,KGZ,--,--,4454.19,4483.84,4518.81,4566.1,4629.4,4705.65,4786.77,4861.12,4920.71,4962.84,4991.48,5013.54,5039,5075.34,5124.38,5184.38,5254.97,5334.71,5422.3,5517.93,5621.58,5731.31,5844.52,5959.13,6074.33,6189.73,6301.21,6412.7
81,Laos,LAO,4258.47,4379.23,4500.35,4619.95,4735.84,4846.48,4951.19,5050.31,5144.6,5235.34,5323.7,5409.58,5493.25,5576.64,5662.2,5751.67,5846.08,5944.95,6046.63,6148.62,6249.17,6347.56,6444.53,6541.3,6639.76,6741.16,6845.85,6953.03,7060.54,7168.05
82,Latvia,LVA,--,--,2585.68,2540.9,2500.58,2469.53,2444.91,2420.79,2399.25,2381.72,2353.38,2320.96,2299.39,2276.52,2249.72,2227.87,2208.84,2191.81,2162.83,2120.5,2074.6,2044.81,2023.82,2001.47,1986.1,1968.96,1950.12,1935.83,1921.17,1906.29
83,Lebanon,LBN,2803.03,2921.7,3076.13,3246.13,3403.36,3528.38,3610.66,3658.43,3693.51,3747.76,3842.77,3991,4182.21,4388.38,4569.38,4698.76,4759.76,4767.35,4764.75,4813.03,4953.06,5202.02,5537.62,5913.02,6261.05,6532.68,6714.28,6819.37,6821.4,6823.42
84,Lesotho,LSO,1703.76,1742.53,1782.28,1822.24,1861.32,1898.6,1934.29,1968.05,1997.52,2019.73,2032.81,2035.74,2029.83,2018.35,2005.95,1996.11,1989.93,1986.93,1987.13,1990.14,1995.57,2003.79,2014.99,2028.53,2043.45,2059.01,2075.04,2091.53,2108.44,2125.34
85,Liberia,LBR,2075.92,2069.67,2063.41,2057.16,2050.91,2044.66,2205.42,2366.17,2526.93,2687.69,2848.45,2922.38,2996.31,3070.25,3144.18,3218.11,3352.76,3487.41,3622.06,3756.71,3891.36,4007.53,4123.71,4239.88,4356.06,4472.23,4589.32,4706.41,4823.5,4940.59
86,Lithuania,LTU,--,--,3693.93,3671.3,3642.99,3615.21,3588.01,3562.26,3536.4,3512.07,3487,3454.64,3431.5,3398.93,3355.22,3289.83,3249.98,3212.6,3183.86,3141.98,3052.59,3003.64,2971.91,2943.47,2921.26,2888.56,2847.9,2808.9,2794.18,2794.09
87,Luxembourg,LUX,382.488,387.65,392.819,398.156,403.606,409.369,414.881,420.1,425.362,431.256,436.975,442.156,446.706,452.462,458.879,466.14,473.524,480.945,489.862,498.854,508.175,519.973,532.469,544.94,557.979,571.265,585.26,597.753,609.436,621.528
88,Madagascar,MDG,11598.7,11942.8,12301.3,12675.5,13066.5,13475.4,13902.7,14347.9,14808.8,15282.5,15766.8,16260.9,16765.1,17279.1,17803,18336.7,18880.3,19433.5,19996.5,20569.1,21151.6,21744,22346.6,22961.3,23589.9,24234.1,24894.4,25570.5,26277.3,26984.2
89,Malawi,MWI,9404.5,9600.36,9685.97,9710.33,9745.7,9844.42,10022.8,10264.9,10552.3,10854.3,11148.8,11432,11713.7,12000.2,12301.8,12626,12973.7,13341.8,13727.9,14128.2,14539.6,14962.1,15396,15839.3,16289.5,16745.3,17205.2,17670.2,18156.8,18643.4
90,Malaysia,MYS,18090.57,18576.15,19059.78,19546.92,20042.9,20553.55,21084.65,21631.62,22183.58,22729.2,23258.47,23769.38,24268.73,24762.25,25255.4,25754.27,26264.93,26782.55,27295.8,27793.22,28263.55,28701.38,29114.62,29515.02,29914.47,30323.4,30742.55,31164.95,31587.03,32005.27
91,Maldives,MDV,223.159,229.743,236.271,242.596,248.582,254.144,259.178,263.836,268.445,273.522,279.396,286.309,294.185,302.681,311.265,319.604,327.489,335.172,343.448,353.391,365.73,380.493,397.231,415.592,435.018,454.914,475.505,496.398,511.113,525.827
92,Mali,MLI,8449.92,8635.53,8850.33,9087.17,9334.89,9585.66,9837.58,10094.4,10360.6,10642.9,10946.5,11271.6,11616.9,11982.7,12369.1,12775.5,13203.4,13651.5,14113.6,14581.4,15049.3,15514.6,15979.5,16449.8,16934.2,17438.8,17965.4,18512.4,19091.9,19671.4
93,Malta,MLT,355.91,359.543,362.977,366.431,376.433,378.404,381.405,384.176,386.397,388.759,391.415,394.641,397.296,399.867,402.668,404.999,405.616,407.832,410.926,414.027,414.989,417.546,422.509,429.424,439.691,450.415,460.297,475.701,493.559,514.564
94,Mauritania,MRT,2034.35,2090.2,2146.06,2201.92,2257.77,2313.63,2376.95,2440.26,2503.58,2566.9,2630.22,2709.01,2787.81,2866.61,2945.4,3024.2,3118.2,3212.2,3306.2,3400.2,3494.2,3604.62,3715.04,3825.46,3935.88,4046.3,4166.98,4287.65,4408.32,4528.99
95,Mauritius,MUS,1055.868,1068.432,1082.948,1098.605,1114.145,1128.675,1141.95,1154.143,1165.29,1175.573,1185.145,1193.91,1201.805,1208.993,1215.667,1222.008,1228.09,1233.89,1239.262,1243.998,1247.953,1251.073,1253.49,1255.458,1257.35,1259.458,1261.87,1264.495,1266.92,1269.345
96,Mexico,MEX,84139.4,85705.88,87265.93,88813.72,90343.43,91848.92,93326.07,94779.3,96217.03,97648.28,99077.14,100487.5,101878.2,103276.5,104707.5,106199.8,107767.5,109391.8,111040.5,112682.2,114291.8,115875.8,117451.5,119010.5,120543.5,122042.5,123510.2,124950.2,126362.2,127745.8
97,Moldova,MDA,--,--,4356.9,4345.6,4350.5,4345.7,4331.9,4317.5,3655.6,3649.9,3644.1,3635.1,3627.8,3618.3,3607.4,3600.4,3589.9,3581.1,3572.7,3567.5,3563.7,3560.4,3559.5,3559.5,3557.6,3555.2,3553.1,3550.9,3547.5,3542.7
98,Mongolia,MNG,2184.14,2217.92,2243.5,2263.2,2280.48,2298.02,2316.57,2335.74,2355.67,2376.23,2397.42,2419.59,2443.26,2468.76,2496.39,2526.43,2558.85,2593.82,2631.9,2673.79,2719.9,2770.36,2824.7,2881.78,2940.11,2998.43,3056.36,3113.79,3168.62,3223.46
99,Montenegro,MNE,--,--,--,--,--,--,--,--,--,--,--,--,--,--,--,--,617.863,619.554,621.312,622.933,624.279,625.271,625.931,626.342,626.65,626.957,627.271,627.563,627.729,627.896
100,Morocco,MAR,24807.5,25260.4,25711.4,26155.2,26584.5,26994.3,27383.5,27754.6,28110.4,28455.5,28793.7,29126.3,29454.8,29782.9,30115.2,30455.6,30804.7,31163.7,31536.8,31929.1,32343.4,32781.9,33241.9,33715.7,34192.4,34663.6,35126.3,35581.3,36024.4,36467.5
101,Mozambique,MOZ,12987.3,13328.02,13806,14370.95,14948.08,15483.28,15960.45,16397.18,16813.95,17244.17,17711.92,18221.88,18764.15,19331.07,19910.55,20493.9,21080.12,21673.32,22276.57,22894.7,23531.57,24187.5,24862.68,25560.75,26286.2,27042.02,27829.93,28649,29517.8,30386.6
102,Namibia,NAM,1432.9,1476.4,1516.95,1555.1,1591.83,1627.87,1663.38,1698.03,1731.64,1763.86,1794.58,1823.67,1851.52,1879.11,1907.74,1938.32,1971.32,2006.52,2043.38,2081.04,2118.88,2156.7,2194.78,2233.51,2273.43,2314.9,2358.04,2402.62,2448.72,2494.82
103,Nepal,NPL,18905.5,19405.5,19938.3,20490,21040.9,21576.1,22090.3,22584.8,23057.9,23510,23941.1,24347.1,24725.6,25080.9,25419.3,25744.5,26066.7,26382.6,26666.6,26883.5,27013.2,27041.2,26989.2,26916.8,26906,27015,27263.4,27632.7,28134.1,28635.4
104,Netherlands,NLD,14966.25,15084.65,15197.95,15303.17,15393.15,15467.75,15539.65,15621.55,15720.45,15825.08,15940.9,16060.95,16159.85,16233.47,16287.72,16323.45,16349.08,16387.62,16455.65,16541.55,16625.5,16702.38,16761.15,16810.65,16873.95,16949.7,17043.1,17143.75,17244.25,17360.55
105,New Zealand,NZL,3444.225,3515.325,3517.317,3557.84,3603.145,3655.192,3712.318,3765.167,3804.173,3830.005,3850.842,3876.323,3924.355,3998.65,4067.165,4119.125,4166.592,4211.695,4248.375,4288.242,4335.42,4374.72,4401.413,4431.982,4489.612,4577.105,4677.248,4778.79,4869.603,4956.06
106,Nicaragua,NIC,4173.44,4267.57,4364.51,4462.5,4559.01,4652.19,4741.57,4827.66,4910.64,4991.04,5069.31,5145.37,5219.32,5292.12,5364.93,5438.69,5513.76,5590.07,5667.44,5745.54,5824.06,5903.04,5982.53,6062.46,6142.73,6223.23,6303.97,6384.84,6464.75,6544.65
107,Niger,NER,8026.59,8288.74,8566.77,8860.3,9168.32,9490.29,9826.6,10178.2,10545.7,10929.9,11331.6,11751.4,12190,12648,13125.9,13624.5,14144,14685.4,15250.9,15843.1,16464,17114.8,17795.2,18504.3,19240.2,20001.7,20788.8,21602.4,22470.5,23338.6
108,Nigeria,NGA,95212.45,97667.62,100161.8,102700.7,105293.5,107948.5,110668.8,113457.8,116319.8,119260,122284,125394,128596.2,131900.5,135320.5,138865.2,142538.2,146340.2,150270,154325.2,158503,162805.3,167228.8,171766,176405,181137.2,185960,190873.2,195962,201050.8
109,North Macedonia,MKD,--,--,1988.66,1984.02,1981.71,1983.26,1989.44,1999.59,2012.05,2024.39,2034.82,2042.84,2048.93,2053.43,2057.04,2060.28,2063.13,2065.41,2067.31,2069.03,2070.74,2072.48,2074.27,2076.06,2077.78,2079.33,2080.75,2082,2082.46,2082.92
110,Norway,NOR,4243.56,4264.705,4289.592,4315.195,4339.56,4361.878,4384.178,4408.27,4434.93,4466.06,4494.085,4516.33,4541.683,4568.005,4595.522,4627.522,4665.79,4716.155,4775.97,4836.095,4897.018,4961.285,5026.745,5086.71,5144.545,5194.135,5240.47,5281.63,5315.99,5352.817
111,Pakistan,PAK,107648,110779,113911,117087,120363,123777,127349,131057,134843,138625,142344,145978,149550,153093,156665,160304,164023,167808,171649,175526,179425,183340,187280,191261,195305,199427,203631,207906,212235,216564
112,Panama,PAN,2470.95,2523.11,2575.95,2629.58,2684.12,2739.67,2796.29,2853.91,2912.32,2971.2,3030.33,3089.64,3149.2,3209.06,3269.36,3330.22,3391.67,3453.67,3516.2,3579.22,3642.69,3706.48,3770.64,3835.45,3901.31,3968.49,4037.07,4106.76,4176.1,4245.43
113,Papua New Guinea,PNG,4615.84,4725.54,4836.22,4949.05,5065.66,5187.06,5314.26,5446.63,5581.77,5716.17,5847.59,5974.63,6098.62,6223.38,6354.25,6494.9,6646.89,6808.5,6976.2,7144.77,7310.51,7472.2,7631,7788.39,7946.73,8107.77,8271.77,8438.04,8607.7,8777.36
114,Paraguay,PRY,4223.41,4334.35,4445.02,4555.52,4666.1,4776.84,4887.64,4998.1,5107.84,5216.35,5323.2,5428.44,5531.96,5632.98,5730.56,5824.1,5913.21,5998.43,6081.3,6163.97,6248.02,6333.98,6421.51,6510.27,6599.52,6688.75,6777.88,6867.06,6955.55,7044.04
115,Peru,PER,22071.4,22522.4,22966.8,23408.1,23851.4,24299.2,24753.8,25211,25658.1,26078.3,26459.9,26799.3,27101,27372.2,27624.2,27866.1,28102.1,28333.1,28562.3,28792.7,29027.7,29264.3,29506.8,29774,30090.4,30470.7,30926,31444.3,31953.5,32462.7
116,Philippines,PHL,62089.6,63646.35,65213.1,66791.25,68381.85,69986.48,71607.62,73244,74891.05,76543.72,78200.52,79873.02,81561.15,83245.38,84906,86522.6,88080.85,89595.67,91095.88,92610.5,94167.67,95780.6,97429.3,99085.25,100719.5,102306.5,103842.5,105345.5,106826.2,108296.2
117,Poland,POL,38128.9,38261.95,38377.27,38472.25,38552.12,38598.6,38628.12,38652.25,38664.35,38414.68,38257.45,38248.68,38227.4,38201.1,38180.1,38163.33,38137.35,38119.33,38128.3,38065.25,38047.78,38063.38,38063.02,38034.62,38010.2,37981.6,37970.8,37975.3,37974.27,37963.62
118,Portugal,PRT,9980.025,9957.686,9953.11,9967.103,9995.822,10030.55,10069,10115.2,10166.8,10225.6,10300.12,10370.72,10425.88,10462.35,10486.6,10505.5,10524.85,10545.58,10559.4,10569.55,10573,10553.78,10507.95,10449.8,10394.5,10353.9,10321.5,10297.97,10282,10288.67
119,Qatar,QAT,476.275,487.354,495.403,501.479,507.044,513.447,522.531,535.32,551.566,570.486,592.467,615.013,640.872,681.791,753.332,865.41,1022.7,1218.44,1436.67,1654.94,1856.33,2035.86,2196.08,2336.58,2459.2,2565.71,2654.38,2724.73,2776.84,2828.95
120,Romania,ROU,23199.45,22953.38,22790.35,22759.48,22725.75,22677.22,22609.72,22547,22502.65,22467.9,22439.85,22057.35,21704.75,21561,21434.4,21304,21177.95,20821.1,20513.5,20349.3,20234.95,20134.65,20048.55,19974.6,19899.4,19801.85,19687.68,19574.9,19459.1,19360.95
121,Russia,RUS,--,--,148225.5,148317.8,148303.5,148206.5,148000.7,147674.2,147264.5,146812,146340.5,145798.2,145176,144554.5,144019.2,143642.5,143428.5,143327.8,143318.8,143381,143503.5,143719,144031,144386.5,144729.5,145017,145271.2,145517.8,145729.2,145876.3
122,Rwanda,RWA,7288.88,7083.93,6702.24,6263.76,5936.25,5836.49,6013.11,6419.9,6962.8,7501.24,7933.69,8231.15,8427.06,8557.16,8680.52,8840.22,9043.34,9273.76,9524.53,9782.77,10039.3,10293.3,10549.7,10811.5,11083.6,11369.1,11668.8,11981,12304.7,12628.5
123,Saint Kitts and Nevis,KNA,40.26,40.6234,40.9868,41.3502,41.7136,42.077,42.4782,42.8794,43.2806,43.6818,44.083,44.6368,45.1906,45.7444,46.2982,46.852,47.2838,47.7156,48.1474,48.5792,49.011,49.4496,49.8882,50.3268,50.7654,51.204,51.6016,51.9992,52.3968,52.7944
124,Saint Vincent/Grenadines,VCT,107.489,107.772,107.941,108.036,108.059,108.043,107.983,107.895,107.807,107.763,107.787,107.893,108.095,108.322,108.52,108.617,108.602,108.516,108.401,108.293,108.26,108.315,108.435,108.624,108.868,109.135,109.467,109.826,110.2,110.573
125,Samoa,WSM,162.797,164.248,165.698,167.149,168.599,170.05,170.931,171.812,172.692,173.573,174.454,175.508,176.561,177.615,178.668,179.722,180.966,182.211,183.455,184.7,185.944,187.457,188.97,190.484,191.997,193.51,194.49,195.47,196.45,197.43
126,Sao Tome and Principe,STP,119.211,121.949,124.574,127.066,129.426,131.679,133.799,135.831,137.855,139.964,142.264,144.76,147.45,150.405,153.736,157.472,161.676,166.297,171.122,175.877,180.372,184.521,188.394,192.076,195.727,199.439,203.221,207.086,211.111,215.136
127,Saudi Arabia,SAU,16233.8,16772.7,17282.7,17763.3,18214.5,18638.8,19033.8,19407.1,19783.3,20194.5,20476,20979,21495,22023,22564,23330,24122,24941,25787,26661,27563,28376,29196,29994,30770,31016,31742,32613,33414,34218
128,Senegal,SEN,7526.31,7755.5,7990.09,8226.75,8461.07,8690.16,8912.87,9130.88,9347.78,9568.72,9797.73,10036.1,10283.7,10541.5,10810.1,11090.1,11382.3,11687.1,12004.7,12335.1,12678.1,13033.8,13402,13782.4,14174.7,14578.5,14993.5,15419.3,15860.9,16302.4
129,Serbia,SRB,--,--,--,--,--,--,--,--,--,--,--,--,--,--,--,--,7411.57,7381.58,7350.22,7320.81,7291.44,7236.52,7201.5,7166.55,7131.79,7095.38,7058.32,7020.86,6982.6,6958.2
130,Seychelles,SYC,70.57198,71.446,72.66103,74.07102,75.444,76.65302,77.597,78.35699,79.06397,79.904,80.99802,82.41302,84.077,85.80702,87.38798,88.652,89.52797,90.082,90.45,90.788,91.273,91.882,92.60802,93.397,94.214,94.98103,95.71103,96.41797,97.05865,97.69933
131,Sierra Leone,SLE,4319.76,4348.66,4347.73,4328.96,4309.78,4303.95,4312.66,4335.29,4381.48,4462.37,4584.57,4754.07,4965.77,5201.07,5434,5645.63,5829.24,5989.64,6133.6,6272.73,6415.64,6563.24,6712.59,6863.98,7017.15,7171.91,7328.85,7488.43,7651.28,7814.13
132,Singapore,SGP,3056.358,3147.512,3240.24,3328.093,3432.223,3545.325,3685.068,3812.8,3924.922,3969.718,4044.215,4138.243,4162.118,4128.37,4182.005,4284.993,4427.995,4623.923,4851.505,4995.027,5091.213,5201.145,5320.652,5406.97,5477.55,5544.473,5603.695,5616.895,5649.192,5696.185
133,Slovakia,SVK,--,--,--,5328.095,5348.8,5363.445,5374.755,5384.38,5391.232,5396.68,5386.235,5378.89,5376.4,5372.998,5372.382,5372.84,5373.085,5374.98,5380.025,5387.405,5391.685,5399.868,5408.395,5414.03,5419.325,5424.415,5431.933,5440.205,5447.683,5455.077
134,Slovenia,SVN,--,--,1994.08,1989.41,1989.48,1990.27,1986.99,1984.92,1978.33,1987.76,1990.09,1994.03,1995.03,1996.43,1997.59,2003.36,2010.38,2010.27,2032.36,2046.98,2050.19,2055.5,2058.82,2061.08,2062.87,2064.19,2065.9,2066.88,2080.91,2095.86
135,Solomon Islands,SLB,311.869,320.781,330.004,339.501,349.273,359.276,369.517,379.998,390.702,401.592,412.665,423.949,435.434,447.016,458.549,469.918,481.086,492.133,503.366,515.182,527.861,541.522,556.066,571.329,587.079,603.133,619.438,636.03,652.979,669.929
136,South Africa,ZAF,36914.08,37832.27,38791.93,39754.48,40680.35,41534.88,42315.38,43045.12,43736.12,44400.55,45045.38,45655.07,46226.8,46785.07,47355.7,47959.03,48586.75,49226.53,49887.6,50579.72,51314.55,52105.77,52944.27,53804.32,54659.3,55487.48,56294,57092.65,57879.6,58650.23
137,South Korea,KOR,42976.22,43441.48,43924.38,44411.65,44889.72,45348.7,45796.52,46238.77,46664.43,47061.67,47419.98,47736.5,48018.6,48273.3,48507.93,48725.75,48913.65,49070.88,49218.88,49379.65,49575.55,49821.68,50101.63,50385.02,50641,50842.27,50985.7,51089.67,51165.45,51224.18
138,Spain,ESP,38870.85,38987.62,39184.27,39385.58,39571.75,39745.15,39910.23,40078.9,40243.52,40407.7,40592.3,40896.62,41530.62,42277.57,43015.5,43742.4,44494.15,45337.33,46025.4,46393.85,46599.48,46761.57,46761.77,46593.07,46473.05,46443.65,46495.05,46609.5,46832.6,47184.25
139,Sri Lanka,LKA,17325.8,17535.7,17736.8,17924.8,18094.5,18242.9,18367.3,18470.9,18564.6,18663.3,18777.6,18911.7,19062.5,19224,19387.2,19545,19696,19842,19984,20123.5,20261.7,20398.5,20532.6,20663.1,20788.5,20908,21021.2,21128,21223.1,21318.2
140,Sudan,SDN,20147.6,20891.4,21696.2,22527.8,23338.5,24094.7,24782.4,25413.9,26015.5,26626.5,27275,27971.1,28704.8,29460.5,30214.2,30949.5,31661.8,32360.6,33060.8,33783.8,34545,35349.7,36193.8,37072.6,37977.7,38902.9,39847.4,40813.4,41825.4,42837.3
141,Suriname,SUR,405.169,413.009,420.658,428.028,435.099,441.851,448.207,454.165,459.838,465.38,470.944,476.574,482.228,487.938,493.68,499.461,505.292,511.181,517.122,523.113,529.126,535.177,541.247,547.295,553.278,559.136,564.883,570.501,575.879,581.256
142,Sweden,SWE,8566.782,8624.062,8674.053,8725.197,8789.654,8829.58,8841.875,8846.45,8851.811,8858.762,8874.779,8899.252,8928.915,8962.59,8997.995,9034.115,9088.691,9156.8,9228.814,9309.055,9387.488,9457.622,9528.5,9611.5,9708.923,9812.145,9941.1,10073.33,10188.95,10291.05
143,Switzerland,CHE,6750.7,6842.8,6908.002,6968.6,7019.03,7062.373,7081.391,7096.518,7123.498,7164.4,7204.055,7255.652,7313.855,7364.147,7415.102,7459.13,7508.74,7593.495,7701.854,7785.808,7870.135,7954.663,8039.06,8139.63,8237.665,8327.127,8419.55,8484.13,8544.524,8606.033
144,Syria,SYR,12446.2,12815.4,13187.7,13565.1,13950.5,14345.5,14754.2,15175.3,15599.6,16014,16410.8,16766.6,17084.6,17415.2,17827.8,18361.2,19059.3,19878.3,20664,21205.9,21362.5,21081.8,20438.9,19578.5,18710.7,17997.4,17465.6,17095.7,17230.7,17365.7
145,Tajikistan,TJK,--,--,5502.49,5593.32,5679.17,5764.81,5851.35,5938.4,6027.4,6119.66,6216.33,6318.51,6426.86,6541.55,6662.39,6789.32,6922.59,7062.67,7209.92,7364.75,7527.4,7697.51,7874.84,8059.78,8252.83,8454.02,8663.58,8880.27,9099.39,9318.52
146,Tanzania,TZA,25203.85,26056.62,26961.22,27887.23,28792.62,29649.12,30444.53,31192.85,31924.18,32682.22,33499.18,34385.85,35334.8,36337.77,37379.75,38450.32,39548.7,40681.43,41853.95,43073.82,44346.52,45673.5,47053.05,48483.12,49960.57,51482.65,53049.23,54660.3,56351.65,58042.93
147,Thailand,THA,56644.15,57307.4,57877.2,58406.1,58947.65,59551.62,60234.5,60961.52,61694.05,62392.95,63024.5,63587.95,64105.75,64586.48,65038.45,65467.4,65866.59,66233.1,66576.77,66908.12,67236.34,67562.85,67881.3,68187.45,68476.98,68746.7,68998.65,69234.73,69452.12,69647.88
148,The Bahamas,BHS,256.227,261.007,266.028,271.065,275.849,280.179,283.98,287.363,290.6,294.063,298.045,302.618,307.657,313.123,318.893,324.848,331.032,337.387,343.68,349.6,354.936,359.583,363.581,367.162,370.625,374.2,377.923,381.749,385.582,389.415
149,Timor-Leste,TLS,--,--,--,--,--,--,--,--,--,--,--,--,--,947.11,971.889,995.13,1016.44,1036.39,1055.43,1074.29,1093.52,1113.15,1133,1153.29,1174.33,1196.29,1219.29,1243.26,1268.32,1293.38
150,Togo,TGO,3774.31,3863,3945.9,4029.04,4120.62,4226.29,4348.81,4485.94,4632.45,4780.46,4924.41,5062.57,5197.04,5330.63,5467.77,5611.64,5762.88,5920.36,6083.42,6250.84,6421.67,6595.94,6773.81,6954.72,7138,7323.16,7509.95,7698.48,7891.9,8085.32
151,Tonga,TON,95.069,95.243,95.398,95.556,95.739,95.972,96.267,96.621,97.036,97.475,97.962,98.482,99.023,99.591,100.214,100.908,101.714,102.577,103.384,103.897,103.981,103.558,102.736,101.768,101.023,100.78,101.143,102.002,103.234,104.465
152,Trinidad and Tobago,TTO,1221.12,1229.11,1236.69,1243.6,1249.53,1254.2,1257.55,1259.84,1261.7,1263.93,1267.16,1271.63,1277.21,1283.56,1290.11,1296.5,1302.55,1308.45,1314.45,1320.92,1328.14,1336.18,1344.81,1353.71,1362.34,1370.33,1377.56,1384.06,1389.2,1394.35
153,Tunisia,TUN,8242.51,8427.85,8613.86,8795.93,8967.92,9125.4,9267.33,9395.12,9509.86,9613.59,9708.35,9793.92,9871.26,9945.28,10022.3,10106.8,10201.2,10304.7,10414.4,10525.7,10635.2,10741.9,10847,10953,11063.2,11180,11303.9,11433.4,11561.8,11690.2
154,Turkey,TUR,54037.67,54959.7,55867.6,56771.07,57680.1,58604,59545.65,60498.57,61455.98,62410.95,63358.2,64300.42,65240.88,66176.15,67103.16,68013.08,68878.57,69708.62,70551,71454.75,72467.58,73614.25,74860.52,76154.12,77440.75,78684.5,79932.5,81203.25,82425.38,83524.67
155,Uganda,UGA,17354.4,17953.55,18561.65,19175.98,19793.55,20413.15,21032.82,21655.38,22290.77,22952.4,23650.18,24388.97,25167.27,25980.55,26821.3,27684.6,28571.48,29486.32,30431.72,31411.1,32428.15,33476.8,34558.67,35694.55,36911.52,38225.45,39649.17,41166.6,42691.4,44216.2
156,Ukraine,UKR,--,--,52056.6,52244.1,52114.4,51728.4,51297.1,50818.4,50370.8,49918.1,49429.8,48923.2,48457.1,48003.5,47622.4,47280.8,46929.5,46646,46372.7,46143.7,45962.9,45778.5,45633.6,45553,45426.2,42929.3,42760.5,42584.5,42386.4,42153.2
157,United Arab Emirates,ARE,1828.44,1945.77,2063.1,2180.43,2297.77,2415.1,2558.89,2702.69,2846.48,2990.27,3134.07,3424.9,3715.73,4006.56,4297.39,4588.22,5380.58,6172.93,6965.29,7757.64,8550,8692.58,8835.16,8977.74,9120.32,9262.9,9388.4,9513.9,9639.4,9764.9
158,United Kingdom,GBR,57265.62,57453.82,57600.05,57733.7,57883.32,58040.88,58183.43,58334.8,58504.12,58708.82,58915.95,59146.23,59401.02,59678.73,60017.27,60461.68,60893.38,61382.93,61874.38,62327.27,62827.23,63330.95,63753.93,64173.02,64662.48,65178.82,65687.88,66089.75,66478.92,66827.7
159,United States,USA,249516.8,252831.2,256391.2,259809.5,263017.8,266179.2,269310.5,272559.2,275762.2,278941.5,282054.2,284871.2,287542.8,290065.2,292731.8,295433.5,298287.8,301157,304010.5,306705.5,309274.2,311695.5,314178.5,316569,319083.2,321618,324117.8,326379.8,328317.2,330043.8
160,Uruguay,URY,3109.6,3131.66,3154.46,3177.73,3201.15,3224.27,3247.38,3270.16,3291.05,3308,3319.73,3325.47,3326.05,3323.66,3321.49,3321.8,3325.4,3331.75,3340.22,3349.68,3359.27,3368.93,3378.98,3389.44,3400.44,3412.01,3424.14,3436.65,3449.01,3461.37
161,Uzbekistan,UZB,--,--,21375.1,21862,22336.2,22791,23225.3,23640.5,24036,24412.1,24770,25108.6,25431.1,25749.1,26077.6,26427.8,26804.1,27204.7,27627,28065.5,28515.9,28977,29449.4,29932.6,30426.4,30929.6,31441.8,31959.8,32462.9,32966.1
162,Vanuatu,VUT,146.575,150.718,155.176,159.743,164.128,168.161,171.721,174.917,177.987,181.259,184.964,189.209,193.927,198.96,204.123,209.282,214.379,219.464,224.7,230.244,236.216,242.658,249.505,256.637,263.888,271.128,278.326,285.499,292.716,299.933
163,Venezuela,VEN,19632.68,20096.3,20557.72,21016.93,21474.53,21931.07,22385.65,22837.72,23288.57,23739.82,24192.45,24646.45,25100.4,25551.62,25996.6,26432.45,26850.15,27247.6,27635.82,28031,28439.93,28887.85,29360.82,29781.08,30043,30081.82,29851.25,29402.48,28887.13,28515.85
164,Vietnam,VNM,67988.9,69437,70883.5,72300.3,73651.2,74910.5,76068.7,77133.2,78115.7,79035.9,79910.4,80742.5,81534.4,82301.6,83062.8,83832.7,84617.5,85419.6,86243.4,87092.2,87967.7,88871.4,89801.9,90752.6,91713.9,92677.1,93640.4,94600.6,95513.3,96425.9
165,Zambia,ZMB,8036.847,8246.662,8451.346,8656.482,8869.745,9096.609,9339.74,9597.609,9866.476,10140.58,10415.95,10692.17,10971.68,11256.72,11550.67,11856.25,12173.5,12502.97,12848.52,13215.15,13606,14023.18,14465.15,14926.53,15399.8,15879.38,16363.45,16853.6,17363.72,17873.85
166,Zimbabwe,ZWE,10432.4,10681,10900.5,11092.8,11261.8,11410.7,11541.2,11653.2,11747.1,11822.7,11881.5,11923.9,11954.3,11982.2,12019.9,12076.7,12155.5,12255.9,12379.5,12527,12697.7,12894.3,13115.2,13350.4,13586.7,13814.6,14030.3,14236.6,14445.4,14654.2
