,Country,Code,1990,1991,1992,1993,1994,1995,1996,1997,1998,1999,2000,2001,2002,2003,2004,2005,2006,2007,2008,2009,2010,2011,2012,2013,2014,2015,2016,2017,2018
0,Angola,AGO,72.25525192,71.8886392,72.72328252,71.27705632,72.22026891,73.94588834,73.13960045,73.73441595,76.81979363,73.41078383,73.44110107,72.33730316,70.42099762,65.14040375,61.91569901,68.37830353,62.127300260000005,58.49160004,54.88209915,52.41389847,50.76480103,49.239200589999996,49.44329834,47.93849945,48.2112999,47.81560135,49.008098600000004,56.18050003,56.78549956999999
1,Albania,ALB,25.51808763,32.99817424,46.81332881,51.152042300000005,51.459544220000005,50.60970958,51.63636056,55.95334942,49.98336543999999,42.71831341,41.44499969,39.12530136,35.89580154,33.75170135,35.93470001,36.86830139,31.7098999,32.10039902,35.91189957,37.21519852,37.11370087,35.96110153,40.04669952,41.28699875,38.69739914,38.62559891,39.58729935,37.21979904,38.26639938
2,United Arab Emirates,ARE,0.0,0.0,0.188369133,0.15035617699999998,0.12014534,0.11260448599999999,0.080332347,0.076355659,0.07246992099999999,0.07164855099999999,0.076399997,0.0647,0.066500001,0.066299997,0.10040000100000002,0.10520000000000002,0.117399998,0.112800002,0.11079999800000001,0.10769999800000002,0.109399997,0.109200001,0.10180000199999997,0.102899998,0.13770000599999999,0.12639999400000002,0.123000003,0.17319999600000002,0.259200007
3,Argentina,ARG,8.922907467,8.748184307,9.471649616,10.12834244,10.73490935,11.20518463,10.19385559,10.9990734,11.34300914,10.30617339,9.847999573,11.50889969,11.61909962,10.82460022,9.288700104,9.643500328,9.180100441,7.716599940999999,7.651100158999999,8.590999603,8.787500381000001,8.833100319,8.611800194,8.913399696,9.781399727,9.393199921,9.376899718999999,10.36849976,10.52079964
4,Armenia,ARM,2.1189443409999997,2.309435803,6.677678940999999,12.936833680000001,17.76365341,9.274352707,12.473304369999997,10.12011439,9.380563414,8.358795379,7.162899971,5.418000221000001,8.897299767,9.809300423,8.705699921,6.4893999099999995,7.650800227999999,7.015200137999998,6.403200149999999,7.798299789,9.357099533,8.007200241,6.563799857999999,6.7699999810000016,7.0809001920000005,10.7468996,13.151499749999997,12.56260014,11.13300037
5,Antigua and Barbuda,ATG,0.0,0.0,0.0,0.0,0.0,0.0,0.0,0.0,0.0,0.0,0.0,0.0,0.0,0.0,0.0,0.0,0.0,0.0,0.0,0.0,0.0,0.077799998,0.152099997,0.146599993,0.144400001,0.482199997,0.598399997,0.6021999720000001,0.9049000140000002
6,Australia,AUS,8.009577159,8.24547226,7.5164709720000005,8.616993882000001,8.259946779,8.217805712,8.86597056,9.080242836,8.595072694,8.507273787,8.423999786,8.37100029,8.739500046,7.151500225,6.680799961,6.7122998240000005,6.853600025000001,6.952000141,6.7899999620000004,7.148900032,8.163399696,8.318599701,8.294500351,9.215200423999999,9.316900253,9.315500259,9.419799805,9.686100006,9.645000458
7,Austria,AUT,25.13575415,24.49579821,26.136791580000004,26.35780775,25.67945465,25.63008795,24.03687734,24.871050899999997,24.40935442,26.43831079,26.43580055,25.52779961,24.68289948,22.55800056,23.17140007,24.43510056,26.750600810000005,29.02639961,29.75569916,31.28840065,31.134599689999998,31.63780022,34.28430176,34.70259857,35.79090118,34.87720108,34.61429977,33.95909882,33.84560013
8,Azerbaijan,AZE,0.722062718,0.8046463979999999,1.217250557,1.983066048,1.515961004,1.366840065,1.7389026639999998,1.9898487849999997,2.4843813999999997,2.143936114,2.065099955,1.7520999910000001,2.351200104,2.944099903,3.069999933,3.36439991,2.8610000610000004,3.7881999019999992,3.085799932,3.268599987,4.448999882,3.5557999610000004,2.8452999589999997,2.525899887,2.116600037,2.312200069,1.926800013,1.908800006,1.9713000059999999
9,Burundi,BDI,95.20067222,94.23866263,94.99578261,94.90709274,95.11796023,95.11184389,95.18932706,95.24278522,95.26169809,93.74959579,93.22570038,94.84069824,94.64880371,95.75839996,96.04109955,96.01039886,95.30500031,95.29160309,95.14550018,95.1760025,92.57050323,91.65339661,91.44689941,91.07980347,91.35220337,91.16819763,89.54199982,88.14150238,85.52690125
10,Belgium,BEL,1.269461495,1.215081737,1.1943332009999998,0.956473288,0.939572924,1.26038954,1.184407099,1.1484783109999999,1.291956464,1.400650838,1.4437999730000002,1.580500007,1.6813000439999999,1.888700008,2.022000074,2.458800077,2.822299957,3.337899923,3.9052999019999994,4.827300072,5.824800014,6.6300997729999995,7.758999825,8.092900276,9.124799728,9.376099586,9.206899643,9.637999535,10.6626997
11,Benin,BEN,93.70324086,94.96484833,94.85183513,94.98880117,94.97503519,94.77198722,84.14596757,80.62643185,79.56843189,76.9054247,70.2928009,66.85769653,64.04190063,61.7344017,60.69490051,59.19520187,57.30730057000001,54.49060059,54.76210022,52.83240128,47.19290161,48.69639969000001,50.32960129,51.96649933,51.048900599999996,49.943199160000006,45.42409897,45.38010025,43.97230148
12,Burkina Faso,BFA,93.15806029,93.25382296,93.29009799,93.47999276,93.60809416,93.14020004,92.15659354,91.39095485,91.01254906,86.85491661,85.40499878,83.67590332,79.34140015,79.07900238,83.52809906,86.54370117,84.61569977,82.42880249,82.93990326,83.59719849,81.45410156,80.57219696,77.17500305,75.42700195,75.24259949,72.71399689,72.26650238,69.08070374,66.96620178
13,Bangladesh,BGD,71.6649713,73.15966732,71.66070373,70.55712302,68.97990719,63.802809169999996,62.1240766,59.97285612000001,60.23397129,60.534395749999995,59.02180099000001,55.79859924000001,54.33649826,52.65309906000001,52.1413002,50.79719925,48.9280014,47.51350021,45.63029861,43.72520065,41.0746994,39.47409821,38.63600159,38.69960022,37.28649902,34.21630096,33.53620148,31.60320091,30.70619965
14,Bulgaria,BGR,1.9168485090000003,2.250552832,2.681073481,2.467834604,2.380942269,3.1067071960000003,3.546340551,3.8096627869999997,5.889736548999999,6.627507829000001,7.965300083000001,7.243500233,8.697299957,9.161600112999999,9.587100029,9.87349987,9.970399857,8.837400436,9.920499802,11.59780025,14.24059963,13.20320034,15.60319996,18.20639992,17.11720085,17.81990051,17.67300034,17.07999992,19.52750015
15,Bahrain,BHR,0.0,0.0,0.0,0.0,0.0,0.0,0.0,0.0,0.0,0.0,0.0,0.0,0.0,0.0,0.0,0.0,0.0,0.0,0.0,0.0,0.0,0.0,0.0,0.0,0.0,0.0,0.0,0.0,0.0
16,"Bahamas, The",BHS,0.0,0.0,0.0,0.0,0.0,0.0,0.0,0.0,0.0,0.0,0.0,0.42160001399999997,0.380800009,1.5407999749999999,1.591500044,1.7115000489999999,2.010799885,3.540699959,1.9690999980000004,1.831200004,1.6529999969999998,1.424600005,1.182100058,0.95539999,1.1414999959999999,1.5405999419999998,1.534600019,1.4437999730000002,1.019299984
17,Bosnia and Herzegovina,BIH,7.300098695,8.759514761,11.57373703,14.60941503,33.38614494,33.22296632,32.852673200000005,27.598257430000004,26.73914622,28.431077319999996,19.3526001,20.273799899999997,21.21430016,20.14049911,20.09959984,19.73469925,18.12400055,14.840399740000002,14.277600289999999,17.43420029,19.56780052,14.15799999,15.27880001,19.47649956,23.675899509999997,25.275400160000004,23.02820015,18.51989937,35.40090179
18,Belarus,BLR,0.817357745,0.8986916979999999,1.047870378,1.251142467,2.070323489,2.527815888,3.1013098739999996,3.393372875,3.640444439,3.9758640080000003,5.6437001229999995,6.253900051,6.518899918,6.24630022,6.27120018,6.825200081,7.193099976,7.273600101,7.080200195,7.387599945,7.295700073,7.518499851,7.241600037,6.96999979,6.691999912,6.823999882000001,6.734499931,7.288599967999999,7.219799994999999
19,Belize,BLZ,38.01163269,32.44136066,36.28913576,35.59518129999999,34.08094643,34.92029263,42.68214743,36.65767999,35.32468636,35.03215104,34.55260086,29.60840034,31.193000789999996,30.17499924,32.0177002,31.012800219999995,36.80160141,32.31069946,34.06290054,29.18020058,32.92869949,44.35599899,50.07450104,40.99000168,40.23770142,32.72639847,35.40999985,41.20339966,40.11629868
20,Bolivia,BOL,37.35900159,38.28154192,37.05265001,37.23544482,35.51942717,33.53601083,33.13726748,32.76115986,31.40213607,31.54482026,29.74379921,29.91160011,28.284200670000004,26.3125,25.225200649999998,23.13479996,21.79000092,20.59729958,18.17149925,16.51659966,15.6388998,13.80630016,13.05930042,12.309399600000003,10.76980019,8.198599815,8.141599655,7.460800171,7.572500229
21,Brazil,BRA,49.86467493,48.93816849,48.70118267,48.19908801,48.35000852,46.13435665,44.53288239,43.72510837,43.86157674,44.09727587,42.76399994,41.43610001,42.9715004,45.24840164,45.32030106,46.27059937,46.82400131,47.3348999,47.1814003,49.03850174,46.92419815,45.34329987,43.55110168,42.43130112,41.82920074,43.74060059,45.5766983,45.43640137,47.06169891
22,Barbados,BRB,18.94217652,18.48372623,16.98044176,15.11609015,15.11254959,16.03426018,16.80691101,16.40233393,12.13985672,12.81090636,14.31879997,12.56480026,11.29870033,9.947799683,9.929900169,9.907099724,9.903100014,9.710599899,8.628600121,9.402000427,9.077500342999999,4.658899784,4.209499836,3.508699894,3.4335999489999995,3.1782999039999997,3.501699924,5.161099911,5.835599899
23,Bhutan,BTN,95.89885217,95.91993814,95.28749205,95.85807466,95.29096375,94.37174975,93.24002063,91.35006424,91.53147094,91.56562294,91.39810181,91.74849701,91.20079803,91.91670227,93.45649719,91.66699982,91.92310333,92.07219696,91.80909729,92.38289642,90.79859924,89.01470184,87.31569672,86.69529724,86.54250336,86.68099976,84.9516983,83.55519867,81.09359741
24,Botswana,BWA,47.58463784,48.0827464,44.7082734,45.88542832,48.27315242,47.17403519,44.68880765,43.99899594,37.39760141,39.83467004,36.5603981,35.67139816,34.25490189,34.23410034,32.12789917,30.76919937,29.441400530000003,27.802700039999998,27.337699890000003,28.44790077,30.301399229999998,29.97909927,29.60810089,28.781799319999998,28.14719963,28.22800064,28.11300087,28.36680031,28.19890022
25,Central African Republic,CAF,93.49428096,93.75224827,94.1078509,93.81461505,93.18763868,93.04622541,91.66483327,91.85804071,89.01755746,85.40948207,85.0734024,84.86029816,85.03759766,86.07389832,86.36799622,86.5562973,86.03900146,82.32279968,86.88569641,87.11940002,86.55139923,85.15650177,84.88819885,89.22669983,88.39330292,84.23459625,82.55989838,81.37940216,80.94850159
26,Canada,CAN,22.02075369,22.19784052,21.92998463,21.80305888,21.69269302,21.92357632,21.57923752,21.31115038,21.52403671,21.70508086,22.03809929,21.527200699999998,21.76729965,21.18059921,21.57909966,21.99230003,21.91500092,21.84149933,21.90819931,22.5,21.87610054,21.84410095,22.1692009,22.39800072,22.41679955,22.64220047,22.33300018,22.76989937,22.18289948
27,Switzerland,CHE,17.12391004,17.47275048,17.29862548,18.3554219,18.69457381,18.06594965,17.11697875,17.8231175,17.50425118,18.80686907,18.19169998,18.72319984,18.18720055,18.02960014,18.10009956,18.72949982,18.06669998,19.30900002,19.54920006,19.97310066,20.56419945,20.56609917,21.88870049,21.83839989,22.21179962,23.95739937,24.11039925,25.00379944,24.203100199999998
28,Chile,CHL,34.02687057,37.27277893,38.61766187,35.77039777,34.81768392,34.16752513,32.2306623,29.953558100000002,29.745206579999998,29.05420071,31.36330032,32.1473999,33.070598600000004,31.615100859999995,31.43560028,32.26319885,32.90829849,30.46479988,30.82929993,31.52700043,27.044200899999993,28.791799549999997,30.30500031,30.22970009,26.94610023,25.065099720000003,24.554399490000005,24.10740089,25.46069908
29,China,CHN,34.08361405,33.25847354,32.9312779,31.6777918,31.249484169999995,29.47211139,30.537175460000004,30.18348168,29.739901479999997,30.506048979999996,29.60300064,28.334999080000003,26.97839928,23.84149933,20.16080093,17.44079971,16.38509941,14.883700369999998,14.13780022,13.431900019999999,12.26130009,11.33819962,11.53670025,11.52200031,12.06140041,12.24530029,12.58969975,12.863599779999998,13.12380028
30,Cote d'Ivoire,CIV,73.58234924,74.01566246,74.55874065,75.12672124,75.60651750000001,74.88260302,74.04172890000001,72.13514374,73.44730424,61.93084644,63.71760178,64.72789764,65.32279968,70.32170105,75.40010071,77.91940308,74.78720093,76.33039856,74.20999908,73.56809998,75.33779907,78.9539032,74.77749634,72.44680023,72.16349792,64.83360291,64.27839661,62.68849945,63.53260039999999
31,Cameroon,CMR,81.59313508,83.18955405,84.43451203,83.93664356,83.60941782,84.47740331,84.93784566,84.57694782,84.37656838,86.12991655,84.48490143,85.19779968,85.16660309,85.21160126,85.44239807,86.22319794,85.42720032,80.71640015,80.71700287,79.09690094,78.60759735,78.45809937,78.43060303,77.43910217,76.42849731,78.03559875,78.90219879,80.3404007,80.63030243
32,"Congo, Dem. Rep.",COD,92.04773164,95.13881223,95.87523399,96.11327319,96.60913014,96.89567523,96.96158323,97.05855877,96.84997164,96.99702559,97.94029998999999,98.34290314,98.27030182,97.97200012,97.88249969,97.42220306,97.33319855,97.17209624999998,96.96579742,97.01930237,96.80249786,96.20960236,95.47480011,93.91760254,92.87229919,95.81829834,97.03109741,96.69979858,96.38369751
33,"Congo, Rep.",COG,65.41378681,64.5626788,67.60286909,68.41274896,76.47094224,69.79578171,75.40966863,80.1529571,79.73475522,76.95472981,64.85569763,61.17750168,68.52950287,61.99069977,62.930801390000006,63.10570145,69.42279816,60.341400150000005,56.86420059000001,56.02949905,54.79859924,64.61730194,65.30439758,62.48170089999999,62.16070175,64.15080261,67.61270142,69.33439636,69.854599
34,Colombia,COL,38.25119669,37.00122769,33.22753559,33.20478787,33.97223636,33.69990182,33.77539831,25.80034772,25.938683760000004,29.13546988,28.034000399999996,27.24029922,28.79800034,30.699399950000004,29.17700005,29.08069992,29.688899990000003,30.421899800000002,29.96629906,30.910499570000002,29.74500084,28.90640068,28.903600690000005,32.29169846,32.3832016,31.599500659999997,30.735799790000005,32.52899933,30.71820068
35,Comoros,COM,49.83857351999999,50.71266094999999,50.24473258,49.95204542,59.95919562,59.54349639,60.80219237,59.78107979,49.96135060000001,49.59409627,48.95610046,48.68500137,49.81769943,43.29650116,42.55950165,45.15209961,41.6352005,55.80250168,54.80929946999999,49.075000759999995,46.61800003,50.17340088,67.64299774,62.326301570000005,65.83049774,64.16560364,60.49959946,56.42440033,55.00590134
36,Cabo Verde,CPV,36.63404152,38.08533877,37.96103481,39.48194536,40.41188863,39.07864583,36.16141185,36.57975968,35.25363963,31.17120826,38.51959991,37.17639923,36.79270172,34.08959961,32.12599945,24.45129967,22.58289909,21.82920074,23.81110001,22.08359909,21.220800399999998,20.78039932,24.259700780000003,25.94070053,26.11459923,26.349000930000003,24.624599460000002,22.87639999,22.99880028
37,Costa Rica,CRI,45.3807809,44.68947084,35.02787271,36.25917298,35.80152388,34.97356676,36.65421713,33.56391353,28.89051122,29.89049818,32.94649887,32.10760117,32.53820038,33.30450058,39.15840149,41.72940063,42.39580154,41.1853981,40.69839859,40.71640015,40.38560104,38.01760101,38.06480026,37.79970169,37.61650085,38.32630157,36.80580139,36.20420074,35.70479965
38,Cyprus,CYP,0.495929367,0.36581034700000004,0.34709919,0.334859875,0.723186986,3.35429847,3.3570690830000003,3.2940707810000003,3.2621682119999997,3.226642523,3.097300053,3.048099995,3.177099943,3.2578001020000005,3.3090999130000003,3.3650999069999994,3.516700029,4.356900215,5.49849987,6.343800067999999,6.580699921,7.701000214,8.729599953,9.859800339,9.626899718999999,10.54349995,10.40719986,11.07619953,12.14360046
39,Czech Republic,CZE,3.571507027,3.9751824500000006,5.900118202000001,5.817441516000001,5.907756675,5.302877728,5.241574228,5.648484534,5.966940712,6.4771494810000005,5.941599846,6.287199974,7.276000023000001,6.724299908000001,7.134099960000001,7.534900188,7.881299973,8.322099686,8.993100166,10.2510004,10.95219994,12.157199859999999,12.80430031,13.956199650000002,14.86079979,14.84549999,14.78129959,14.465399739999999,14.725299840000002
40,Germany,DEU,2.098033775,1.9886328090000003,2.062621895,2.110931085,2.266202061,2.319748996,2.252173834,2.8244218219999997,3.0451189060000003,3.263712146,3.700500011,3.899699926,4.41260004,5.435500145,6.3442997929999985,7.278900146000001,8.594400406,10.46510029,10.24629974,10.71700001,11.60599995,12.54380035,13.64190006,13.62769985,14.024700160000002,14.550299639999999,14.241399770000001,15.21590042,15.79559994
41,Djibouti,DJI,26.59282984,27.205443000000002,28.17450585,29.05074092,30.954448279999998,31.174132909999997,32.02656213,31.559595179999995,31.94989459,32.6810786,31.443199159999995,31.675100330000003,32.44469833,32.88119888,33.62120056,33.0945015,33.00680161,32.52389908,33.14339828,34.0,32.54430008,33.93379974,32.48279953,34.03990173,30.81719971,28.180200579999998,24.910800929999997,24.1291008,27.83580017
42,Dominica,DMA,14.60310056,14.50519587,14.4936266,13.63053081,13.52708613,15.64742183,20.84830851,15.517312380000002,15.00513746,14.07680977,11.03429985,9.385800362000001,13.57509995,10.53810024,11.53460026,10.77190018,9.843799591,8.630200386,8.279700279,9.052399635,10.10459995,13.619600299999998,11.14410019,11.39229965,9.796600342,8.627599716,10.71020031,9.656700134,8.167099953
43,Denmark,DNK,7.041559801,7.070898966000001,7.747445467,7.701496592000001,7.330399326999999,7.5121780320000004,7.261181099999999,8.102729547000001,8.517843392,9.066353467999999,10.71619987,11.10439968,11.84640026,12.69919968,14.416799549999999,16.09670067,15.24629974,17.68000031,18.52809906,19.31889915,21.18169975,23.80979919,26.91200066,27.097799300000002,30.22839928,32.97779846,32.12960052,35.50569916,35.32870102
44,Dominican Republic,DOM,28.01157941,28.16324308,25.35685792,26.848086,24.43897354,22.3363448,20.31094881,18.2511336,19.751092,19.53729021,19.13870049,18.92810059,17.99020004,18.97820091,20.794799800000003,19.53730011,18.13319969,18.03420067,17.81959915,17.43239975,17.03190041,16.86829948,16.59259987,16.6590004,17.42779922,15.01399994,15.41930008,16.98150063,16.08819962
45,Algeria,DZA,0.177228303,0.323692176,0.289771221,0.47634150700000005,0.403959587,0.42248031499999994,0.38952617100000003,0.472147669,0.5440709420000001,0.51001769,0.427399993,0.42770001300000005,0.514800012,0.46909999799999996,0.44179999799999997,0.584699988,0.408699989,0.41139999000000005,0.300599992,0.31240001300000003,0.258100003,0.177300006,0.18039999899999998,0.134100005,0.068700001,0.059000000000000004,0.080200002,0.143600002,0.19329999399999998
46,Ecuador,ECU,24.19854913,24.163098899999998,20.80035871,21.61848328,20.85316821,20.35412872,19.29146026,16.54279275,18.19074897,21.05577975,19.42849922,17.05459976,17.0951004,16.55019951,16.73200035,16.15789986,14.19229984,15.876999859999998,15.31999969,12.874500269999999,11.78789997,13.154100419999999,13.20170021,11.84759998,12.178299900000003,13.07359982,14.754099850000001,17.05130005,16.330200199999997
47,"Egypt, Arab Rep.",EGY,8.50246618,9.052034733,8.715058342,8.839282691000001,9.82896842,9.00303479,8.678075881,8.344740400000001,8.248502183,8.559742102000001,7.820600032999999,7.448800087000001,6.870600223999999,7.027100086,7.2140998839999995,6.188899994,5.983399867999999,5.836100101,5.9418001170000005,5.672200202999999,5.329999924,5.299799919,5.289800167,5.282999992,5.337999821,5.116000175,4.916900158,4.854000092,4.744400024
48,Spain,ESP,10.54443118,9.921293468,8.220908383,9.079810066,9.241375678999999,8.264567068,10.06199181,9.154295862,8.941412248999999,7.681655092000001,7.884399891000001,8.932700157000001,7.416500092000001,8.902199745,8.031900406,7.293099879999999,8.474399567,9.010000229,9.74450016,12.23130035,14.41250038,14.76539993,15.79880047,16.96050072,17.37479973,16.29850006,17.17700005,15.68290043,17.38890076
49,Estonia,EST,3.356078624,3.5262228230000003,5.906591687000001,6.705185471,9.285196116,12.32338571,19.54482955,19.73990197,17.74648609,20.069357699999998,19.83329964,18.93129921,19.41259956,19.81809998,19.97220039,18.84309959,17.14380074,18.54669952,20.24360085,24.07559967,25.389499659999995,25.094499590000005,25.02169991,24.54990005,25.48990059,27.55599976,26.913900380000005,27.03339958,28.842199330000003
50,Ethiopia,ETH,96.63538677,96.71128918,97.74041451,97.19865822,96.88388584,96.62013956,96.35197819,96.22085637,96.10024144,96.18948969,95.55449677,94.59799957,94.53029633,94.23419952,94.13200378,94.72570038,94.54180145,94.16040039,94.09300232,94.17520142,94.11489868,93.56169891,93.29620361,92.49050140000001,91.24919891,91.55770111,90.48889923,90.2696991,89.92310333
51,Finland,FIN,24.50843148,24.02701841,25.123398600000005,26.00353667,25.131940220000004,27.26640999,26.870551519999996,28.82844554,30.49796922,30.2360817,31.67869949,29.249700549999996,29.52149963,28.354499820000004,31.09989929,31.52459908,31.25200081,31.80419922,34.74459839,32.61130142,33.58800125,35.26710129,38.81140137,38.52019882,41.24909973,43.229599,42.39699936,44.47650146,44.21670151
52,Fiji,FJI,53.09400578,60.066567140000004,58.58567621,59.006136909999995,63.77672905,60.06116039,59.71412872,54.96202209,49.79259898,56.05448416,52.167800899999996,42.929401399999996,51.02640152,43.34030151,37.93600082,42.42620087,40.49000168,37.0625,40.13420105,35.57360077,27.95859909,32.40520096,33.44929886,33.90060043,34.23020172,32.67449951,27.66819954,28.88929939,27.87129974
53,France,FRA,10.40801913,11.01222193,11.25820176,10.86013257,10.93448888,10.70140869,10.49495357,9.985453187000001,9.709285885,9.779014352,9.324700356000001,9.457400322,8.732500076,8.907699585,8.952500342999999,8.660400391,8.523799896,9.454999924,10.6001997,11.31659985,11.99339962,10.82960033,12.529399870000002,13.57369995,13.35340023,13.483799929999998,14.41170025,14.13860035,15.252599720000001
54,Gabon,GAB,78.28066537,75.15044417,74.78172263,73.80512252,72.89299679,71.94392004,71.48673745,69.97319613,69.66973571,71.34133842,72.78279877,72.42420197,79.81680298,83.63220215,85.77749634,85.24729919,86.16079712,87.35379791,87.29270172,87.97769928,85.83979797,79.69200134,75.46790314,82.17040253,81.28050232,81.92970276,81.00569916,90.11540222,89.88710022
55,United Kingdom,GBR,0.651133978,0.608264131,0.8407377960000001,0.7752049710000001,1.021428484,1.060229099,0.943586897,1.028479689,1.0297043240000001,0.9489176570000001,0.9617999789999999,0.852800012,0.9700000290000002,0.934899986,1.137099981,1.352100015,1.5536999699999998,1.839400053,2.788100004,3.377799988,3.6665000919999997,4.43569994,4.7691001889999995,6.01760006,7.360400200000001,8.58769989,8.680100441,9.720600128,11.04500008
56,Georgia,GEO,12.773997579999998,14.11875079,18.54205164,26.02618776,22.702287600000002,46.39465091,42.75395574,44.36379605,47.52898403,49.663087420000004,47.25310135,53.145801539999994,56.75709915,55.33100128,54.52949905,41.47890091,37.21590042,36.22259903,36.29970169,36.71849823,39.14559937,31.53470039,28.68969917,33.16360092,31.344400410000002,28.14850044,27.64529991,28.033300399999995,27.943599699999993
57,Ghana,GHA,80.62642197,82.92837888,81.00123289,81.29729113,80.55763554,79.78934678,78.82919725,78.33904479,73.57807149,72.78388842,71.61940002,69.31759644,65.67839813,64.47090149,62.376399989999996,61.42829895,58.561000820000004,54.53139877,57.344600680000006,51.90340042,51.91059875,50.1108017,46.54050064,46.20890045,47.69829941,44.04980087,46.47829819,44.86220169,41.97660065
58,Guinea,GIN,89.29714418,89.40823443,86.33088557,86.17826883,85.94983491,89.93027027,88.83626377,85.30773458,84.35999679,86.31689695,85.51589966,84.83709717,84.27380371,83.46499634,83.18630219,81.563797,81.06230164,80.36470032,80.14859772,79.25050354,75.70909882,74.748703,76.35639954,78.53289795,78.56500244,76.22979736,75.29149628,71.96269989,69.8839035
59,"Gambia, The",GMB,61.441869780000005,61.80167206000001,62.935593540000006,62.67979763,60.983526819999994,59.57769467,59.07476518,58.191814910000005,56.93436054,55.8153443,62.85850143,59.60509872,60.50109863,61.920600889999996,60.75249863,61.215900420000004,59.70980072,56.74639893,55.76570129,53.42670059,56.00009918,55.654499050000005,56.35559845,58.70130157,52.67969894,52.91149902,52.72800064,52.20619965,52.38359833
60,Guinea-Bissau,GNB,88.57960543,88.57252229,88.51385297,88.03747267,88.52340019,88.55112113,89.40361011,88.36343874,89.01921391,88.05840681,91.23770142,91.2071991,91.03679657,89.04779816,88.55290222,88.52680206,88.28710175,87.9048996,88.42030334,87.8946991,87.80709839,87.87359619,87.81300354,87.71379852,87.28099823,87.15170288,86.7390976,86.79910278,86.78929901
61,Equatorial Guinea,GNQ,84.71085961,83.95967834,84.00681275,84.45892842,83.68956438,82.48286631,76.74822553,66.02912993,68.01762394,61.81901920000001,45.84600067,46.12400055,31.30850029,29.487199779999997,7.200600147,7.104800224,6.992499827999999,8.49090004,7.191999912,9.18200016,5.719900131,5.5467000010000005,4.390500069,3.66230011,4.177400112,4.534500122,3.9321000579999996,3.5248000619999997,4.904699802
62,Greece,GRC,7.806882299,8.316861357,7.899382836,7.9946095239999995,8.037282969,8.311389769,8.209182043,7.8340383000000005,7.380368096000001,7.834060225,7.820700169,7.110599995,7.3291997910000015,7.602799892,7.848100185,8.005000114,8.507800102000001,8.052200317,8.321000098999999,9.190799712999999,11.37450027,11.37639999,14.17059994,16.61190033,16.40740013,17.47489929,16.40999985,16.38349915,17.85910034
63,Grenada,GRD,8.342131789,8.106446363,7.737627143,8.074689475,7.430736491000001,7.41831073,6.146773411,8.325807872999999,10.11058554,10.29564426,10.49580002,10.41779995,10.46020031,10.4350996,10.56379986,10.56589985,10.36270046,9.898200035,10.69400024,10.47369957,10.52750015,11.27369976,11.37759972,10.91889954,12.53909969,12.27869987,12.58959961,12.58679962,10.389599800000001
64,Guatemala,GTM,74.96532992,74.25517348,72.28554101,69.92344712,68.49048572,65.14275077,65.72537786,65.30400269,62.039695910000006,64.60552182,62.74729918999999,61.34690094,63.83909988,64.3667984,66.17400359999999,65.33719635,64.82929993,63.37060165,66.59339905,65.34909821,67.1608963,67.18150329999999,67.44180298,67.27999878,66.36340332,63.391101840000005,63.32820129,65.07099915,64.09770203
65,Guyana,GUY,42.233942299999995,33.30546197,42.46382348,44.42552202,39.70794807,38.38139979,38.60819361,36.933879299999994,34.65207317,35.74764476,29.753700259999995,30.40550041,33.73040009,34.09510039999999,35.05120087,34.12969971,36.27669907,32.62649918,32.0345993,31.08740044,30.28680038,32.5707016,28.412500380000004,26.27420044,24.017499919999995,24.94809914,21.40740013,22.18219948,16.80800056
66,Honduras,HND,70.12908225,70.20188484,67.74912406,66.72504953,63.946866719999996,62.969697890000006,62.63058615,65.38147506,62.87304503,53.76411139,55.24140167,50.40470123,49.75559998,47.93610001,46.70320129,51.60649871999999,52.474201199999996,50.855098719999994,50.2480011,51.26720047,52.104099270000006,51.91759872000001,52.27360153,51.068801879999995,53.62770081,52.67919922,52.772998810000004,46.24380112,50.06240082
67,Croatia,HRV,21.92317971,33.35454151,29.81103336,29.899990149999997,30.09833466,30.384527440000003,34.12650443,29.21115068,28.114399459999998,27.81084184,26.788099289999998,26.94549942,24.631599429999998,24.840900419999997,26.585300450000002,26.83699989,25.51729965,22.67289925,24.15629959,27.17810059,29.774599079999998,27.182199479999998,29.42639923,32.84049988,33.62009811,33.10910034,31.847400669999995,29.803600310000004,32.84730148
68,Haiti,HTI,81.1195732,81.69235366,83.42712044,84.60971336,95.03960073,81.31914933,82.18016366,80.58819682,79.30019636,77.06392289,80.84500122,80.88330078,79.08380127,79.02059937,81.11119843,81.10890198,81.37429809999999,79.26319885,79.63729858,80.334198,78.99469757,79.00910187,82.18699646,80.38690186,77.76799774,76.11669922,76.13099670000001,76.16960144,76.24299622
69,Hungary,HUN,3.8566695610000004,4.27666391,4.886103146,5.046239461,5.106918467,5.417597575,5.143343973,5.23053173,5.188747806,5.1584721710000006,5.166500092,5.121399879,5.166399956,5.009399891,4.628799915,7.289000034,7.863900185,8.999699592999999,8.959300041,12.290100099999998,13.45650005,14.74359989,16.46579933,17.1826992,15.72270012,15.600099560000002,15.263899800000003,14.506500240000001,13.53409958
70,Indonesia,IDN,58.59753114,57.82874174,56.82076894,55.43301170000001,52.81378848000001,50.09815781,48.75037997,47.08737494,48.29961688,45.07867761,45.62469864,44.32899857,44.65760039999999,43.0,41.45510101,41.57320023,40.06539917,40.01380157,41.12210083,38.1792984,34.81129837,30.919000630000003,28.784799579999998,29.702499390000003,28.318899150000004,26.95190048,27.83480072,25.432800290000003,20.86389923
71,India,IND,58.65285835,57.60479334000001,57.230567480000005,56.983363340000004,55.55718746,54.48411700000001,53.767409700000016,52.48807310000001,52.712255709999994,51.717293700000006,51.55369949,51.85850143,50.80810165,50.829799650000005,50.07279968,48.53239822,46.063201899999996,44.90340042,43.40510178,42.10749817,41.1128006,40.57720184,39.34609985,38.18289948,36.05379868,34.39590073,33.56290054,32.21210098,31.689199449999997
72,Ireland,IRL,2.2797813419999997,2.229175901,2.158728425,2.107048335,2.1755846130000003,1.9224364710000001,1.9347514419999998,1.9007389,2.27773144,2.056848,2.030299902,1.965899944,2.239799976,2.0067999359999997,2.301399946,2.8801000119999998,3.18569994,3.5343999860000004,4.139699936,5.224699974,5.241000175,6.6764998439999985,6.577000141,7.35160017,8.439100266,9.091799736,8.498800278,9.942799568,10.74440002
73,Iceland,ISL,54.67215495,54.78742376,54.63326131,54.65954212,54.13755312000001,55.650716710000005,52.25319555,54.88195631,57.21244566,59.81767631,60.65990067,62.11880112,61.84260178,61.88100052,61.80630112,62.46500015000001,64.01499939,66.75050354,73.46009827,74.12239838,75.41829681,76.44940186,77.34339905,76.31079865,76.42539978,77.11620331,77.47129822,76.83309937,78.21350098
74,Israel,ISR,5.800245157999999,6.025400839,6.244880714,5.891055897,5.649078182,5.43627427,5.446613082000001,5.697907803,6.074627123,5.868728881,5.958300114,6.296500206,6.502999783,6.524400234000001,6.732699871,7.029799937999999,6.857299805,6.715899943999999,8.903100014,8.46380043,8.553700447,9.080699921,2.884799957,3.266000032,3.7002999780000003,3.738500118,3.9779000280000005,3.8499000069999996,3.7153999810000005
75,Italy,ITA,3.7814634810000003,4.66941317,4.839463242,4.771495295,5.248022105,4.462278337,4.748913895,4.831419767,4.757625432,5.022459784,5.1188998219999995,5.381800175,5.596199989,6.240200043,5.935400008999999,6.702300072000001,7.512300014000001,8.731599808,10.82320023,12.539299959999997,12.79349995,11.90400028,14.390700339999999,16.31949997,17.13159943,16.57049942,16.09219933,16.43149948,17.07430077
76,Jamaica,JAM,7.633355057999999,7.693223527000001,8.675913055,10.54331528,9.25980061,10.77960641,10.12420147,10.29331271,9.371866014,9.331297862000001,9.368599892,7.948599814999999,8.071299553,8.183799744,6.4015002249999995,5.4331998829999995,4.821400166,5.351699829,5.98759985,7.5068998339999995,8.983699799,9.835300446,11.93710041,11.15799999,11.56070042,11.80430031,10.75520039,10.72490025,8.672400475
77,Jordan,JOR,2.765358064,2.882681815,2.533882567,2.527654423,2.335692389,2.220038422,2.192558596,2.139881015,2.201988402,2.179028583,2.091799974,2.121099949,2.088900089,1.9815000299999999,1.8300000429999999,1.689700007,2.283799887,2.3292999269999997,2.756200075,2.7976000310000004,2.977099895,3.0329000949999996,2.9447999,3.1559998989999998,3.1389000420000004,3.234200001,4.669400215,5.260799885,7.189799786
78,Japan,JPN,4.550664024,4.730569218,4.197714901,4.435606712,3.567645778,3.9171885210000004,3.8393584370000005,4.072127493,4.045356051000001,3.828786576,3.7760999200000005,3.5797998910000004,3.771500111000001,4.230800152,4.272900105,4.038099766,4.447500229,4.28760004,4.445799828,4.512800217,4.7940001489999995,4.9402999880000005,4.795700073,5.157400131,5.719900131,6.323400021,6.359799862000001,6.974500179,7.387700081
79,Kazakhstan,KAZ,1.4077172080000002,1.287376689,1.174517705,1.343463434,1.8344125989999998,1.575746043,1.633778692,1.6710152809999996,1.5367313180000002,1.7886349850000003,2.504499912,2.409499884,2.773099899,2.2843000890000003,1.8881000280000004,2.093899965,2.126600027,1.8328000309999999,1.153599977,1.3054000140000002,1.3820999859999998,1.381700039,1.3274999859999999,1.164899945,1.3411999940000001,1.7065999509999996,2.043900013,1.987300038,1.855599999
80,Kenya,KEN,77.5040046,78.82613152,79.44379516,80.20642471,80.83032369,79.51198685,78.73470094,79.53796915,79.67732846,79.45869997,78.85759735,80.18119812,80.58049774,83.24859619,82.30110168,81.25859833,79.8266983,80.34600067,80.64489746,78.35040283,76.49829865,77.30780029,78.70989990000001,76.7303009,74.94120026,72.03209686,70.97370148,71.32009888,72.27149963
81,Kyrgyz Republic,KGZ,7.927699743,9.017271095,12.99597743,16.20028754,26.51676391,34.97478009,29.49900052,28.749457860000003,25.07425345,34.54898822,35.16099929999999,35.99980164,28.299200060000004,30.513200760000004,27.70949936,28.030000689999998,27.761999129999996,24.49080086,22.04089928,24.727100369999995,25.59059906,25.94639969,22.45070076,24.80719948,26.604400629999997,23.30019951,21.918500899999998,24.546800610000002,23.21240044
82,Cambodia,KHM,82.59410003299664,82.71204539505112,82.64849539752477,82.6027424175506,82.56057611904643,82.53425217,82.76628823,82.196256,82.00027446,81.67488982,81.13880157,79.59079742,83.02239990000001,82.07070159999999,78.21009827,76.07360077,73.85929871,69.36959839,68.00330353,71.32559967,68.52230072,68.16560364,68.26699829,68.97290039,68.01229858,64.92199707,62.68590164,61.46900177,61.83769989
83,St. Kitts and Nevis,KNA,40.03232618,34.09211252,33.81190188,38.87641945,41.34279919,36.731755799999995,30.95743031,34.23356726,32.19564558,27.45813541,26.63839912,26.27669907,24.59429932,26.617200849999996,22.22050095,25.583400729999997,0.0134,0.0129,0.0129,0.0126,0.9923999909999999,0.927699983,1.327900052,1.5120999810000002,1.6972999569999998,1.701400042,1.7292000059999997,1.6435999869999998,1.6527999639999997
84,"Korea, Rep.",KOR,1.631946867,0.9558053670000001,0.752919688,0.72597866,0.4415747570000001,0.443590287,0.60863812,0.676453174,0.948920714,0.787126862,0.7005000109999999,0.692200005,0.6966999770000001,0.845600009,0.770200014,0.8730000259999999,0.9487000109999999,1.024999976,1.0607999559999999,1.206900001,1.315000057,1.347599983,1.614300013,1.9150999780000002,2.8677001,2.7439999580000003,2.5497999190000002,2.844500065,3.184000015
85,Lao PDR,LAO,88.44509701,88.10488917,87.11926405,86.92811073,86.57556326,85.96918282,85.64689193,85.91645634,86.22817828,86.54876962,81.54010009999999,81.08650208,80.19080353,78.73619843,73.97869873,73.92549896,69.80509949,70.67469788,69.26550293,66.45030212,64.85389709,63.62810135,62.3606987,58.56510162,58.25279999,53.90000152999999,49.5401001,45.86289978,41.88410187
86,Lebanon,LBN,11.34168091,8.525147476,8.044073781,5.463977901,5.364536382,4.527380368,5.032160585,4.701475792,5.540788112,4.264212573,4.893199921,4.655200005,5.975900172999999,7.379799843,6.561900139,6.970900059,7.0411000249999995,7.939199923999999,5.400000095,4.3081002239999995,5.697299957,6.184899807000001,5.563899994,5.935200213999999,4.239699841,4.166900158,3.9447000030000003,3.9539999960000003,4.710000038
87,Liberia,LBR,88.81723914,90.06814138,88.92724236,87.44361294,86.8545271,86.59740669,86.9857348,87.65245417,88.0034271,90.05095136,90.82610321,90.72429657,91.03730011,90.25669861,89.47550201,87.69029999,87.57279968,89.79190063,91.76699829,91.71160126,88.63909912,87.16739655,86.28079987,87.60169983,84.07070159999999,83.97820282,82.91300201,85.00879669,87.21330261
88,Sri Lanka,LKA,78.0872449,77.96100498,75.27713217,74.19005809,70.58093407,69.93855476,64.41196104,65.90127563,64.15051139,63.24797441,64.16100311,62.93220139000001,62.10449982000001,61.305801390000006,61.61330032,60.08089827999999,62.17839813,60.20149994,61.57550049,63.51380157,61.84659958,59.25410079999999,60.69620132,59.87639999000001,57.310901640000004,52.88589859,50.9151001,49.32640076,51.40489960000001
89,Lesotho,LSO,52.027979249999994,51.94824643,51.361975009999995,50.994290760000005,50.81483839,50.77747737,50.78932870999999,50.60004505,50.620362820000004,56.879918690000004,56.69820023,56.499801639999994,56.16389847,55.9394989,55.41070175,55.30659865999999,55.46039963,55.32649994,54.986198429999995,53.981399540000005,52.97539902,42.21300125,40.53359985,45.58190155,42.38819885,44.94079971,43.54800034,40.11600113,38.41569901
90,Lithuania,LTU,3.096778514,2.8875495030000002,4.609238189,8.890993356000001,9.823367245,10.34126673,11.47351421,11.61951371,12.92659288,14.97327391,17.18740082,17.59129906,17.89159966,18.06760025,18.06879997,17.51140022,17.46419907,17.06380081,18.3355999,20.08839989,21.45899963,22.73929977,23.923700330000003,26.34339905,27.73189926,28.962299349999995,31.471799850000004,33.7784996,33.49909973
91,Luxembourg,LUX,1.721832398,1.700140165,2.012050464,1.9919292010000003,2.820830015,3.9909154210000004,3.065372097,4.386336023,6.730018593,5.86317309,6.806300162999999,3.424000025,1.318300009,1.2773,1.3546999690000001,1.872300029,2.0783998969999997,3.6419000629999996,3.960000038,3.7314000129999996,3.677700043,3.7620999810000004,4.149799824,5.717599869,6.846199989,9.08520031,13.49639988,15.328800199999998,16.02770042
92,Latvia,LVA,17.56969052,18.68121836,21.59232003,25.38211766,28.340834939999997,32.4288069,32.0253796,32.89142112,35.34881087,36.33113045,35.82089996,35.34790039,34.3832016,34.33840179,36.11289978,36.30089951,34.00099945,33.076698300000004,33.70600128,38.39799881,33.070598600000004,35.53530121,40.36629868,39.5992012,40.23529816,38.10020065,38.48260117,42.59820175,41.25289917
93,Morocco,MAR,19.48255574,19.5554268,18.13514015,17.63590896,17.06127737,17.16420329,17.84958758,17.5216153,16.87740436,15.40813047,15.26150036,15.11919975,14.938599589999999,15.705800059999998,23.0007,20.1534996,18.14360046,16.463300699999998,14.616299629999999,14.25590038,13.919599530000001,11.87539959,10.93330002,11.59360027,11.13969994,11.21179962,11.02040005,10.41810036,10.83230019
94,Moldova,MDA,1.140957938,1.616865945,2.174911252,2.3948285769999997,2.576918605,2.8426182939999998,3.660394166,3.85207263,4.075334345,4.874368429,5.722199917,5.597099781,5.827799797000001,5.921000004,4.85010004,4.2669000630000005,4.98059988,4.436100006,4.9250001910000005,4.843900204,19.76539993,20.015600199999998,21.62509918,23.8173008,24.30900002,24.72290039,25.295499800000005,26.06110001,25.746099469999997
95,Madagascar,MDG,85.64727683,84.85701768,85.22857059999998,85.5159723,82.78797303,82.94431706,82.50908742,77.25774489,76.29203790000001,78.22292789,83.35070038,84.6006012,87.35440063,85.03749847,84.43609619,84.93599701,86.02649689,86.19380188,86.14080048,87.0983963,86.67939758,84.57550049,83.3730011,81.14430237,80.09909821,79.97029877,83.979599,81.32029724,81.56860352
96,Maldives,MDV,4.458738895,4.4547199189999995,3.1332337659999996,3.816662224,4.0228879189999995,3.3184645100000005,3.1609785779999995,2.723045951,3.027277981,2.200418608,2.343300104,2.261300087,1.7831000089999998,2.220000029,1.6733000280000003,1.949200034,1.589900017,1.521600008,1.530900002,1.490700006,1.361999989,1.3328000309999999,1.202000022,1.259899974,1.195299983,1.380499959,1.213199973,1.254600048,1.118299961
97,Mexico,MEX,14.41330169,13.195511849999999,13.42709155,13.30396934,11.86310293,13.26183323,13.06472384,12.69977739,12.23845337,12.74846132,12.16829967,11.34490013,10.68369961,10.17010021,10.21420002,10.30669975,9.824899672999999,9.457400322,9.770299911,9.169199943999999,9.360699654,9.067000389,8.965499878,9.232099533,9.758999825,9.193300247,9.220100403,9.537599564,9.625300407000001
98,North Macedonia,MKD,2.410188215,4.42483482,16.00799263,14.849163019999999,16.58245672,17.80181786,14.20693961,15.901209999999999,15.071378139999998,17.67681234,19.37820053,15.17059994,14.63399982,17.29330063,18.20339966,18.95199966,19.64719963,15.70100021,15.610400199999997,18.47340012,22.35009956,18.65780067,18.29430008,21.19960022,21.21960068,23.9605999,21.43199921,19.05800056,20.8715992
99,Mali,MLI,88.63756683,88.62487515,87.97736685,87.49896342,87.79954242,88.07249959999999,87.85279261,87.72877328,85.59891348,85.31537817,83.46579742,82.09889984,83.58000183,85.79360199,81.52960205,82.33170319,81.64569855,78.87290192,74.99330139,78.68409729,79.24009705,78.84970093,78.70040131,80.91750336,80.92900085,79.93379974,76.15529633,76.36509705,76.60820007
100,Malta,MLT,0.0,0.0,0.0,0.0,0.0,0.0,0.0,0.0,0.0,0.0,0.0,0.0,0.087200001,0.0986,0.11949999599999998,0.14049999400000002,0.1708,0.20340000100000002,0.223800004,0.256399989,1.226799965,1.97239995,2.675499916,3.245199918999999,4.489900112,6.001900196,9.252799988,7.253399849,7.464799881
101,Montenegro,MNE,0.0,0.0,0.0,0.0,0.0,0.0,0.0,0.0,0.0,0.0,0.0,0.0,0.0,0.0,0.0,47.61429977,44.83160019,42.26739883,38.75920105,49.16460037,49.09489822,42.77439879999999,45.86090088,49.34159851,45.94910049,42.95700073,43.91419983,37.78300095,40.60720062
102,Mongolia,MNG,1.8926244300000001,1.969590208,2.400168887,2.67180483,3.043395543,3.009338219,3.4408490830000007,3.394397715,3.7391369219999997,3.5939760090000004,5.729300022,6.08949995,6.514200211,6.094299792999999,5.758200169,5.336900234,4.484899998,4.695600033,4.661399841000001,4.431600093999999,4.459700108,4.035200119,2.9679000380000002,3.0055000780000003,3.3394000530000003,3.5506000520000005,3.394299984,3.601099968,3.3582999710000005
103,Mozambique,MOZ,93.10356192,94.29900897,93.11869675,91.96491433,93.19360545,92.84474016,93.12502576,92.64444257,94.00556701,94.16655406,93.62020111,92.97750092,93.14129639,92.6359024,92.86129761,93.58709717,92.97540283,87.32009888,87.90270233,85.82219696,84.28399658,83.2118988,86.66429901,86.88760376,83.69730377,80.65460205,70.5039978,68.50769806,65.94210052
104,Mauritania,MRT,46.99974359,46.66243675,46.42320374,46.06398622,45.49209303,45.24920215,43.87733836,43.80722341,46.00898666,43.92591448,44.41049957,44.18000031,42.13380051,40.1651001,38.59009933,38.76829910000001,39.12070084,35.62919998,35.79539871,33.42559814,33.99879837,33.28260039999999,31.842599869999997,34.19620132,31.60899925,28.59860039,31.64819908,25.185100559999995,25.130699160000002
105,Mauritius,MUS,47.06782744,43.34216479,43.15975375,38.77109343,35.428866799999994,38.83451453,35.56392632,36.44106497,33.52735265,21.04519731,20.42320061,20.07780075,17.93470001,18.90159988,19.08469963,17.65410042,16.40990067,15.68739986,12.73060036,12.78349972,13.57330036,12.05609989,11.57190037,11.40019989,10.59290028,11.48659992,10.33259964,9.422300339,9.198900222999999
106,Malawi,MWI,84.03097805,82.66823938,82.75231597,81.3447041,82.03188939,81.70100337,81.44909194,81.23050767,81.92500993,80.47980806,82.62000275,82.87889862,83.09790039,82.82610321,82.45279694,83.1697998,82.80039978,82.21009827,80.38670349,80.00769806,81.2118988,80.16840363,80.14260101,79.67559814,82.69190216,80.84259796,78.67389679,75.89929962,73.22499847
107,Malaysia,MYS,11.98054361,11.15343552,10.26621727,10.02585191,9.925926912000001,9.029613848,7.473082671,6.705587221999999,7.16784032,7.342714823,4.444099903,4.261199951,3.5662000179999995,3.3262000080000003,3.221100092,3.0060000419999997,3.127899885,2.8459999560000004,3.039000034,2.265599966,1.9553999900000003,2.163800001,2.519799948,2.747900009,3.029999971,3.406300068,4.431200027,5.223499775,5.310500145
108,Namibia,NAM,41.260220091073954,43.17915851,41.45306323,39.24139909,34.318622600000005,33.69714773,33.34622207,32.65573311,34.18339055,35.44250141,34.73450089,30.31900024,33.7378006,33.29819869999999,34.74959946,34.53699875,35.31740189,35.83530045,32.28419876,33.12080002,31.04570007,31.425699230000003,31.696899410000004,30.53680038,29.98419952,28.816499709999995,28.71010017,29.408300399999998,30.32699966
109,Niger,NER,87.66747320111156,87.79266340068969,87.72520982104119,87.67664644733587,87.63189006833751,87.6451436619181,87.6005429460365,87.45336274576378,87.16529406442352,86.89659815361911,87.62239838,87.69670105,87.73889923,86.96900177,86.98930359,87.54319763,87.42690277,86.16999817,86.0625,83.25350189,80.66829681,77.22799683,72.71279907,78.70400238,78.08209991,78.88150024,79.645401,79.43599701,77.96600342
110,Nigeria,NGA,87.77597276,86.50356978,84.52166667,86.33207411,88.61137244,88.03973723,87.11372183,85.55128917,87.08094317,87.12225247,86.19069672,84.66950226,84.59269714,82.95079803,84.0821991,84.02919769,85.96640015,87.33589935,86.29630279999999,88.74929809999999,86.46099854,84.64409637,84.5963974,82.21630096,80.65769958,82.3035965,82.45709991,82.64929962,79.65419769
111,Nicaragua,NIC,68.76593683,70.52304723,67.1172329,67.56142093,64.49447551,64.53607043,63.9430744,62.73374862,60.417239990000006,59.38437324,58.41939926,56.65760039999999,54.67110062,51.74499893,51.47370148,53.07089996,53.61980057,52.87360001,54.125701899999996,54.55979919,54.44400024,53.29970169,53.27109909,54.15980148,53.02050018,50.00479889,49.54240036000001,48.8689003,50.191398619999994
112,Netherlands,NLD,1.201611136,1.169571601,1.213752817,1.212133263,1.26459149,1.277067851,1.28731662,1.507533301,1.570517547,1.6540944500000003,1.730700016,1.763299942,1.9162000419999998,1.9061000349999997,2.219500065,2.7416999339999997,3.1168999669999993,3.683099985,3.941800117,4.381700039,3.8503999710000003,4.693399906000001,4.898200035,4.935500145,5.526500225,5.710499763,5.638899802999999,6.356200218000001,7.383699893999999
113,Norway,NOR,59.17374641,60.78488034,61.37896386,61.09732837999999,60.39894619,60.04712532999999,57.85055497,58.83887869,59.516916339999995,59.4149466,60.18460083,59.60269928,59.48949814000001,56.25329971,56.86790085,58.58810043,57.05580139,57.38679886,58.48920059,56.75419998,56.37820053,56.71440125,58.00320053,57.440601349999994,56.920700069999995,58.13330078,59.41749954,61.11100006000001,60.81380081
114,Nepal,NPL,95.11971454,94.18864784,94.16105031,93.54555431,92.38024198,91.73240229999999,91.51546258,90.70866046,90.49117946,88.05242779,88.28639984,87.75849915,89.94499969,89.44460297,90.29859924,89.51909637,91.25469971,91.31369781,90.47049713,88.93430328,87.29450226,86.94760132,84.69860077,86.04949951,84.06300354,85.03610229,79.19519806,76.40750122,75.03970337
115,New Zealand,NZL,30.030592770000002,29.678946860000003,27.60858014,29.24854195,30.19779515,30.584542680000002,29.44858311,27.650162700000003,29.589602499999998,28.659765450000002,29.03490067,27.023099900000002,28.88150024,28.22929955,30.710599900000002,29.36980057,29.542299270000004,29.20339966,28.31430054,30.46579933,31.690000530000002,32.59629822,30.921199800000004,30.20960045,30.820699689999998,31.16139984,31.670299530000005,30.44549942,31.039600369999995
116,Pakistan,PAK,57.50053324,58.09129374,55.98220547999999,54.14818931000001,54.19575992,53.12287602,52.169742920000004,51.93672445,51.603478100000004,50.2344767,51.05410004000001,51.54489899,51.39400101,50.09329987,47.92760086,47.96210098,47.04349899,44.84780121,46.62929916,46.42620087,47.3987999,46.76119995,47.20119858,48.13259888000001,47.215400700000004,45.87810135,43.69499969,42.09410095,41.7417984
117,Panama,PAN,43.58944565,41.25841732,40.21691841,40.40672192,38.31268929,35.2838616,37.34844446,37.03981096,31.96695581,34.2160202,27.673999790000003,24.03949928,28.70549965,27.44790077,28.208499910000004,22.76580048,22.09189987,22.80820084,23.36070061,20.36849976,20.60000038,19.6916008,21.25250053,20.722799300000002,19.78339958,21.90069962,22.10050011,23.580200199999997,24.411199569999997
118,Peru,PER,39.4258282,39.91311374,37.30777125,37.0792617,35.93497582,33.28298537,31.71453523,31.73988848,32.69228951,30.680128559999996,38.57229996,41.23099899,40.20709991,40.91180038,37.83089828,38.34680176,38.69670105,36.0481987,33.70909882,32.91680145,32.16699982,30.633399959999995,30.79610062,28.3526001,28.568899149999996,27.43799973,27.210699079999998,27.60400009,27.8973999
119,Philippines,PHL,50.9465674,51.960408259999994,48.70739056,45.85746431,44.43508561,38.942001700000006,36.87686633,33.79991123,33.43061176,34.06882535,34.84809875,33.53789902,32.83029938,32.05289841,31.316099170000005,31.43250084,32.59949875,31.20630074,31.729799270000004,31.22660065,28.81459999,29.40139961,28.74480057,27.83889961,27.139900210000004,25.865499499999995,23.96990013,23.39660072,23.2201004
120,Papua New Guinea,PNG,71.70041076,71.70677189,71.60828295,71.24916144,69.40089944,70.73085918,70.01895861,68.94589029,68.04083336,68.71083971,66.37889862,63.44060135,62.48550034,60.39799881,57.48070145,58.56439972,58.855998989999996,57.13000106999999,56.92520142,56.01689911,55.2533989,54.73410034,55.44779968,53.88600159,52.40359879,50.6780014,50.05030060000001,49.882801060000006,49.55329895
121,Poland,POL,2.501484839,2.064668571,2.3027486809999997,6.131102222999999,6.195140782000001,6.332528762000001,5.86500109,5.982369508,6.536805795,6.410042299,6.927599907,7.292399882999999,7.491000175,7.293900012999999,7.310900211,7.216199875,7.184100151,7.276000023,8.011300087,8.842499733,9.489100456000001,10.43869972,10.9133997,11.4137001,11.57610035,11.86779976,11.33689976,11.18760014,11.26379967
122,Portugal,PRT,26.944474929999995,25.78751953,22.39985615,24.36894961,24.94851063,23.74180386,25.3522361,24.54532332,22.43224103,19.01738032,20.11560059,20.82920074,18.28149986,22.09350014,19.87070084,18.07439995,22.33320045,23.148799899999997,23.19070053,24.8973999,27.82699966,27.21769905,25.51659966,30.17359924,30.45890045,27.204999920000002,29.001499179999996,24.42340088,27.61380005
123,Paraguay,PRY,78.50645262,79.15027702,75.72811021,72.6123858,69.87860109,70.17179421,70.75909666,69.52088945,67.43981568,65.87586074,70.41439819,69.84320068,67.68309784,67.05010223,66.75479889,68.80979919,67.23010254,66.75479889,66.60119629,66.3789978,63.61380005,62.44309998,63.41740036,62.53810120000001,62.52560043,60.51240158000001,62.49250031,60.11169815000001,59.231399540000005
124,Qatar,QAT,0.0,0.0,0.0,0.0,0.0,0.0,0.0,0.0,0.0,0.0,0.0,0.0,0.0,0.0,0.0,0.0,0.0,0.0,0.0,0.0,0.0,0.0,0.0,0.0,0.0,0.0,0.0,0.0,0.0
125,Romania,ROU,3.3557658830000006,4.9695612339999995,5.583722131,7.1998476689999995,7.637532364000001,8.602682922,11.92380699,15.74562215,16.27513922,17.73397052,16.36689949,13.394200330000002,14.40100002,15.67129993,17.27499962,18.50989914,17.410299300000002,18.19610023,20.43020058,22.1833992,24.09609985,21.11249924,21.54999924,23.09129906,24.33289909,23.69280052,24.426000600000002,23.37859917,23.04929924
126,Russian Federation,RUS,3.7519392580000006,3.766961784,3.9805487489999996,4.038095886,3.866873286,3.870681409,3.69452595,3.745987177,3.585032251000001,3.820848435,3.496400118,3.620800018,3.4584999080000003,3.27940011,3.553600073,3.6142001150000005,3.4830999369999995,3.6684000489999997,3.3069999219999997,3.5987999439999996,3.3420000080000003,3.2270998950000003,3.2442998889999997,3.6068000789999997,3.2960999010000003,3.2002999780000003,3.357199907,3.2476000789999993,3.1805000310000002
127,Rwanda,RWA,80.08755822,81.82611689,81.55626283,81.33240761,78.53897686,88.35823779,89.15482840000001,91.12419581,90.80497059999999,90.76148846,86.77529907,86.89009857,87.12689972,87.3010025,87.54920197,89.25279999,90.58989716,90.31459808,90.63200378,90.54309845,90.65699768,89.64489746,88.78479767,88.47440338,87.95379639,86.7220993,86.07740021,86.90509796,85.69450378
128,Saudi Arabia,SAU,0.037984679,0.036699861,0.022179598,0.015516266,0.030725365,0.025890405,0.009653799999999999,0.009032331999999999,0.009723799,0.00941578,0.0091,0.009000000000000001,0.0095,0.0091,0.0087,0.0084,0.0077,0.008,0.0073,0.006999999999999999,0.006599999999999999,0.0071,0.0082,0.0092,0.0085,0.013799999999999998,0.013799999999999998,0.0154,0.015699999
129,Sudan,SDN,73.26663513,76.16514757,77.39558664,85.62816078,79.48783779,81.47140198,83.61051484,80.54021327,81.90111294,80.84766227,80.42130279999999,79.38279724,76.76010132,76.99720001,75.39530182,72.27590179,69.25229645,65.63619995,63.507301330000004,63.11999893000001,61.32310103999999,63.68109893999999,63.75939941000001,65.69180298,64.90499878,62.99840164,59.50260161999999,60.44670105,61.41439819
130,Senegal,SEN,55.55101113,55.27354599000001,53.661883259999996,55.08533663000001,54.75052082,53.17785866,52.46737293,50.67200084,48.02356639,45.84544925,47.51879883,45.83150101,44.48730087,44.72100067,40.7981987,41.22869873,44.18909836,40.61259842,40.44060135,51.96250152999999,50.26440048,48.65919876,50.37369919,43.59759903,43.35440063,39.93310165,37.58509827,39.23310089,36.62269974
131,Singapore,SGP,0.194833724,0.49550922399999997,0.52847069,0.515729258,0.477110597,0.45273792399999996,0.4578718189999999,0.43142565899999996,0.433014805,0.426520083,0.325399995,0.596499979,0.5776000020000001,0.5760999920000001,0.5255,0.535000026,0.51789999,0.503799975,0.5317999720000001,0.475199997,0.47330001000000005,0.478599995,0.506900012,0.56129998,0.590699971,0.645099998,0.680100024,0.6902999879999999,0.727299988
132,Solomon Islands,SLB,59.01436959,58.96308843,59.54837228,60.04838578,60.498642700000005,59.97546221000001,59.924056660000005,62.872207259999996,63.46901855,66.75727660000001,55.26039886,54.13729858000001,52.81100082,51.460098269999996,49.90769957999999,49.69319916,48.92250061000001,47.42240143,46.68709946,45.79460144,45.0719986,43.61230087,43.82099915,41.83409882,45.89479828,48.64519881999999,48.70249939,48.97700119,48.50180054
133,Sierra Leone,SLE,91.28215225,90.25516271,90.21561125,90.13007993,89.71559669,90.24166239,90.07512227,90.4601887,91.26071795,91.36751244,91.31430054,89.37960052,87.99330139,86.53009796,86.57849884,88.12560272,84.36959839,86.3483963,86.0338974,86.13880157,84.88629913,80.99960327,79.05719757,75.665802,73.87940216,78.45970154,78.08670044,78.07779694,79.62400055
134,El Salvador,SLV,67.13703581,64.72591405,61.68876525,59.342079739999996,57.19833676999999,54.74697924000001,56.93744493,53.062362760000006,51.58657898,51.00757387,33.50999832,33.11380005,34.0177002,33.84590149,33.33029938,34.08200073,34.76150131,28.24440002,31.50169945,32.1996994,32.61980057,29.523799899999997,30.26910019,27.54299927,23.94799995,21.03009987,20.7105999,24.98730087,23.21249962
135,Serbia,SRB,15.491652659999998,18.21979251,19.30853067,20.87905246,22.02761683,24.97608429,19.43228434,16.29905315,16.74292286,23.68335901,22.09440041,19.55389977,18.00580025,15.67070007,14.638799670000001,16.09740067,15.332200050000003,14.02970028,15.56639957,20.82299995,20.61770058,17.56189919,19.61930084,20.19169998,23.458599089999996,21.33320045,21.00329971,20.09420013,21.1446991
136,Sao Tome and Principe,STP,50.92907396,50.92907395999999,54.17745362,54.05742243,54.01332446,53.942823849999996,55.63246801,56.08234051,55.06107552,56.67576693,54.72880173,55.467800139999994,55.33729935,51.80759811000001,48.92200089,47.94290161,47.32889938,47.68640137,46.03749847,45.40840149,43.75960159,43.11970139,38.88629913,39.36149979,39.62950134,40.23289871,39.2016983,38.42079926,37.84500122
137,Suriname,SUR,25.181007998738927,25.216966779137547,25.197591872269,25.183642859515846,25.1707873419972,25.174594213962116,25.161783408057087,25.119508369607864,25.036765483288157,24.959587099651245,23.62969971,24.14209938,27.79159927,24.6352005,22.6257,18.87879944,22.08639908,24.58769989,26.19249916,26.46940041,22.10269928,21.16469955,15.76650047,17.62549973,12.85229969,11.59379959,15.927499769999999,18.49790001,19.21649933
138,Slovak Republic,SVK,2.225335934,2.08678407,2.3186127119999997,4.104215353,4.7174424539999995,4.207010486000001,3.905504627,3.853383866,3.6305891270000004,3.797945468,3.727299929,6.000299931,5.480400085,5.34649992,6.246900082000001,6.305900097,6.566999912000001,8.231499672,7.6289000510000005,9.998600006,10.27890015,10.35709953,10.47200012,10.67749977,12.24190044,13.408499719999998,13.09060001,12.43379974,12.42039967
139,Slovenia,SVN,12.35195059,13.13077817,13.90084403,12.35673778,12.336093249999998,11.49482248,11.09418376,10.23270261,11.08845046,10.9503328,15.865200039999998,14.992300029999999,14.096500400000002,14.18430042,15.41079998,14.56669998,14.41469955,14.09039974,13.85270023,19.02910042,19.50550079,18.58740044,19.70549965,22.00639915,22.30069923,20.81290054,20.78759956,19.66819954,21.0060997
140,Sweden,SWE,34.06199197,32.45879153,33.23216078,34.38515226,31.35442412,33.91418148,31.35609734,35.620611,35.65790342,34.79225049,40.00910187,37.66239929,36.14979935,34.91180038,35.82580185,40.21780014,40.97330093,42.65380096,44.15850067,46.74330139,45.76039886,46.19440079,49.33179855,48.11999893,49.54309845,52.89149857000001,51.854999539999994,52.85770035000001,52.48279953
141,Eswatini,SWZ,85.24571644,86.67092071,92.26300469,91.99371049,73.21345435,72.75630464,75.50236416,47.92769592,49.1072865,48.86559597000001,62.180999760000006,62.74879837,63.684299470000006,63.93759918000001,62.86100006,63.250701899999996,65.27269745,65.21710205,65.87580109,64.36319733,63.65050125,62.40769958,63.37360000999999,66.23660278,67.95860291,66.58869934,62.35950089,65.53890228,66.06520081
142,Seychelles,SYC,4.248395138999999,3.48208008,3.335618269,3.110523652,2.7632452769999998,2.96356046,2.291622243,1.373968771,1.0338298000000001,0.868549785,1.521600008,1.254999995,1.0977,1.119899988,0.9621999859999998,0.9401999710000001,0.949999988,1.006899953,0.912699997,0.8267999890000001,0.7089999909999999,0.851499975,0.779100001,1.475200057,1.3425999880000001,1.321699977,1.191900015,1.22420001,1.223199964
143,Syrian Arab Republic,SYR,2.360017397,2.107307275,2.239113178,2.230603415,2.058007569,1.805989576,1.6635498209999997,1.6905340269999998,1.606852664,1.751357005,2.0000998969999997,2.072999954,1.613600016,1.9119000430000002,2.602099895,2.111399889,1.826400042,1.552000046,1.257200003,0.925199986,1.3633999819999998,1.7914999719999996,2.1733000280000003,3.1242001060000004,2.703200102,0.60650003,1.173499942,0.8905000089999999,0.9383999709999999
144,Chad,TCD,98.1635271,98.30370579,98.22817628,98.17379862,98.12368375,98.13852414,98.08858357,97.92378211,97.60122419,97.30035846,88.69680023,88.60289764,88.50260162,83.88200378,83.97049713,83.79499817,83.71019745,82.77459717,81.86370087,82.20639801,81.57070159999999,85.38639832,85.29049683,85.20700073,85.28600311,85.25299835,85.27760315,85.37249756,85.25779724
145,Togo,TGO,78.70141705,82.08721827,85.79096609,91.49859709999998,81.55213942,81.52090303,73.09454211,79.5610582,77.74869211,73.11710759,77.11440277,82.06189728,78.67070007,74.79560089,76.14450073,77.22669983,79.66190338,79.9414978,76.52410126,63.40039825,65.82830048,69.15930176,72.73970032,76.24449921,81.44020081,81.04389954,80.65720367,77.73750305,75.08499908
146,Thailand,THA,33.63913092,33.01563167,31.82377522,26.42591045,23.86782039,22.6994113,21.16347051,21.24884266,21.65097363,21.31244234,21.99069977,20.03790092,20.06920052,20.34679985,20.02709961,20.25489998,20.68930054,21.61370087,22.49360085,22.66020012,22.65979958,22.76119995,23.30130005,22.95590019,24.12770081,22.65279961,22.43149948,22.26580048,23.72330093
147,Tajikistan,TJK,29.63775189,30.999363510000002,37.37866219,43.95660518,57.26018582,60.58249849,62.667138529999995,56.82428608,55.80759140000001,59.728390850000004,62.40499878000001,64.06569672,64.15039825,64.58010101,61.409500120000004,63.73120116999999,61.56909943000001,53.79330063,54.605098719999994,60.584899899999996,61.83039856,59.97639847,55.80310059,55.12450027,45.89110184,48.10950089,41.16339874,41.69319916,39.47409821
148,Timor-Leste,TLS,16.06675742276195,16.08970094439984,16.07733877332388,16.068438597278377,16.060236126530327,16.062665103495938,16.054491161020064,16.027517547102956,15.974723398313342,15.925479683834666,0.0,0.0,48.25270081,47.84700012,44.03720093,43.60630035,41.90309906,41.87850189,39.72050095,36.91130066,34.81510162,32.83570099,25.613700869999995,21.68020058,18.54700089,18.35009956,19.66160011,19.47509956,18.38479996
149,Tonga,TON,1.4866079980000002,1.246426144,1.5687002730000001,1.4257367159999998,1.22682652,1.161942027,1.462181699,1.263760166,1.235416106,1.031878905,2.476799965,2.699399948,2.4774000640000002,2.0127999780000003,2.148600101,2.170399904,1.8668999670000002,2.170799971,1.9884999989999999,1.817399979,1.007799983,1.13499999,1.146900058,1.5756000280000002,1.6974999900000003,1.879699945,1.975999951,1.483800054,1.708899975
150,Trinidad and Tobago,TTO,1.193023774,1.30874233,1.284745435,1.350853254,1.266419385,1.185209708,1.000185724,0.939534801,0.9033920529999999,0.86405706,0.761300027,0.7059000129999999,0.6883000140000001,0.596599996,0.602500021,0.54400003,0.54549998,0.445300013,0.462099999,0.486600012,0.377200007,0.37630000700000005,0.369599998,0.36340001200000005,0.34490001200000003,0.360300004,0.42179998799999996,0.41179999700000003,0.454600006
151,Tunisia,TUN,14.48023914,14.79053885,14.19335076,13.87118995,14.20237984,14.36803329,14.375476560000001,14.437623679999998,14.49885603,14.488595000000004,14.23659992,14.22179985,14.548500059999999,14.12819958,13.92230034,14.1789999,14.32180023,14.323599819999998,14.611000060000002,16.07189941,12.60630035,13.241000180000002,12.99969959,13.165399550000002,12.855999949999998,12.49699974,12.394599910000002,11.82229996,11.88679981
152,Turkey,TUR,24.51077696,24.18419764,24.22050637,23.82532605,24.24307665,22.09844195,21.24304374,20.84128763,21.63426895,20.55542625,17.2901001,18.11689949,17.49010086,16.28899956,16.78140068,15.33880043,14.22669983,12.47739983,12.53209972,13.12300014,14.21030045,12.679900170000002,13.02900028,13.795399669999998,11.51329994,13.33740044,13.22560024,11.40299988,11.8739996
153,Tanzania,TZA,94.78490931,94.97058843,95.02558158,95.14743255,95.17763554,93.3715035,92.22245649,92.74786901,93.17765581,94.26634844,93.72550201,93.07350159,92.15509796,91.91300201,91.05069733,89.93360138,89.52200317,89.95200348,89.42960358,89.95709991,88.6210022,87.10489655,85.02310181,83.92230225,84.26540375,83.48819733,84.47000122,83.82769775,83.65579987
154,Uganda,UGA,96.01851287,96.03933041,96.11768046,96.22849677,96.84245508,95.97116983,95.65698605,94.67740135,94.08731783,94.13556936,95.01249695,95.21990204,95.35420227,95.27510071,95.02230072,94.1128006,93.81710052,93.74179840000001,93.73010254,93.86969757,93.17630005,92.79149628,92.95480347,92.54540253,91.84159851,91.07279968,90.82540131,90.65940094,90.33390045
155,Ukraine,UKR,0.650122965,0.7007655359999999,0.600592001,0.8937229969999999,1.105019513,0.9769395479999999,0.8979110429999999,1.025039518,1.5775072140000002,1.451121584,1.254299998,1.227800012,1.034700036,0.9904999729999999,1.206099987,1.266199946,1.753800035,2.386800051,2.724699974,2.963099957,2.882499933,2.738399982,2.8575000760000004,3.488100052,3.499200106,4.142499924,5.473999977,6.467599869,6.907299995
156,Uruguay,URY,44.81247732,43.72981811,43.39971214,42.7630863,42.25098041,41.06618355,37.56791792,37.67648614,36.90139164,33.29843915,38.72539902,41.62739944,43.25260162,43.83100128,39.30619812,41.32379913,37.60020065,43.19889832,44.09329987,44.63610077,53.227600100000004,49.66839981,47.84600067,51.866401669999995,56.70090103,59.39970016,60.26570129,60.68310165,60.72909927
157,United States,USA,4.175462186,4.507919594,4.763083108,4.281528407,4.088641398,4.726554335,4.763930451,4.514260299,4.53429689,5.709726592999999,5.429699897999999,4.67869997,4.840799809,5.326300144,5.477700232999999,5.841199875,6.396699905,6.304200172000001,6.845600127999999,7.354400157999999,7.435699940000001,8.364199637999999,8.728099822999999,9.083299637,9.220499992,9.033900261,9.456299782,9.919099808,10.10719967
158,Uzbekistan,UZB,1.329744598,1.211402727,1.388622899,1.5964256490000004,1.5610128749999999,1.458602352,1.64858305,1.442411416,1.2089218240000001,1.1731603179999999,0.710099995,0.7745000120000002,1.00759995,1.4083000419999998,1.037199974,1.6067999600000002,0.8518999809999999,0.8980000020000001,0.789900005,1.233399987,1.341500044,0.950800002,1.309700012,1.133000016,1.3450000290000002,1.6736999750000001,1.625499964,1.771100044,1.4874999519999998
159,St. Vincent and the Grenadines,VCT,15.43977328,11.59954549,13.169447340000001,12.27676071,10.47163061,9.104032279,8.99019363,8.783419895,7.153688112999999,6.54417466,8.491399765,6.194200038999999,6.070600033,5.632500172,5.8558998110000005,5.810900211,5.2933998110000005,4.712299824,5.329100132,4.101399899,5.133200169,6.088900088999999,5.024499893,5.372700214,3.315000057,4.297500134,4.1020002369999995,5.29309988,4.9250001910000005
160,"Venezuela, RB",VEN,11.97733019,13.193555519999999,14.10669357,13.18552297,13.79273313,13.11280862,12.872300509999999,13.81969294,13.639813140000001,14.500254309999999,15.28950024,14.03479958,12.84000015,13.41450024,14.636899949999998,14.23159981,15.597100259999998,16.64119911,16.34980011,16.213300699999998,13.79100037,14.75720024,13.70639992,15.288000110000002,12.004199979999997,15.329400059999998,14.505399699999998,14.31040001,14.564700129999999
161,Vietnam,VNM,76.08164466,75.63743658,74.70197167,70.81269017,67.98600793,65.12578361,62.86600927,60.79237361,59.49934411,59.56700311,57.9803009,56.38639832,52.45470047,51.07730103,46.01850128,44.3913002,44.49470139,42.13560104,39.48540115,37.18600082,34.79249954,36.54349899,38.10189819,37.68399811,36.94440079,30.719900130000003,30.950899120000003,31.975700380000003,23.49180031
162,Vanuatu,VUT,24.15796686,24.923820290000002,26.95428989,27.1202058,27.58064711,27.202945399999997,20.44936892,19.61253671,21.30424272,48.91245942,48.65140152,47.41839981,51.921199800000004,50.451000210000004,64.05879974,64.26360321,63.75410079999999,42.25540161,47.62720108,38.79359818,38.3973999,35.99420166,39.28319931,41.25529861,31.73959923,35.53860092,32.72100067,36.55599976,30.777000430000005
163,Samoa,WSM,46.20460855,46.23826885,45.70142711,46.14201534,46.15173375,45.21811394,44.7497258,44.84110855,44.9785615,44.70642802,59.689399720000004,52.412998200000004,49.57960128999999,52.40980148,48.81880188,48.89429855,45.96120071,43.17699814,44.87189865,43.27719879,41.27560043,40.2643013,40.25930023,42.61489868,41.24489975,37.47819901,36.81769943,35.80929947,36.61859894
164,South Africa,ZAF,16.62782171,17.46611882,18.36321702,18.58595006,18.56288156,18.11307968,17.4377706,17.10719134,17.27249004,18.22132003,16.25589943,15.62979984,13.89589977,13.063099860000001,12.3071003,10.99240017,10.75739956,10.37479973,11.56389999,10.98750019,11.7876997,11.37180042,10.60750008,9.781999588,9.908100128,10.29170036,10.70530033,10.22539997,10.34329987
165,Zambia,ZMB,82.98273423,82.25315767,82.70677677,85.13510708,86.85652944,87.11133056,89.64085704,87.0073848,87.75554547,89.83537502,89.91940308,89.75640106,89.63939667,89.39800262,89.58660126,89.12490082,89.97689819,90.95809937,90.19259644,89.79709625,89.86940002,88.75,86.50509644,86.56230164,86.00270081,85.48699951,85.59149933,84.68779755,85.104599
166,Zimbabwe,ZWE,63.97640941,63.74078146,64.36829174,64.4177524,68.52720615,67.06226392,66.73832752,67.3858196,67.83880255,64.41253557,69.25980377,71.53199768,74.29660034,77.82879639,81.58390045,80.15319824,78.66020203,78.1135025,82.05519867,82.34220123,82.06999969,79.50990295,77.82219696,79.30590057,80.77500153,81.42720032,82.79260254,83.49299622,81.36360168
