Report generated on: 11-03-2021 14:07:28,,,,natural gas CO2 emissions (MMtonnes CO2),,,,,,,,,,,,,,,,,,,,,,,,,,,
Country,Code,1990,1991,1992,1993,1994,1995,1996,1997,1998,1999,2000,2001,2002,2003,2004,2005,2006,2007,2008,2009,2010,2011,2012,2013,2014,2015,2016,2017,2018,2019
    World,WORL,3973.011194,4057.22363,4076.853622,4182.316749,4175.657735,4297.782978,4396.582072,4422.86252,4458.3605,4572.524794,4736.287095,4755.92897,4974.516835,5120.218738,5279.887636,5430.142928,5631.279411,5811.819204,5978.854008,5782.239388,6323.923968,6512.988366,6662.05692,6760.0943,6785.637172,6887.367588,7027.731893,7259.328867,7626.683356,--
        Afghanistan,AFG,3.721960809,0.61105363,0.588527971,0.588527971,0.588277995,0.39218533,0.451204778,0.451204778,0.451204778,0.451204778,0.451204778,0.098087995,0.098087995,0.039235198,0.039235198,0.039235198,0.039235198,0.078470396,0.098087995,0.058852797,0.278371366,0.316625359,0.314467441,0.30308933,0.278371366,0.286806862,0.324276157,0.324276157,0.318251809,0.324276157
        Albania,ALB,0.500067221,0.2769558,0.199518958,0.058659238,0.05871463,0.05871463,0.058684164,0.039122776,0.058684164,0.039122776,0.058684164,0.058684164,0.058684164,0.058684164,0.058684164,0.058684164,0.058684164,0.019336545,0.05649194,0.05649194,0.018587066,0.018587066,0.031598012,0.035315426,0.059478612,0.065054731,0.083641087,0.092934541,0.079780155,0.084007096
        Algeria,DZA,42.6352762,48.52032167,45.70301267,41.01332011,43.22440682,46.45241686,45.56952782,42.57097687,44.02801923,44.99938081,43.41563911,43.16224044,43.09889077,43.33117288,40.71271994,50.60582642,54.05838333,52.64586748,55.06952347,57.22056791,57.34791929,65.4267726,71.32473349,65.56208344,77.81368438,78.8404549,79.13296262,82.13166423,89.16055449,93.41359638
        American Samoa,ASM,0,0,0,0,0,0,0,0,0,0,0,0,0,0,0,0,0,0,0,0,0,0,0,0,0,0,0,0,0,0
        Angola,AGO,1.055407096,1.1110066,1.118203145,1.098585546,1.019904059,1.098585546,1.098585546,1.118203145,1.137820744,1.098585546,1.118203145,1.039732749,1.21629114,1.275143938,1.471319928,1.275143938,1.333996735,1.62826072,1.333996735,1.353614334,1.439931769,1.475243448,1.490937527,0.800398041,0.453166538,1.516440406,1.575292703,1.594910135,1.679087606,1.688849743
        Antarctica,ATA,0,0,0,0,0,0,0,0,0,0,0,0,0,0,0,0,0,0,0,0,0,0,0,0,0,0,0,0,0,0
        Antigua and Barbuda,ATG,0,0,0,0,0,0,0,0,0,0,0,0,0,0,0,0,0,0,0,0,0,0,0,0,0,0,0,0,0,0
        Argentina,ARG,39.00567176,43.29139882,43.64402403,46.18974524,47.48187271,52.84665512,56.01873796,55.88167708,59.73896173,63.36128488,65.02559551,61.12915061,59.26903873,67.70807265,74.22825431,79.18202597,81.76660248,85.99590951,86.95533564,84.46865975,84.76236163,90.32311716,90.93010104,91.38631795,92.17931302,92.00700792,94.82456399,96.04243743,98.15087993,96.87501469
        Armenia,ARM,--,--,3.648873421,2.746408315,3.138593645,3.138593645,3.531334478,2.550287875,2.746463866,2.530670276,2.766081465,2.746463866,2.138318295,2.589523073,2.609140672,3.334991837,3.334991837,4.029454843,3.786196615,3.040727851,3.570403025,4.060843001,4.806311765,4.727841369,4.90439976,4.021607803,4.347223017,4.617943584,4.869455288,4.977930205
        Aruba,ABW,0,0,0,0,0,0,0,0,0,0,0,0,0,0,0,0,0,0,0,0,0,0,0,0,0,0,0,0,0,0
        Australia,AUS,34.619475,32.37942253,33.53628556,34.90529339,36.49030812,39.15995044,39.30255746,39.57978767,41.47493955,42.93325603,45.07442609,47.52650043,52.24694632,53.77289761,55.83199415,56.33585916,56.28804056,62.53359832,63.70976051,66.93396632,67.78488757,68.89064181,71.40249285,73.61085252,75.23351733,76.261073,82.848989,86.61415608,86.96677616,99.75970832
        Austria,AUT,12.2513149,12.8227352,12.59198783,13.28089225,13.66948299,14.77885598,15.87615191,15.30053933,15.70884583,15.97394199,14.46322572,15.31643577,15.48933296,16.74847553,16.73076535,19.0952088,17.91406632,16.8945976,17.85118321,17.4246625,19.0019784,17.93436522,17.13941585,16.51661355,15.07633846,16.08761397,16.80046907,18.23606166,17.0637224,17.69535586
        Azerbaijan,AZE,--,--,29.03393548,21.5796367,18.44048755,17.65611689,18.24439488,17.96972072,10.96623786,11.77055942,11.10356106,13.18302656,17.46798236,17.84133506,19.36952167,20.22692504,22.01967755,17.42042795,19.49989345,19.14677666,20.4807734,18.26398471,20.69656699,18.57786629,19.67645184,21.34394776,20.93590516,20.3022621,20.6950905,22.49664563
        Bahrain,BHR,11.38788278,12.94322689,10.43656269,12.98685056,12.73158013,12.73158013,12.88876257,15.63522643,16.2629896,16.49840079,16.81228238,17.45966315,18.55824869,18.87213028,19.12715906,21.01044857,22.22673971,23.10953167,24.34544041,24.4827636,25.05167397,24.75740999,26.87611068,30.79963049,30.40727851,30.40727851,30.07378216,31.17039663,31.5032675,35.80407619
        Bangladesh,BGD,8.08806438,8.637253937,10.29678495,11.32210856,12.3227695,13.5190684,13.99607954,13.99607954,15.04165822,16.6008545,17.79318107,18.8937902,20.36126906,22.92476649,24.93814672,26.65145451,29.16430594,31.67395334,34.91426731,38.23014745,39.33935685,39.30027155,43.05246058,44.55724472,46.70693635,52.49422654,57.50687399,57.71011584,59.52654692,61.10740308
        Barbados,BRB,0.066699837,0.064738077,0.094164475,0.092202715,0.090240956,0.092202715,0.088279196,0.084355676,0.072585116,0.092202715,0.074374634,0.062776317,0.056891037,0.056891037,0.058852797,0.051695148,0.05270089,0.036961025,0.03339064,0.032032888,0.031680878,0.032384898,0.037061599,0.043448062,0.027859058,0.034798679,0.03922131,0.042730556,0.039823575,--
        Belarus,BLR,--,--,35.53781534,32.99260108,27.37728404,24.87058362,27.20232119,29.33964643,29.980844,33.43942483,38.08519269,34.97441296,32.91480864,34.89669204,31.89630487,39.48140176,40.78448251,40.37605421,41.33294336,34.52191533,42.0622796,40.90063293,40.27886559,39.45890991,39.01590068,33.67258759,33.44525583,34.41093003,36.50251567,36.21689625
        Belgium,BEL,19.24628726,20.43314102,21.05853056,22.10004089,22.59635417,24.99839766,27.83903126,26.55593348,29.2458492,31.13757034,31.29521376,30.89611648,31.84197705,33.9232694,34.569807,33.98313399,34.97888172,35.24029045,35.00083207,35.34405574,39.51171091,33.79394857,33.69484202,33.92483536,29.71514845,32.50760997,33.04826066,33.42387061,34.39223171,34.4719058
        Belize,BLZ,0,0,0,0,0,0,0,0,0,0,0,0,0,0,0,0,0,0,0,0,0,0,0,0,0,0,0,0,0,0
        Benin,BEN,0,0,0,0,0,0,0,0,0,0,0,0,0,0,0,0,0,0,0,0,0,0,0,0,0,0,0,0.077902713,0.037150648,0.037150648
        Bermuda,BMU,0,0,0,0,0,0,0,0,0,0,0,0,0,0,0,0,0,0,0,0,0,0,0,0,0,0,0,0,0,0
        Bhutan,BTN,0,0,0,0,0,0,0,0,0,0,0,0,0,0,0,0,0,0,0,0,0,0,0,0,0,0,0,0,0,0
        Bolivia,BOL,1.5917,1.379473333,1.697813333,1.592761133,1.854861067,2.387753738,2.055913137,2.623736766,1.703470885,1.76221126,2.467095765,1.605570259,1.997172762,4.385948026,4.190146775,4.131406399,4.699230028,4.914611404,5.621453921,5.541175408,5.325794032,4.699230028,6.246059912,6.598502164,6.261724012,5.286633781,6.24213577,6.234303786,6.269280837,5.715087981
        Bosnia and Herzegovina,BIH,--,--,0.930537532,0.74525495,0.770009281,4.553739098,0.260218926,0.260218926,0.371741323,0.371741323,0.557611984,0.557611984,0.297393058,0.297393058,0.557611984,0.761470129,0.761470129,0.609176103,0.59013935,0.399771818,0.437845324,0.494955584,0.456882077,0.456882077,0.321721129,0.380735064,0.397867997,0.432133862,0.431389533,0.415485243
        Botswana,BWA,0,0,0,0,0,0,0,0,0,0,0,0,0,0,0,0,0,0,0,0,0,0,0,0,0,0,0,0,0,0
        Brazil,BRA,6.047133583,7.409920595,8.116964288,8.056124267,8.398233653,8.788348712,9.840652355,10.75651505,11.30213538,12.74413196,18.39519965,21.86378602,26.09234357,27.55382659,33.55565021,36.89191616,38.33904667,39.36987936,46.88306379,37.10997692,49.95573816,49.67820628,59.9667095,70.8082941,74.89990694,78.08557644,66.64889617,68.08709744,64.86363154,64.31579844
        British Virgin Islands,VGB,0,0,0,0,0,0,0,0,0,0,0,0,0,0,0,0,0,0,0,0,0,0,0,0,0,0,0,0,0,0
        Brunei,BRN,2.962896493,1.8368218,2.142958767,1.751409586,1.513541163,2.097650496,1.686551409,1.902775948,1.643306501,2.0402303,2.157935894,2.64837587,3.27613904,3.393844634,3.923519808,4.610135774,7.827422017,8.252646123,8.333825884,4.940768203,5.809732282,5.907539223,5.770609505,5.262013413,6.240082821,6.807363078,7.45875177,7.695442556,7.977883709,7.569048758
        Bulgaria,BGR,12.08258329,9.720799828,10.27647409,9.033651409,8.82963741,10.93328331,11.51700002,9.573013592,7.114574304,6.295413069,6.015201805,5.454779277,5.624210807,5.624210807,5.831242834,6.559752177,6.785541295,6.402419858,6.158914302,3.971636326,4.892445578,6.086664578,5.734138427,5.730325037,5.508816675,6.070056313,6.125135738,6.381312799,6.027753255,5.642436938
        Burkina Faso,BFA,0,0,0,0,0,0,0,0,0,0,0,0,0,0,0,0,0,0,0,0,0,0,0,0,0,0,0,0,0,0
        Burma,MMR,2.11091254,1.958682883,1.928710641,2.172335394,2.824047197,3.238986409,3.159801244,2.982062424,3.475781368,2.730387552,3.115656961,3.2831654,4.34472671,4.956938201,5.272918325,8.175985718,7.149050314,8.136488202,7.603271742,6.418346276,6.398597518,6.596085096,6.91206522,7.168799071,6.793572674,7.08980404,8.701288985,8.892850308,9.294336218,7.134044434
        Burundi,BDI,0,0,0,0,0,0,0,0,0,0,0,0,0,0,0,0,0,0,0,0,0,0,0,0,0,0,0,0,0,0
        Cabo Verde,CPV,0,0,0,0,0,0,0,0,0,0,0,0,0,0,0,0,0,0,0,0,0,0,0,0,0,0,0,0,0,0
        Cambodia,KHM,0,0,0,0,0,0,0,0,0,0,0,0,0,0,0,0,0,0,0,0,0,0,0,0,0,0,0,0,0,0
        Cameroon,CMR,0,0,0,0,0,0,0,0,0,0,0,0,0,0,0,0,0.039235198,0.039235198,0.039235198,0.039235198,0.41196958,0.294263986,0.533598694,0.60814557,0.920065395,1.333996735,1.412466464,1.786115269,2.151580401,1.934659854
        Canada,CAN,127.9146721,129.2718892,140.0598763,145.1872951,150.3310591,155.6047024,158.3365367,156.7110978,151.9889581,168.6680413,161.8856639,169.2557279,172.0744865,183.4306405,181.6925531,171.3191808,179.9383107,166.3816729,160.042865,170.2092032,188.4888334,195.2656145,205.0564557,218.3361651,226.8643719,225.5548745,216.0162966,230.934963,245.3860447,244.6604737
        Cayman Islands,CYM,0,0,0,0,0,0,0,0,0,0,0,0,0,0,0,0,0,0,0,0,0,0,0,0,0,0,0,0,0,0
        Central African Republic,CAF,0,0,0,0,0,0,0,0,0,0,0,0,0,0,0,0,0,0,0,0,0,0,0,0,0,0,0,0,0,0
        Chad,TCD,0,0,0,0,0,0,0,0,0,0,0,0,0,0,0,0,0,0,0,0,0,0,0,0,0,0,0,0,0,0
        Chile,CHL,3.50174,2.758946667,2.888646341,3.278902,3.634912233,3.560102333,3.560959596,5.508666779,6.354640606,9.030278756,10.25005497,12.47319549,13.79786122,15.05382038,16.39429636,16.39429636,14.64499487,8.73227862,5.409076079,6.397922988,10.39930298,11.21885555,9.589802721,9.634042205,8.018162727,8.635900728,9.420439689,10.06537397,10.60413717,12.88752126
        China,CHN,30.1903281,31.22421312,31.55850669,33.03491648,34.80502779,35.85176954,39.82815922,42.99168162,44.68012734,48.23446342,50.0311357,54.01569116,58.842192,63.3965291,74.86656639,91.73288617,110.5258903,138.0594622,151.1174476,173.2782332,208.9395151,256.3488721,281.3194056,319.3655467,354.6900504,373.5915384,405.4806677,467.1680695,548.6985918,600.2762594
        Colombia,COL,7.442736143,7.639894717,7.432634231,7.738474003,8.00710256,7.919859891,8.250746195,10.39176261,10.8965551,9.016638247,9.9217834,10.60064226,10.72248873,10.60064226,11.07062148,11.61022724,12.56759231,13.12460471,13.05497816,15.12636803,15.80522689,15.38746759,17.56329728,18.62510217,20.41798584,20.03503981,18.97727966,18.49355661,19.95179338,20.66223237
        Comoros,COM,0,0,0,0,0,0,0,0,0,0,0,0,0,0,0,0,0,0,0,0,0,0,0,0,0,0,0,0,0,0
        Congo-Brazzaville,COG,0,0,0,0,0,0,0,0,0,0,0,0,0,0,0,0.235411188,0.353116783,0.568910372,0.725851164,1.039732749,1.824436711,2.25602389,2.293297328,3.236903842,2.942639856,2.942639856,2.746465532,2.7268481,2.7268481,2.746846814
        Congo-Kinshasa,COD,0,0,0,0,0,0,0,0,0,0,0,0,0,0,0,0,0,0,0,0,0,0,0,0,0,0,0,0.000750538,0.000740841,0.000740841
        Cook Islands,COK,0,0,0,0,0,0,0,0,0,0,0,0,0,0,0,0,0,0,0,0,0,0,0,0,0,0,0,0,0,0
        Costa Rica,CRI,0,0,0,0,0,0,0,0,0,0,0,0,0,0,0,0,0,0,0,0,0,0,0,0,0,0,0,0,0,0
        Croatia,HRV,--,--,5.333942687,5.763650598,5.06174607,4.551238537,4.904538636,5.492927731,5.237898944,5.218281345,5.434074934,5.571398127,5.159428547,5.983367707,5.394839736,5.277134142,5.355604538,5.467424852,5.816618115,5.259478302,5.569436367,4.843585203,5.638097964,4.853394002,3.929405088,4.029454843,4.319792842,5.05152307,5.409200246,5.67765902
        Cuba,CUB,0.063327376,0.065549389,0.067771403,0.069437913,0.067771403,0.080459374,0.084355676,1.471319928,0.784703962,0.980879952,1.177055942,0.588527971,0.686615966,0.725851164,0.725851164,0.784703962,0.743482646,1.115223968,2.156099672,2.156099672,1.988816077,1.914467812,1.921902639,2.020414089,2.230447937,2.323383267,2.213720509,1.963610015,1.814325958,1.814140971
        Cyprus,CYP,0,0,0,0,0,0,0,0,0,0,0,0,0,0,0,0,0,0,0,0,0,0,0,0,0,0,0,0,0,0
        Czech Republic,CZE,--,--,--,13.86966208,12.78677233,15.31718749,17.63482189,17.89105921,17.91687312,18.0656802,17.5304289,18.78124664,18.16600913,18.34950395,18.2232187,18.00044184,17.70636148,16.5011139,16.63488832,15.75402627,17.8028223,16.12433294,16.03842731,16.24975295,14.46165659,15.16524773,16.36604451,16.82092098,15.93969319,16.73938024
        Côte d’Ivoire,CIV,0,0,0,0,0,0.078325965,0.706233565,1.177055942,1.569407923,2.628758271,2.64837587,2.64837587,2.513263639,2.513263639,2.438240843,2.438240843,2.438240843,2.813354819,3.000911807,3.000911807,3.104068151,3.060930043,3.338514386,3.833664834,3.867425092,3.869300661,4.332562486,4.332562486,3.740786713,4.547786937
        Denmark,DNK,4.21784583,4.75090616,4.998464322,5.666519011,6.281873741,7.407160587,8.600715169,9.81959201,10.13115021,10.72290094,10.95222262,10.82987026,10.82146485,10.95567209,10.90504669,10.47476173,10.67597797,9.533073884,9.612533592,9.215334359,10.39239611,8.792185121,8.182589315,7.75713157,6.57184443,6.699996671,6.82787412,6.528095839,6.209502965,5.774816025
        Djibouti,DJI,0,0,0,0,0,0,0,0,0,0,0,0,0,0,0,0,0,0,0,0,0,0,0,0,0,0,0,0,0,0
        Dominica,DMA,0,0,0,0,0,0,0,0,0,0,0,0,0,0,0,0,0,0,0,0,0,0,0,0,0,0,0,0,0,0
        Dominican Republic,DOM,0,0,0,0,0,0,0,0,0,0,0,0,0,0.588527971,0.255028788,0.490439976,0.490439976,0.941644754,0.922027155,1.098585546,1.608643121,1.824436711,2.511052677,2.097121337,2.097121337,2.173629974,2.046116663,2.259946676,2.478653694,3.144214735
        Ecuador,ECU,0.275894667,0.222520456,0.243580504,0.243477043,0.243477043,0.292448347,0.292296605,0.243580504,0.243580504,0.243580504,0.341012705,0.389728806,0.243580504,0.365370756,0.414086857,0.63330931,0.682025411,0.669846386,0.544158846,0.619503916,0.652945646,0.476848184,1.022948179,1.018990932,1.143644192,0.983375715,1.082306033,0.945322438,0.750341061,0.677480272
        Egypt,EGY,15.88707548,17.83165593,19.38706517,22.14826932,23.52112073,24.38437286,26.28758271,26.4837587,26.95458108,28.77901779,35.90020624,48.16120564,49.0439976,58.10732836,61.71696658,67.11180631,74.15452437,78.13885873,82.49200396,87.04328694,90.57445477,99.53969753,104.2616536,101.8938094,94.32141618,94.04284628,99.37682614,113.2228099,115.4550339,114.1279963
        El Salvador,SLV,0,0,0,0,0,0,0,0,0,0,0,0,0,0,0,0,0,0,0,0,0,0,0,0,0,0,0,0,0,0
        Equatorial Guinea,GNQ,0,0,0,0,0,0,0,0,0.039235198,0.039235198,0.058852797,0.058852797,2.491435078,2.550287875,0.19617599,2.550287875,2.550287875,2.924787841,2.942639856,3.040727851,3.099580648,3.178051044,3.099580648,2.86416946,2.687611068,2.334494286,2.314876853,2.295259421,2.177554827,2.118702529
        Eritrea,ERI,--,--,--,--,0,0,0,0,0,0,0,0,0,0,0,0,0,0,0,0,0,0,0,0,0,0,0,0,0,0
        Estonia,EST,--,--,2.799169987,1.127643579,1.202677909,1.398712742,1.530622226,1.986117954,3.000911807,1.87556988,2.104835345,2.386732935,1.39354842,1.588607688,1.811800504,1.836182912,1.890559449,1.847464437,1.774289106,1.228417702,1.315898362,1.177347699,1.275855489,1.298089204,1.018888138,0.913399104,1.004544313,0.956062819,0.979381424,0.900679188
        Eswatini,SWZ,0,0,0,0,0,0,0,0,0,0,0,0,0,0,0,0,0,0,0,0,0,0,0,0,0,0,0,0,0,0
        Ethiopia,ETH,0,0,0,0,0,0,0,0,0,0,0,0,0,0,0,0,0,0,0,0,0,0,0,0,0,0,0,0,0,0
        Falkland Islands,FLK,0,0,0,0,0,0,0,0,0,0,0,0,0,0,0,0,0,0,0,0,0,0,0,0,0,0,0,0,0,0
        Faroe Islands,FRO,0,0,0,0,0,0,0,0,0,0,0,0,0,0,0,0,0,0,0,0,0,0,0,0,0,0,0,0,0,0
        Fiji,FJI,0,0,0,0,0,0,0,0,0,0,0,0,0,0,0,0,0,0,0,0,0,0,0,0,0,0,0,0,0,0
        Finland,FIN,5.115989083,5.385251667,5.593122381,5.789145542,6.416527361,6.629783327,6.939674134,6.823664234,7.804993873,7.804993873,7.985665028,8.6550992,8.613259565,9.529927948,9.20471987,8.434490212,9.058281145,8.698840638,9.008834303,8.150786378,8.983673978,7.859960178,7.028880823,6.686481578,5.918540109,5.256172455,4.803057989,4.521548576,5.006407654,4.881673277
        Former Czechoslovakia,CSK,28.39550355,26.04530544,21.23932646,--,--,--,--,--,--,--,--,--,--,--,--,--,--,--,--,--,--,--,--,--,--,--,--,--,--,--
        Former Serbia and Montenegro,SCG,--,--,3.97440391,1.887213028,3.198032498,2.167573877,5.455654293,5.398763256,5.767574118,3.391882874,1.065235628,1.180979462,4.49243018,4.315871789,4.590518175,4.708223769,--,--,--,--,--,--,--,--,--,--,--,--,--,--
        Former U.S.S.R.,SUN,1358.780491,1343.085374,--,--,--,--,--,--,--,--,--,--,--,--,--,--,--,--,--,--,--,--,--,--,--,--,--,--,--,--
        Former Yugoslavia,YUG,13.96069459,13.90440146,--,--,--,--,--,--,--,--,--,--,--,--,--,--,--,--,--,--,--,--,--,--,--,--,--,--,--,--
        France,FRA,57.71116886,65.3615879,66.1199019,66.62372599,66.29489352,67.64634485,74.68441877,74.08062954,75.85800088,79.66782293,83.65800884,87.71633734,89.91199074,88.25255172,93.6780826,99.8149435,102.1196647,94.99433543,99.59214228,95.25586594,96.9270198,93.78111298,87.3895094,91.25207753,74.92710741,78.97303774,86.48027205,86.97867764,83.04561953,85.58906454
        French Guiana,GUF,0,0,0,0,0,0,0,0,0,0,0,0,0,0,0,0,0,0,0,0,0,0,0,0,0,0,0,0,0,0
        French Polynesia,PYF,0,0,0,0,0,0,0,0,0,0,0,0,0,0,0,0,0,0,0,0,0,0,0,0,0,0,0,0,0,0
        Gabon,GAB,0.16665099,0.197125466,0.19617599,0.19617599,0.196092665,0.196092665,0.19617599,0.19617599,0.19617599,0.19617599,0.156940792,0.156940792,0.176558391,0.176558391,0.19617599,0.19617599,0.19617599,0.156940792,0.156940792,0.156940792,0.156940792,0.137323193,0.755277563,0.623839649,0.82393916,0.741545244,0.743506987,0.656991537,0.714907777,0.625997536
"        Gambia, The",GMB,0,0,0,0,0,0,0,0,0,0,0,0,0,0,0,0,0,0,0,0,0,0,0,0,0,0,0,0,0,0
        Georgia,GEO,--,--,9.809077271,4.708445971,3.138593645,4.119612473,3.531334478,3.727343818,3.648873421,2.275641489,2.373729484,2.275641489,2.867261058,2.009033259,2.399136804,2.877013647,2.750229995,3.391371355,3.416535095,3.377037579,3.211683891,2.914920395,3.459637602,3.967259372,4.258165694,4.685735783,4.392879557,4.470974551,4.409477267,4.991528266
        Germany,DEU,--,131.5257789,129.7940544,134.3763157,140.7990777,162.2151067,162.4347393,155.6452513,161.7443348,163.3353895,161.4168576,168.7785762,168.3963834,170.5542593,171.7224565,173.3163723,176.9268612,169.7377325,176.9039084,164.4588596,181.5691784,164.6305254,164.8221195,168.80322,152.7137347,157.1241222,169.8582742,180.3055712,179.7137489,192.1813588
"        Germany, East",DDR,7.3870797,--,--,--,--,--,--,--,--,--,--,--,--,--,--,--,--,--,--,--,--,--,--,--,--,--,--,--,--,--
"        Germany, West",DEUW,108.9235964,--,--,--,--,--,--,--,--,--,--,--,--,--,--,--,--,--,--,--,--,--,--,--,--,--,--,--,--,--
        Ghana,GHA,0,0,0,0,0,0,0,0,0,0,0,0,0,0,0,0,0,0,0,0,0.235411188,1.62826072,0.784703962,1.177055942,1.275143938,2.499187636,1.460475834,2.416540831,3.077682044,4.364036197
        Gibraltar,GIB,0,0,0,0,0,0,0,0,0,0,0,0,0,0,0,0,0,0,0,0,0,0,0,0,0,0,0,0,0,0.127998682
        Greece,GRC,0.297541787,0.311760973,0.306455307,0.217902563,0.111122944,0.10017364,0.113950707,0.400317063,1.697141539,2.852702439,3.987083077,3.938209586,4.216359784,4.740975979,5.225131578,5.511421112,6.422880621,7.800178474,8.262970189,6.87481614,7.564562673,9.110764985,8.382176667,7.529524253,5.756459761,6.208688418,8.034874118,9.742347856,9.556520378,10.35782613
        Greenland,GRL,0,0,0,0,0,0,0,0,0,0,0,0,0,0,0,0,0,0,0,0,0,0,0,0,0,0,0,0,0,0
        Grenada,GRD,0,0,0,0,0,0,0,0,0,0,0,0,0,0,0,0,0,0,0,0,0,0,0,0,0,0,0,0,0,0
        Guadeloupe,GLP,0,0,0,0,0,0,0,0,0,0,0,0,0,0,0,0,0,0,0,0,0,0,0,0,0,0,0,0,0,0
        Guam,GUM,0,0,0,0,0,0,0,0,0,0,0,0,0,0,0,0,0,0,0,0,0,0,0,0,0,0,0,0,0,0
        Guatemala,GTM,0,0,0,0,0,0,0,0,0,0,0,0,0,0,0,0,0,0,0,0,0,0,0,0,0,0,0,0,0,0
        Guinea,GIN,0,0,0,0,0,0,0,0,0,0,0,0,0,0,0,0,0,0,0,0,0,0,0,0,0,0,0,0,0,0
        Guinea-Bissau,GNB,0,0,0,0,0,0,0,0,0,0,0,0,0,0,0,0,0,0,0,0,0,0,0,0,0,0,0,0,0,0
        Guyana,GUY,0,0,0,0,0,0,0,0,0,0,0,0,0,0,0,0,0,0,0,0,0,0,0,0,0,0,0,0,0,0
        Haiti,HTI,0,0,0,0,0,0,0,0,0,0,0,0,0,0,0,0,0,0,0,0,0,0,0,0,0,0,0,0,0,0
        Hawaiian Trade Zone,HITZ,--,--,--,--,--,--,--,--,--,--,--,--,--,--,--,--,--,--,--,--,--,--,--,--,--,--,,,--,--
        Honduras,HND,0,0,0,0,0,0,0,0,0,0,0,0,0,0,0,0,0,0,0,0,0,0,0,0,0,0,0,0,0,0
        Hong Kong,HKG,0.757122708,0.816562071,0.915577387,0.965411912,1.042300901,1.104908352,3.656720461,5.775224981,5.382088296,5.941386045,5.292828221,5.341676042,5.077034631,3.770502535,4.951481998,6.022602905,5.882533248,5.277134142,6.591513277,6.291364012,7.886274814,6.267822893,5.669486122,5.381107417,5.126078629,6.361987369,6.633960929,6.611836977,6.398229698,6.4844976
        Hungary,HUN,20.79980503,20.66360857,18.14205653,19.53707833,19.73627708,21.46972769,23.93776534,22.72193888,22.86597927,23.16825331,22.52551181,25.04944428,25.1195074,27.58410552,27.18697187,28.29817863,26.87633553,25.03044874,24.69834734,21.40258695,22.9605454,21.92691585,19.59861794,18.38963105,17.15288553,18.07821291,19.27664174,19.93625698,19.16926252,19.52016248
        Iceland,ISL,0,0,0,0,0,0,0,0,0,0,0,0,0,0,0,0,0,0,0,0,0,0,0,0,0,0,0,0,0,0
        India,IND,24.36622111,27.41963228,29.11442815,32.47876206,36.2525401,38.32336355,38.20556455,39.32925763,41.73163593,41.26665948,39.42612772,38.8836552,50.52744034,53.14683013,59.9605263,69.96692582,75.51522128,82.14583859,85.70541165,106.2794951,128.8097549,127.851022,119.082611,104.8614069,102.5484639,99.15494901,108.0291447,113.0941978,121.4820303,124.5047628
        Indonesia,IDN,36.74901043,44.64268526,46.49764449,49.13855333,55.8163296,61.37222742,65.74256535,65.08902013,56.83801161,65.02775026,55.38795814,41.96985766,46.09536192,46.56509755,39.04932742,41.58181518,57.3894404,65.15028999,69.39833398,77.75145893,84.45029753,76.34225203,79.69167133,86.14543046,85.2059592,86.81939898,85.63044646,86.43582901,95.9818318,--
        Iran,IRN,42.8371496,44.99035552,49.46557924,52.57207084,62.92038488,69.64708735,76.9684413,93.19315129,102.393749,118.3216655,124.4356111,138.859774,156.7663137,163.0385492,169.2514259,207.7158603,215.0961248,223.6635631,236.0299579,279.7773162,286.0693379,303.7206352,307.260392,311.9695152,343.3425641,367.9704867,393.0077716,409.3569959,429.2617759,436.6871981
        Iraq,IRQ,4.277346841,2.16646287,5.61058333,5.002473867,6.21830394,6.218859444,6.356102089,5.983367707,5.787191717,6.238396495,6.179543697,5.414457335,4.629753373,2.157935894,3.433079832,2.844551861,3.531167827,2.86416946,3.688108619,2.25406213,2.550287875,1.718501676,1.267296898,2.312914927,1.775392713,1.965683424,2.162336652,21.94015712,28.34559662,35.33914432
        Ireland,IRL,4.38545184,4.49687084,4.442801322,5.0423841,5.131250834,5.464411152,6.197578023,6.487890384,6.559248229,7.00965856,8.037963636,8.381043028,8.564680244,8.604627446,8.785866331,8.215417654,9.20847101,9.942798776,10.37143676,10.0247505,11.00424412,9.628920585,9.377011494,8.9936327,8.66666052,8.693862685,10.19540821,10.44699695,10.81668384,--
        Israel,ISR,0.058378303,0.058378303,0.041895666,0.05840311,0.058433429,0.039139372,0.038935407,0.038710563,0.038635615,0.018830647,0.019467703,0.019467703,0.018718225,0.03743645,1.254121066,1.291557516,1.842930092,2.16591784,2.738594342,5.509566153,6.981630771,6.387644517,2.83617376,9.840042973,15.39677312,16.52979821,19.09323129,19.10468371,17.47134539,--
        Italy,ITA,91.39254894,97.09502642,96.19814775,98.13449831,94.79044962,104.4486937,107.7982683,111.1355535,119.6556904,130.0523658,135.6033931,135.9752506,135.0532741,148.8982569,154.5106215,165.3519925,161.9362706,162.7298221,162.7029871,149.5557162,159.2049839,149.2806567,143.5291451,134.2447263,118.6167848,129.366862,135.8655168,143.9811718,139.2802884,--
        Jamaica,JAM,0,0,0,0,0,0,0,0,0,0,0,0,0,0,0,0,0,0,0,0,0,0,0,0,0,0,0.033690515,0.385924362,0.191445619,--
        Japan,JPN,116.3272134,124.3544876,125.806797,129.0141452,134.979694,139.7699407,145.9036725,151.388416,154.6353366,163.5167164,163.7053452,162.8169471,169.9970221,175.7415722,175.4588877,174.7138199,192.3015764,210.4355866,205.4729561,204.6745666,216.4865404,251.2705099,260.8383361,258.7962623,259.8626551,246.9598154,256.2863271,242.4987402,231.746561,--
        Jordan,JOR,0.254976015,0.254976015,0.294416749,0.392351981,0.549392764,0.568835379,0.529675174,0.568910372,0.549292773,0.549292773,0.568910372,0.568910372,0.60814557,1.294761537,2.766081465,3.06034545,4.413959784,4.082409244,4.600561187,4.820383223,4.30223128,2.041204622,1.541894568,2.12128265,0.703430516,4.548745993,7.929266161,8.210321948,8.353029733,--
        Kazakhstan,KAZ,--,--,39.43129074,29.03393548,29.42612081,21.29965803,28.32789078,27.46463866,26.28758271,26.67993469,27.26846267,28.05316663,29.23022257,17.84416809,26.81529613,21.83438773,20.93197818,39.88257885,44.06112744,26.11102432,22.83488528,25.50287875,24.30620521,26.5426115,25.75790754,26.69955229,28.44158029,30.14807511,30.40837859,28.55729384
        Kenya,KEN,0,0,0,0,0,0,0,0,0,0,0,0,0,0,0,0,0,0,0,0,0,0,0,0,0,0,0,0,0,0
        Kiribati,KIR,0,0,0,0,0,0,0,0,0,0,0,0,0,0,0,0,0,0,0,0,0,0,0,0,0,0,0,0,0,0
        Kosovo,XKS,--,--,--,--,--,--,--,--,--,--,--,--,--,--,--,--,--,--,0,0,0,0,0,0,0,0,0,0,0,0
        Kuwait,KWT,12.14318474,0.99990594,5.139794283,10.63272201,11.71167607,11.71167607,11.71170663,18.18551431,17.65583914,16.94960557,18.83289508,16.67495918,15.69407923,17.85201513,19.02907107,24.12964682,24.34544041,23.65882444,24.91435078,24.28462585,28.49063909,33.33030077,35.63536866,36.27490238,35.97671488,41.01843783,43.67071469,42.58979417,42.75780641,--
        Kyrgyzstan,KGZ,--,--,4.645486808,4.343669715,3.490860731,1.725948753,3.578552259,3.766579016,3.754808456,3.746961417,3.752846696,3.954907966,2.354111885,1.445817049,1.802857352,1.451702329,1.522325685,1.698902814,1.471319928,1.285737441,0.906333076,0.784703962,0.835709719,0.796474521,0.841594999,0.353116783,0.368469686,0.368469686,0.428538069,--
        Laos,LAO,0,0,0,0,0,0,0,0,0,0,0,0,0,0,0,0,0,0,0,0,0,0,0,0,0,0,0,0,0,0
        Latvia,LVA,--,--,3.009692473,1.504846237,1.316807043,2.063312752,1.873961467,2.430933428,2.440676648,2.421902213,3.003909721,3.191654079,3.188468795,3.37265313,3.57875971,3.634970596,3.560022748,3.091598703,2.403390094,2.952195706,3.419797395,3.013970065,2.833279504,2.802793468,2.530293965,2.570074035,2.661238151,2.347012901,2.758339909,--
        Lebanon,LBN,0,0,0,0,0,0,0,0,0,0,0,0,0,0,0,0,0,0,0,0.077448218,0.293196824,0,0,0,0,0,0,0,0,0
        Lesotho,LSO,0,0,0,0,0,0,0,0,0,0,0,0,0,0,0,0,0,0,0,0,0,0,0,0,0,0,0,0,0,0
        Liberia,LBR,0,0,0,0,0,0,0,0,0,0,0,0,0,0,0,0,0,0,0,0,0,0,0,0,0,0,0,0,0,0
        Libya,LBY,9.721105275,9.7296403,9.66575742,9.337977143,9.631871719,9.514660522,10.2403867,10.69159148,10.69159148,8.317861993,10.2011515,10.57388588,10.94662026,9.318359544,11.63323623,11.43706024,9.210462749,10.43656269,10.78967947,11.79017702,13.42628478,10.66216508,11.24088425,13.92849532,11.65285383,8.808301969,9.97738775,8.729550342,9.198622985,--
        Lithuania,LTU,--,--,7.569732581,4.542053897,4.352355091,5.251489443,4.88140646,5.460887526,6.049790237,4.045797221,4.866738467,5.166230065,5.409566988,5.671622136,5.465721662,5.690340361,5.447003438,6.439069356,6.719973888,5.19703363,6.025319765,6.587166302,6.432174154,6.277182006,5.385977153,4.841526103,4.264185255,4.818277478,4.482773241,--
        Luxembourg,LUX,0.981336107,1.04479188,1.089509362,1.131480156,1.141725349,1.30366809,1.429836294,1.465867472,1.48022748,1.534195551,1.564592524,1.624689455,2.494491076,2.490357703,2.796866293,2.753139845,2.878531341,2.686910306,2.558419717,2.6036039,2.798471394,2.417442561,2.46709638,2.088248649,1.981987978,1.809953685,1.662035911,1.625056468,1.597030346,--
        Macau,MAC,0,0,0,0,0,0,0,0,0,0,0,0,0,0,0,0,0,0,0,0,0.302878466,0.144128077,0,0.000695089,0.113377751,0.00378089,0.019677859,0.349014723,0.18521662,0.267697196
        Madagascar,MDG,0,0,0,0,0,0,0,0,0,0,0,0,0,0,0,0,0,0,0,0,0,0,0,0,0,0,0,0,0,0
        Malawi,MWI,0,0,0,0,0,0,0,0,0,0,0,0,0,0,0,0,0,0,0,0,0,0,0,0,0,0,0,0,0,0
        Malaysia,MYS,10.92434202,12.89814979,14.05116621,18.21080921,22.96574422,27.08931857,27.85878938,31.52857326,32.37696415,31.64695338,38.23678033,40.20978241,47.09555968,47.27312986,42.06440437,54.71134771,63.82661732,59.38736264,63.19525666,61.4392848,64.35932788,61.45901483,62.2876757,64.73419828,69.41218621,62.56389599,58.41076189,60.08385344,75.35521235,--
        Maldives,MDV,0,0,0,0,0,0,0,0,0,0,0,0,0,0,0,0,0,0,0,0,0,0,0,0,0,0,0,0,0,0
        Mali,MLI,0,0,0,0,0,0,0,0,0,0,0,0,0,0,0,0,0,0,0,0,0,0,0,0,0,0,0,0,0,0
        Malta,MLT,0,0,0,0,0,0,0,0,0,0,0,0,0,0,0,0,0,0,0,0,0,0,0,0,0,0,0,0.547940823,0.659758158,--
        Martinique,MTQ,0,0,0,0,0,0,0,0,0,0,0,0,0,0,0,0,0,0,0,0,0,0,0,0,0,0,0,0,0,0
        Mauritania,MRT,0,0,0,0,0,0,0,0,0,0,0,0,0,0,0,0,0,0,0,0,0,0,0,0,0,0,0,0,0,0
        Mauritius,MUS,0,0,0,0,0,0,0,0,0,0,0,0,0,0,0,0,0,0,0,0,0,0,0,0,0,0,0,0,0,0
        Mexico,MEX,54.0636822,57.93032325,58.38630298,62.36288586,64.9170804,65.36552522,69.13412783,70.31891839,80.23336064,77.05415728,82.0181462,84.43501754,95.07339791,105.3037791,107.8328342,106.0133478,119.6008611,124.1128595,127.4126296,138.1524069,124.6408815,128.0939985,133.1791745,139.0192548,135.2955666,145.1926357,150.913406,151.8043031,154.4949221,160.1882014
        Micronesia,FSM,,,,,,,,,,,,,,,,,,,,,,,,,,,,0,0,0
        Moldova,MDA,--,--,4.385778669,3.588672287,2.791001382,2.791001382,3.987225478,4.784670574,4.605245427,4.186586752,4.246395134,4.086906115,4.385948026,4.628853999,4.220425705,4.764996764,5.153976091,4.274650473,4.292038373,3.968432305,3.695921933,3.593730543,5.910068712,5.586462645,5.365047967,4.649708238,4.699100323,4.286931886,4.666478916,--
        Mongolia,MNG,0,0,0,0,0,0,0,0,0,0,0,0,0,0,0,0,0,0,0,0,0,0,0,0,0,0,0,0,0,0
        Montenegro,MNE,--,--,--,--,--,--,--,--,--,--,--,--,--,--,--,--,0,0,0,0,0,0,0,0,0,0,0,0,0,0
        Montserrat,MSR,0,0,0,0,0,0,0,0,0,0,0,0,0,0,0,0,0,0,0,0,0,0,0,0,0,0,0,0,0,0
        Morocco,MAR,0.11110066,0.076335831,0.047068734,0.058827799,0.05888335,0.039440734,0.039440734,0.098087995,0.098087995,0.078470396,0.098087995,0.098087995,0.098087995,0.098087995,0.078470396,0.886612013,1.120547642,1.271458173,1.117472404,1.117472404,1.137427268,1.596389148,2.49635353,2.420525046,2.354673994,2.428506992,2.468416381,2.448461687,2.213949612,--
        Mozambique,MOZ,0,0,0,0,0,0,0,0,0.117705594,0.117705594,0.117705594,0.117705594,0.117705594,0.156940792,0.137323193,0.255028788,0.294263986,0.392351981,0.373689967,0.311408306,0.16608443,1.079548793,2.678111429,3.238646379,3.736899668,3.934124928,3.687076438,3.803334551,2.491483886,--
        Namibia,NAM,0,0,0,0,0,0,0,0,0,0,0,0,0,0,0,0,0,0,0,0,0,0,0,0,0,0,0,0,0,0
        Nauru,NRU,0,0,0,0,0,0,0,0,0,0,0,0,0,0,0,0,0,0,0,0,0,0,0,0,0,0,0,0,0,0
        Nepal,NPL,0,0,0,0,0,0,0,0,0,0,0,0,0,0,0,0,0,0,0,0,0,0,0,0,0,0,0,0,0,0
        Netherlands,NLD,72.8091331,82.61348693,79.161138,82.69389098,79.91325089,82.03223264,90.91185498,85.17971621,84.11603762,82.18969058,82.42085222,84.08421102,83.22991798,83.79777159,85.83802437,83.35052406,80.15188859,77.94333479,81.295574,82.07703647,92.05898228,80.39904963,76.37716919,77.24223393,67.49181433,66.86816301,69.69971714,72.72574153,71.12981484,--
        Netherlands Antilles,NLDA,0,0,0,0,0,0,0,0,0,0,0,0,0,0,0,0,0,0,0,0,0,0,0,0,0,0,0,0,0,0
        New Caledonia,NCL,0,0,0,0,0,0,0,0,0,0,0,0,0,0,0,0,0,0,0,0,0,0,0,0,0,0,0,0,0,0
        New Zealand,NZL,9.17280793,9.79150172,10.52244168,9.516539832,9.560383006,9.125342605,10.31070277,11.08493464,9.757656982,11.16961259,11.24400208,12.60891855,11.87904643,9.051578934,7.85456438,7.545329562,7.54599285,8.393184579,7.814718357,7.953373748,8.784964315,8.080931112,8.615015027,9.368995367,10.51078861,9.662105265,9.667833737,9.881696701,8.796149861,9.444804323
        Nicaragua,NIC,0,0,0,0,0,0,0,0,0,0,0,0,0,0,0,0,0,0,0,0,0,0,0,0,0,0,0,0,0,0
        Niger,NER,0,0,0,0,0,0,0,0,0,0,0,0,0,0,0,0,0,0,0,0,0,0,0,0,0,0,0,0,0,0
        Nigeria,NGA,7.277045831,9.33245544,9.612623529,9.906890292,8.925827024,10.18126448,10.71120908,11.47629544,11.57438343,12.182529,13.20264415,12.182529,12.47679299,16.69457678,18.28360231,20.32383261,21.42241815,20.79465498,24.08060282,8.1609212,9.867652317,30.11889981,30.40727851,32.48674401,37.07922395,36.92032139,36.27294609,33.8462697,36.35492261,36.85647289
        Niue,NIU,0,0,0,0,0,0,0,0,0,0,0,0,0,0,0,0,0,0,0,0,0,0,0,0,0,0,0,0,0,0
        North Korea,PRK,0,0,0,0,0,0,0,0,0,0,0,0,0,0,0,0,0,0,0,0,0,0,0,0,0,0,0,0,0,0
        North Macedonia,MKD,--,--,0.502871087,0.556167569,0,0,0,0,0.037811189,0.075997117,0,0,0,0,0.190180163,0.189243315,0.188868575,0.15109486,0.134700019,0.153942878,0.154692357,0.232038535,0.154692357,0.077346178,0.096682723,0.116019268,0.264909396,0.384794955,0.34630584,--
        Northern Mariana Islands,MNP,,,,,,,,,,,,,,,,,,,,,,,,,,,,0,0,0
        Norway,NOR,4.630785867,4.50260096,7.573318835,5.250750364,5.484756262,6.033322933,6.009693138,7.522477963,7.318657292,8.900019397,8.063414051,9.311483079,10.8869243,12.69303627,16.12358661,10.66545342,6.776409617,8.820050044,6.950813257,13.03052642,10.99024593,9.080429002,8.598689957,10.1985941,11.58545343,10.32256648,9.866640551,8.015304967,8.118021891,--
        Oman,OMN,5.499397361,5.983881548,6.493425282,7.768544222,8.141456365,7.199878271,7.101570852,8.808301969,12.86914497,10.08344591,12.3002346,12.43755779,12.82990977,12.53564579,13.12417376,18.3424551,21.12815417,20.85909683,25.86435222,28.17913522,33.51652743,33.55478831,40.38435469,40.26957206,43.22905082,41.93392017,41.71717414,41.99013257,45.67918225,--
        Pakistan,PAK,23.88547465,26.46233084,27.29064144,28.89052225,31.08035446,32.00802268,34.51063568,34.61563761,35.17564793,38.85071562,42.40328106,38.37820692,37.3725567,41.07891512,44.56249107,50.09214324,58.74442253,59.85035297,61.73079446,62.88418562,64.37872064,63.59896324,71.15286308,64.00508688,63.46900367,66.06819501,70.67782171,73.18177749,76.97757513,--
        Palestinian Territories,PSE,--,--,--,--,--,--,--,0,0,0,0,0,0,0,0,0,0,0,0,0,0,0,0,0,0,0,0,0,0,0
        Panama,PAN,0,0,0,0,0,0,0,0,0,0,0,0,0,0,0,0,0,0,0,0,0,0,0,0,0,0,0,0,0.374444242,1.077115953
        Papua New Guinea,PNG,0,0,0.1177667,0.156940792,0.098324084,0.196092665,0.255028788,0.215793589,0.215793589,0.215793589,0.215793589,0.215793589,0.215793589,0.274646387,0.274646387,0.19617599,0.274646387,0.266799347,0.255028788,0.19617599,0.215793589,0.19617599,0.19617599,0.215793589,0.19617599,0.19617599,0.19617599,0.19617599,0.192287467,--
        Paraguay,PRY,0,0,0,0,0,0,0,0,0,0,0,0,0,0,0,0,0,0,0,0,0,0,0,0,0,0,0,0,0,0
        Peru,PER,0.936503223,0.905167956,0.880893662,1.670918909,1.705914556,1.618671887,1.688443842,0.417759301,0.713672139,0.713672139,0.591825676,0.644045589,0.765892052,0.905145152,1.943322734,3.570290603,4.022226123,6.033339184,8.815459488,8.3807245,12.40563001,12.90275908,14.93646892,15.86293673,17.30913039,17.60288848,18.77942879,16.90921858,17.18828579,--
        Philippines,PHL,0,0,0,0,0,0.018142727,0.018306012,0.018306012,0.018306012,0.018306012,0.018306012,0.366120234,3.656143363,4.425857755,4.233429157,4.041000559,4.233429157,5.602164219,5.690452783,6.096913696,5.546328072,6.108717982,5.333007762,6.804917904,5.236043984,5.042116429,6.023381522,6.093194848,6.974463425,--
        Poland,POL,20.68419456,18.54457836,18.15084718,19.05702662,19.51448017,20.43186243,22.96925178,23.01485942,22.83085309,21.67192141,23.37053005,23.91278522,23.41348641,25.75410768,27.65537531,28.64806891,28.65785523,28.70264968,29.02334403,28.22269866,30.33180666,30.16515829,32.21030533,32.30316556,31.28331887,32.54455564,34.01067524,35.93272227,36.3136353,--
        Portugal,PRT,0,0,0,0,0,0,0,0.201797079,1.617423262,4.519550059,4.729134219,5.246055143,6.386933759,6.167359051,7.728472121,8.688258002,8.437688611,8.847458472,9.60441674,9.673068968,10.49851789,10.58838848,9.139500367,8.641948715,8.146191415,9.61718325,10.12971867,12.6076458,11.4965041,--
        Puerto Rico,PRI,0,0,0,0,0,0,0,0,0,0,0.686615966,1.235908739,1.235908739,1.451702329,1.333996735,1.314379136,1.412467131,1.44430858,1.5824067,1.484471469,1.510580124,1.471319928,2.667993469,3.150088619,3.261539469,3.076012254,3.407176935,2.579360363,3.347951007,3.817506669
        Qatar,QAT,12.33228334,14.96820307,24.75739332,26.4837587,26.48306432,26.48361983,26.87611068,28.523989,29.01442898,27.36655066,29.54410415,19.73530463,21.79515253,23.95308843,29.48525136,36.6849102,38.47011172,41.00902626,42.05194616,43.9233733,45.38054682,53.04111619,77.06366254,86.58316899,85.4944522,83.60637165,80.14249145,83.02767051,77.22466181,--
        Reunion,REU,0,0,0,0,0,0,0,0,0,0,0,0,0,0,0,0,0,0,0,0,0,0,0,0,0,0,0,0,0,0
        Romania,ROU,71.58776863,55.67554373,50.09995923,48.19147645,45.1374286,47.77912003,47.4231098,43.81170101,34.30362972,32.84514462,31.72542378,36.76416755,34.08290831,33.52417211,33.49044558,31.44137144,34.5393407,31.82611621,29.48650673,23.89743965,23.89743965,25.57230294,25.0226804,22.42868481,20.96364364,20.36945711,20.31560941,21.48911785,21.29000143,--
        Russia,RUS,--,--,881.4496141,865.5844398,813.6457153,776.6417146,700.5278982,658.3873281,674.7217617,673.5874261,699.091073,690.886045,726.1449788,760.4208216,792.9758431,780.0956808,828.7327116,828.8865045,846.2458875,735.1496816,889.1349055,918.4516929,901.5344648,887.7892169,882.790945,845.8421809,843.2546359,898.7484399,943.3318009,921.747793
        Rwanda,RWA,0,0,0,0,0,0,0,0,0,0,0,0,0,0,0,0,0,0,0,0,0,0,0,0,0,0,0,0,0,0
        Saint Helena,SHN,0,0,0,0,0,0,0,0,0,0,0,0,0,0,0,0,0,0,0,0,0,0,0,0,0,0,0,0,0,0
        Saint Kitts and Nevis,KNA,0,0,0,0,0,0,0,0,0,0,0,0,0,0,0,0,0,0,0,0,0,0,0,0,0,0,0,0,0,0
        Saint Lucia,LCA,0,0,0,0,0,0,0,0,0,0,0,0,0,0,0,0,0,0,0,0,0,0,0,0,0,0,0,0,0,0
        Saint Pierre and Miquelon,SPM,0,0,0,0,0,0,0,0,0,0,0,0,0,0,0,0,0,0,0,0,0,0,0,0,0,0,0,0,0,0
        Saint Vincent/Grenadines,VCT,0,0,0,0,0,0,0,0,0,0,0,0,0,0,0,0,0,0,0,0,0,0,0,0,0,0,0,0,0,0
        Samoa,WSM,0,0,0,0,0,0,0,0,0,0,0,0,0,0,0,0,0,0,0,0,0,0,0,0,0,0,0,0,0,0
        Sao Tome and Principe,STP,0,0,0,0,0,0,0,0,0,0,0,0,0,0,0,0,0,0,0,0,0,0,0,0,0,0,0,0,0,0
        Saudi Arabia,SAU,59.82790919,62.7718729,66.69983673,70.42718055,73.95804285,74.62520232,81.09915443,88.94619405,91.8495987,90.63330756,97.71526082,105.3268892,111.2317866,117.8232998,128.8483905,139.7557756,144.1108825,145.9941721,157.8039667,153.9000645,171.9678732,180.9919687,191.055797,192.3113234,197.0587824,200.7665086,207.7091179,214.3613892,218.2051107,221.211098
        Senegal,SEN,0,0,0,0.033689057,0.0672541,0.08442536,0.101067172,0.067378115,0.067378115,0.067378115,0.084222643,0.084222643,0.084222643,0.084222643,0.084222643,0.084222643,0.084222643,0.084222643,0.084222643,0.084222643,0.084222643,0.067378115,0.053902492,0.101067172,0.101067172,0.104436078,0.101067201,0.101067201,0.101067201,--
        Serbia,SRB,--,--,--,--,--,--,--,--,--,--,--,--,--,--,--,--,4.318120224,4.118009472,4.190521514,3.240669971,4.060149734,4.414015995,5.214871217,4.190521514,3.538662612,4.060149734,4.389801292,5.071453668,5.105643209,--
        Seychelles,SYC,0,0,0,0,0,0,0,0,0,0,0,0,0,0,0,0,0,0,0,0,0,0,0,0,0,0,0,0,0,0
        Sierra Leone,SLE,0,0,0,0,0,0,0,0,0,0,0,0,0,0,0,0,0,0,0,0,0,0,0,0,0,0,0,0,0,0
        Singapore,SGP,0,0,2.158130321,2.94250098,2.94250098,2.94250098,2.942639856,2.942639856,2.942639856,2.942639856,2.942639856,2.314876687,2.295259088,10.43656269,12.96723297,12.96723297,12.96723297,16.91037037,17.98933832,15.81178483,16.47878319,16.59648879,18.96629475,21.41653287,24.30620521,23.77653004,24.28602849,25.42873817,25.62704818,--
        Slovakia,SVK,--,--,--,11.69186418,10.9332046,14.54187519,12.85150974,13.04398893,13.26242443,13.42100096,13.51777362,14.43064027,13.7201403,13.26550104,12.8682456,13.81202636,12.57826301,11.90312718,12.09111886,10.34492208,11.71140878,10.84763086,10.21188437,10.66241477,8.824719855,9.075149836,9.225781567,9.153400086,9.040476028,--
        Slovenia,SVN,--,--,1.239469524,1.527343444,1.473523703,1.961159037,2.541403722,1.76839071,1.854597598,1.901333202,1.922712075,1.979822335,1.91700105,1.930326777,2.101657556,2.172093543,2.103561231,2.137827387,2.054065673,1.945556179,2.018427262,1.72550297,1.661099789,1.618635649,1.464427863,1.554054356,1.649277466,1.727360417,1.694971506,--
        Solomon Islands,SLB,0,0,0,0,0,0,0,0,0,0,0,0,0,0,0,0,0,0,0,0,0,0,0,0,0,0,0,0,0,0
        Somalia,SOM,0,0,0,0,0,0,0,0,0,0,0,0,0,0,0,0,0,0,0,0,0,0,0,0,0,0,0,0,0,0
        South Africa,ZAF,0,0,2.471817479,3.521446519,3.845027192,3.845193843,3.611318422,3.433079832,2.844551861,2.746463866,3.236903842,4.119695798,4.512047779,4.472812581,6.1206909,7.729334022,8.239391597,7.788186819,8.082450804,7.042718055,7.866657215,8.98486036,9.220271549,9.612623529,9.318359544,9.612623529,9.779371705,9.95200511,9.376074159,--
        South Korea,KOR,6.35263387,7.355351813,9.642329109,12.04505592,16.03354052,19.38730304,25.61302586,31.15436053,29.14365781,35.48816921,39.69408126,42.67554036,48.9005418,50.95317784,60.06948174,63.90009057,68.30545946,73.7913271,75.05850408,72.15256806,90.85227485,97.93466853,106.1071648,110.2517978,99.42120651,92.97100481,96.28139611,99.61618691,115.7280747,112.0524733
        South Sudan,SSD,--,--,--,--,--,--,--,--,--,--,--,--,--,--,--,--,--,--,--,--,--,--,0,0,0,0,0,0,0,--
        Spain,ESP,11.6130432,13.0646736,13.77728804,13.59818142,14.48632465,18.06009671,20.21096115,26.44598499,27.15086949,31.07899859,33.75033286,36.36925985,43.86550794,47.13055845,57.71361607,68.12450912,73.09500164,74.51080208,81.66474649,72.91406255,72.92599701,67.67613926,65.93182086,60.30103992,55.41975418,57.39934225,58.53498634,63.64334954,63.29495669,--
        Sri Lanka,LKA,0,0,0,0,0,0,0,0,0,0,0,0,0,0,0,0,0,0,0,0,0,0,0,0,0,0,0,0,0,0
        Sudan,SDN,0,0,0,0,0,0,0,0,0,0,0,0,0,0,0,0,0,0,0,0,0,0,0,0,0,0,0,0,0,0
        Suriname,SUR,0,0,0,0,0,0,0,0,0,0,0,0,0,0,0,0,0,0,0,0,0,0,0,0,0,0,0,0,0,0
        Sweden,SWE,1.206879997,1.25935304,1.431784938,1.584187176,1.558165746,1.575240761,1.630715262,1.63998069,1.595506637,1.798514124,1.656141319,1.859905779,1.876814014,1.957128127,1.883154602,1.733094022,1.754229315,1.965582244,1.663347555,2.593300445,3.285295351,2.737549256,2.45429932,2.216359052,1.917973106,2.009605303,1.911627453,1.569747298,1.739875627,--
        Switzerland,CHE,3.818447977,4.283146914,4.505800876,4.724890297,4.658261661,5.135808733,5.557090583,5.365598833,5.524536986,5.723688406,5.691134808,5.922839826,5.813689528,6.144970255,6.34029184,6.50880458,6.330717253,6.16411943,6.571996858,6.30965316,7.052097225,6.261082517,6.86439882,7.234049761,6.284065996,6.720752081,7.065501325,7.101891523,6.746269149,--
        Syria,SYR,5.257172873,6.329023653,6.488984622,6.669234195,6.849126484,5.299536499,7.246032828,8.219380521,10.36435044,10.8870742,10.99522394,10.07595112,13.33996735,13.43805534,13.92849532,11.96673541,12.2609994,11.77055942,11.84902982,14.55625849,18.89174788,15.92949042,12.65335138,10.39732749,9.612623529,8.435567587,7.356608806,7.258987433,7.219938884,6.927074767
        Taiwan,TWN,4.444110728,5.57095,6.083533258,5.9020236,7.4571145,8.000945333,9.142812948,10.91294994,12.79022489,12.90781806,14.22388352,14.16177049,16.83263072,17.20530889,20.66293414,21.55322088,22.00871642,23.58224648,24.16196808,25.05225482,31.38778372,33.58244406,31.56584107,32.28842264,37.95313083,40.84138666,42.58881835,46.49983548,46.38740997,45.55434025
        Tajikistan,TJK,--,--,3.727427143,2.746408315,3.138593645,1.583184405,2.409217812,2.236406291,2.197171092,2.295259088,2.45219988,2.550287875,2.334494286,2.64837587,2.724884507,2.805316663,2.503205637,1.294761537,0.843556759,0.445319498,0.443357738,0.390390221,0.398237261,0.41393134,0.439434218,0.039235198,0.03726468,0.037220891,0.142651973,0.30918232
        Tanzania,TZA,0,0,0,0,0,0,0,0,0,0,0,0,0,0,0.233311386,0.799924752,0.988795874,1.039732749,1.099896534,1.290838017,1.530172725,0.980879952,1.137820744,1.275143938,1.078967947,2.157935894,2.948056013,1.857269733,2.495959652,2.704801118
        Thailand,THA,11.03578667,12.52137333,13.21111,16.46978945,18.13689093,19.50522237,22.20519221,27.88005584,29.47267886,32.58470085,36.52049336,43.40355377,47.92513866,52.81284379,54.71666901,59.60437413,60.959019,64.80328146,68.29972969,71.70464787,82.39535871,84.53716208,92.92131545,95.48415709,96.46352871,97.29096044,95.13453058,96.3408865,98.41590387,--
        The Bahamas,BHS,0,0,0,0,0,0,0,0,0,0,0,0,0,0,0,0,0,0,0,0,0,0,0,0,0,0,0,0.000090794,0.006219387,0.00708193
        Timor-Leste,TLS,--,--,--,--,--,--,--,--,--,--,--,--,--,0,0,0,0,0,0,0,0,0,0,0,0,0,0,0,0,0
        Togo,TGO,0,0,0,0,0,0,0,0,0,0,0,0,0,0,0,0,0,0,0,0,0,0,0,0,0,0,0,0,0,0
        Tonga,TON,0,0,0,0,0,0,0,0,0,0,0,0,0,0,0,0,0,0,0,0,0,0,0,0,0,0,0,0,0,0
        Trinidad and Tobago,TTO,9.81362635,11.14428755,10.76906881,12.08683923,13.84331202,14.86126784,16.78016722,18.20951636,18.20951636,18.67943936,19.63886549,22.00806063,23.45698989,28.25412054,26.15904716,29.6247293,39.53227261,39.64975336,42.9587945,41.03994224,45.66085177,46.34615615,44.62310514,49.10695379,48.30808469,46.67315813,41.10171261,41.58656371,42.86305241,--
        Tunisia,TUN,3.54121416,1.041018596,1.956101124,3.212300497,4.175930002,3.490655401,4.047689654,5.504001276,6.296406128,6.424904213,6.596234992,8.202461045,8.223877392,7.902632182,7.924048529,9.209029371,8.138212003,6.060826307,8.851284559,6.197924657,6.643527083,6.704291051,7.595495903,8.32466351,9.217893828,9.205741035,9.724255817,10.3602466,10.55112556,--
        Turkey,TUR,6.679921758,8.161138549,8.925823941,9.919722334,10.4898656,13.53897637,16.34475396,19.5006804,20.65528009,24.50650708,29.07491189,31.27829991,34.47047862,41.47266301,43.77546934,53.29283791,60.76456681,70.56409341,70.58412134,67.63709704,73.4422168,86.05852823,87.1660648,88.43579335,93.84386225,92.56503115,89.354499,103.2270023,95.03742821,--
        Turkmenistan,TKM,--,--,7.847039616,8.043132281,8.239224946,9.416336438,9.416336438,9.024095558,8.631743577,10.98585546,14.51702329,18.83289508,22.5602389,30.79963049,32.50636161,34.91932629,24.4435284,22.75641489,16.08643121,34.88009109,42.00127954,50.43684713,59.34323709,60.28488185,60.81455702,78.19967329,78.19967329,77.12605613,77.12605612,--
        Turks and Caicos Islands,TCA,0,0,0,0,0,0,0,0,0,0,0,0,0,0,0,0,0,0,0,0,0,0,0,0,0,0,0,0,0,0
        Tuvalu,TUV,,,,,,,,,,,,,,,,,,,,,,,,,,,,0,0,0
        U.S. Pacific Islands,USIQ,0,0,0,0,0,0,0,0,0,0,0,0,0,0,0,0,0,0,0,0,0,0,0,0,0,0,0,0,0,0
        U.S. Territories,USOH,,,,,,,,,,,,,,,,,,,,,,,,,,,,,,
        U.S. Virgin Islands,VIR,0,0,0,0,0,0,0,0,0,0,0,0,0,0,0,0,0,0,0,0,0,0,0,0,0,0,0,0,0,0
        Uganda,UGA,0,0,0,0,0,0,0,0,0,0,0,0,0,0,0,0,0,0,0,0,0,0,0,0,0,0,0,0,0,0
        Ukraine,UKR,--,--,192.0045028,212.5443806,182.679592,164.9839246,163.0224424,157.3331443,144.7778809,153.0172725,154.3905044,145.3664089,154.3905044,167.9266478,141.6390651,141.8352411,145.3664089,153.7281528,151.0918623,82.57693861,100.2292552,120.7986919,98.60239975,90.50552148,74.98494652,62.05425063,60.15761151,57.82393525,58.04803951,--
        United Arab Emirates,ARE,36.83008372,43.8847607,50.10639766,44.30422124,42.51155654,48.6320919,53.26178139,56.89103722,59.61788348,60.75570423,61.65811378,63.71796168,71.4865309,74.31146516,78.88236574,80.92259604,84.53223426,96.45973448,116.6070087,114.9179334,118.7649446,133.0328244,128.1421569,130.829768,130.0999933,145.642885,146.5295929,146.1156651,143.035908,144.6805236
        United Kingdom,GBR,110.5546008,119.0918429,116.6335346,132.9838815,140.6877202,150.4065168,177.9560563,169.6154476,172.9155138,185.353821,191.1457907,189.1446832,191.485979,189.9489485,198.7373331,191.2858682,182.0607625,183.3053839,189.2536573,177.042517,198.4259643,164.688535,155.7349254,153.7908007,140.4567025,143.618033,161.6979883,157.8339661,159.1788979,--
        United States,USA,1027.30759,1049.072932,1084.623394,1111.330983,1136.951111,1185.835372,1207.143708,1214.178233,1193.089471,1197.60944,1246.173195,1192.707052,1231.362542,1196.331127,1201.328911,1183.405531,1170.625839,1245.858961,1255.228964,1233.512358,1291.54554,1311.421661,1371.560957,1409.353781,1439.525824,1482.983784,1493.981123,1475.041967,1630.919394,1685.72975
        Uruguay,URY,0,0,0,0,0,0,0,0,0,0.039235198,0.078470396,0.078470396,0.039235198,0.117705594,0.235411188,0.176558391,0.235411188,0.176558391,0.137323193,0.078470396,0.156940792,0.156940792,0.117705594,0.117705594,0.108539995,0.110469595,0.124941594,0.141101993,0.107846127,0.203122408
        Uzbekistan,UZB,--,--,58.95611967,82.97649621,66.18258888,72.79181063,77.36534411,78.50861956,76.03140584,76.79362544,81.55749799,86.13081563,88.60802936,90.09626314,95.65856073,91.84746269,95.44895033,96.20926439,100.2318784,88.05160905,87.10264563,97.79277563,97.39261033,88.43652995,97.92616406,91.75218524,79.09944724,82.05302313,79.92130684,--
        Vanuatu,VUT,0,0,0,0,0,0,0,0,0,0,0,0,0,0,0,0,0,0,0,0,0,0,0,0,0,0,0,0,0,0
        Venezuela,VEN,48.08038003,50.14039001,48.24212683,51.50024935,55.36497972,56.25343801,60.6987626,62.79644042,70.16062853,59.76150229,60.6987626,70.76315301,63.39896491,54.45036057,60.6987626,52.31697759,58.02087601,46.4814164,46.02547305,41.84698066,43.12524993,46.59783664,50.03376262,48.14777124,48.30459774,53.97886553,50.20895151,49.28836743,51.3659076,--
        Vietnam,VNM,0.076754957,0.134457266,0.403698414,0.485287311,0.48535602,1.378015336,1.611153874,0.446464327,1.358804472,1.941149246,2.232321633,2.52349402,4.386997296,5.241102964,5.823447738,7.764596984,11.0645507,11.45278055,13.54922174,13.76274815,15.93683531,14.96626069,16.15036173,16.65506053,17.45093172,17.62563515,17.4742268,15.70003146,15.83738481,--
        Wake Island,WAK,0,0,0,0,0,0,0,0,0,0,0,0,0,0,0,0,0,0,0,0,0,0,0,0,0,0,0,0,0,0
        Western Sahara,ESH,0,0,0,0,0,0,0,0,0,0,0,0,0,0,0,0,0,0,0,0,0,0,0,0,0,0,0,0,0,0
        Yemen,YEM,0,0,0,0,0,0,0,0,0,0,0,0,0,0,0,0,0,0,0,0.731865729,1.931312341,1.341753837,0.955491369,2.073619566,1.016480179,1.646697891,0.992090216,0.587432378,0.18277454,--
        Zambia,ZMB,0,0,0,0,0,0,0,0,0,0,0,0,0,0,0,0,0,0,0,0,0,0,0,0,0,0,0,0,0,0
        Zimbabwe,ZWE,0,0,0,0,0,0,0,0,0,0,0,0,0,0,0,0,0,0,0,0,0,0,0,0,0,0,0,0,0,0
