Energy use (kg of oil equivalent per capita),,,,,,EG.USE.PCAP.KG.OE,,,,,,,,,,,,,,,,,,,,,
Country,Code,1990,1991,1992,1993,1994,1995,1996,1997,1998,1999,2000,2001,2002,2003,2004,2005,2006,2007,2008,2009,2010,2011,2012,2013,2014,2015
Aruba,ABW,,,,,,,,,,,,,,,,,,,,,,,,,,
Africa Eastern and Southern,AFE,788.2223282,789.6660921,743.4296098,749.9114463,750.6749256,760.2081283,757.074853,755.5890473,744.8620703,746.6611885,733.4215418,738.8224925,726.210303,739.6078351,756.9453596,748.0306638,742.2464095,755.7643599,780.1723698,766.243658,755.3710183,749.4021877,728.7212216,725.6681961,740.7663428,
Afghanistan,AFG,,,,,,,,,,,,,,,,,,,,,,,,,,
Africa Western and Central,AFW,564.3620217,579.3762138,586.3320219,582.1922158,559.1061463,560.3918317,571.8968771,575.3342067,568.0536895,578.1603011,548.1810519,555.9117346,560.2743381,570.3824392,578.1079128,585.1910242,578.6786015,583.5709303,585.9330192,571.800007,596.7852278,610.0160772,624.2404576,622.1175253,611.43741,
Angola,AGO,496.5365322,491.8025707,478.585781,479.8200297,470.9384125,455.6660874,454.0550814,449.2543895,433.882523,441.1631632,438.5499123,442.9788396,448.2616945,467.6441109,464.8080209,433.5724861,458.7940737,471.6942449,491.9785712,515.2172566,520.9623361,521.7807029,552.3637656,533.7608866,544.6094435,
Albania,ALB,813.2556955,572.781844,418.2866298,412.3788805,441.2492954,417.034843,447.8488703,384.5949583,426.6828191,576.1836323,580.4947642,597.2652527,660.0479841,648.1683871,715.4144831,719.5843781,706.8594077,679.8617651,710.7484985,732.3166818,729.1543727,764.9686166,687.8962599,801.329975,808.4558396,
Andorra,AND,,,,,,,,,,,,,,,,,,,,,,,,,,
Arab World,ARB,1091.283224,1103.773766,1157.975767,1191.023368,1223.092531,1276.287425,1297.992877,1317.906711,1308.274798,1294.009722,1295.722922,1362.824756,1399.530605,1391.087074,1439.874669,1495.062499,1562.503701,1593.612582,1678.095606,1724.449024,1784.99981,1750.717791,1850.564927,1807.279853,1962.955028,
United Arab Emirates,ARE,11170.23283,12124.91179,10890.46233,10820.1138,11355.46425,11463.18267,11511.80507,11558.55573,11223.95986,10870.46553,10057.91899,12172.41294,11462.50211,10568.83035,10286.80298,9698.294241,8716.292981,8127.934463,8367.15271,7572.358264,7215.21046,7190.969531,7481.192238,7604.84134,7648.394073,
Argentina,ARG,1412.179959,1435.484571,1489.34786,1474.306893,1548.623393,1551.745214,1589.917556,1621.909095,1658.495772,1668.225144,1669.526337,1570.897501,1510.313443,1598.789625,1728.214092,1720.674023,1853.041761,1858.391843,1937.641515,1865.337356,1928.652357,1952.051053,1936.80354,1967.021678,2029.922825,
Armenia,ARM,2178.54797,2317.920068,1199.771408,651.9362578,419.8218819,511.1720861,562.1623294,594.2511541,609.9953324,593.541641,656.3076521,657.4734338,618.4551229,656.4803518,698.0852897,842.6995011,864.8849458,972.7993617,1033.172893,903.6998103,863.0274624,944.0410271,1029.93996,1000.955276,1015.909886,
American Samoa,ASM,,,,,,,,,,,,,,,,,,,,,,,,,,
Antigua and Barbuda,ATG,1580.405738,,,,,,,,,,,,,,1680.21208,1681.765731,1728.827903,1737.495388,,,,,,,,
Australia,AUS,5061.508459,4927.78159,4959.214919,5147.53665,5089.788967,5129.223661,5393.580635,5469.599989,5553.653466,5610.344711,5644.064951,5446.973214,5569.640992,5568.764941,5598.088178,5564.087169,5709.344668,5868.347097,5964.665776,5862.551944,5793.116026,5745.23219,5575.287093,5468.391369,5334.681679,5483.816402
Austria,AUT,3240.111359,3415.173082,3245.592076,3255.784704,3234.492985,3373.603565,3580.420798,3550.404171,3606.610379,3591.809466,3570.498826,3758.457569,3773.651728,3973.624327,4007.569904,4085.567651,4078.812226,4019.59017,4032.148426,3798.151168,4051.19602,3921.900515,3886.767732,3919.044419,3763.327903,3800.29942
Azerbaijan,AZE,3165.494902,3087.874708,2464.597399,2175.284456,1947.691984,1809.154327,1513.673193,1444.319459,1485.153418,1369.111898,1403.433268,1410.965455,1414.528111,1476.590884,1539.230121,1599.960676,1559.568746,1411.55734,1520.313919,1334.166178,1279.552594,1369.350999,1472.897391,1474.003433,1502.078168,
Burundi,BDI,,,,,,,,,,,,,,,,,,,,,,,,,,
Belgium,BEL,4809.867268,5006.004706,5040.67044,4902.269974,5186.186627,5267.670671,5536.471275,5523.459164,5603.160264,5612.714676,5669.358176,5634.215487,5390.719733,5590.025976,5592.98875,5555.615784,5470.491824,5336.963212,5454.667159,5196.581983,5539.472223,5092.316147,4845.488295,4997.463306,4708.221218,4687.787049
Benin,BEN,333.6986383,327.5400156,324.1472635,320.3537784,316.2938391,312.7616182,352.9194299,355.2380555,340.2011506,344.5616529,288.7686562,297.9549306,310.0394769,317.1983561,321.3553595,313.1063865,358.8986737,379.2278696,376.8597255,384.4468794,397.1365504,396.7712555,399.6762753,406.2479697,416.7906195,
Burkina Faso,BFA,,,,,,,,,,,,,,,,,,,,,,,,,,
Bangladesh,BGD,123.4619791,118.8982674,122.7269488,126.79891,129.6307985,138.0581336,135.9485331,139.0510786,141.9769719,140.9798597,143.0538058,153.5600603,154.3926623,159.8950032,160.2451072,163.9427353,173.3027676,178.8510364,185.5821153,193.0731169,206.7611552,212.0582864,219.9726616,222.061405,229.2505403,
Bulgaria,BGR,3237.35265,2536.644005,2396.007266,2590.011252,2519.859145,2746.667734,2745.710003,2504.12268,2425.946246,2230.660301,2277.367967,2421.145361,2410.969355,2490.416673,2440.69816,2597.896167,2691.460438,2666.111445,2648.867056,2351.655053,2416.703907,2617.127869,2513.352381,2329.122801,2477.655401,
Bahrain,BHR,10555.35593,10108.41334,10837.8304,11142.38212,11555.4941,11408.53968,11109.80522,12181.28275,12406.8115,11851.61969,11988.79343,11738.12917,11548.67508,11566.54484,10894.98895,11675.55111,11604.14034,11233.86368,11318.21701,10339.19963,10207.83502,9912.695898,9659.611737,10419.81584,10596.56621,
"Bahamas, The",BHS,2518.537637,,,,,,,,,,,,,,2082.203121,2142.540511,2132.724329,2101.444335,,,,,,,,
Bosnia and Herzegovina,BIH,1572.24569,1445.675757,1050.834346,908.6824028,364.5502749,390.224309,463.6125787,721.1848279,896.7562658,885.2638263,1158.63132,1118.389121,1172.064131,1169.271584,1277.606308,1338.521278,1407.556709,1409.614831,1587.939144,1664.229532,1749.120356,1951.711105,1854.11343,1821.827935,2246.918388,
Belarus,BLR,4465.375012,4348.467922,3620.731989,3076.700752,2615.739317,2427.669413,2501.348819,2505.604626,2466.16516,2411.568947,2462.411056,2485.565111,2550.108823,2643.687513,2752.759003,2768.821539,2965.377967,2917.907033,2932.103273,2790.137339,2900.042284,3097.656624,3222.44927,2881.507357,2928.520216,
Belize,BLZ,566.3328961,,,,,,,,,,,,,,560.5462252,567.3049141,590.3795591,595.2560102,,,,,,,,
Bermuda,BMU,,,,,,,,,,,,,,,,,,,,,,,,,,
Bolivia,BOL,380.2843737,383.8254137,398.0578186,416.7244074,449.2543786,493.8733989,520.2657885,556.1087417,551.0608501,531.0234895,582.6748251,444.8019194,523.3246199,534.1188122,525.1456493,562.6299446,691.9549028,554.1493286,579.4804215,593.6412407,636.1378608,660.9914216,747.869104,740.1699332,778.1687546,
Brazil,BRA,940.9658549,942.0380381,935.7464624,943.3269952,976.9821774,994.2898492,1030.668072,1066.186951,1075.199081,1083.403984,1072.379544,1076.275492,1090.349848,1094.424682,1141.49111,1156.907537,1184.145121,1238.411628,1294.480833,1240.177304,1358.502402,1367.188049,1413.733385,1461.076774,1495.541141,
Barbados,BRB,1233.988495,,,,,,,,,,,,,,1362.2345,1411.407064,1434.363456,1438.817945,,,,,,,,
Brunei Darussalam,BRN,6674.891966,7335.320501,7666.162811,7175.540677,6479.129528,7562.821428,7425.46123,7488.424872,7289.24123,7270.94484,7157.11087,6492.666974,6221.248814,7090.2079,6389.79618,6074.601766,8511.597193,8606.720058,9337.11632,7925.996739,8337.75223,9837.472408,9599.184956,7522.385476,8672.898496,
Bhutan,BTN,105.453735,,,,,,,,,,,,,,281.7743645,314.4537753,320.95941,366.9873795,,,,,,,,
Botswana,BWA,946.7941086,935.5337056,1048.674737,1025.0788,985.4692374,985.1304101,938.4106321,961.7787051,1061.294165,1072.53487,1092.486428,1084.605123,1082.375309,1060.378681,1024.378474,1037.421411,1050.642433,1062.923297,1101.248358,1007.296154,1083.911477,1026.727121,1150.639038,1203.316185,1300.633577,
Central African Republic,CAF,,,,,,,,,,,,,,,,,,,,,,,,,,
Canada,CAN,7630.092306,7517.330304,7601.685177,7770.546448,7957.245633,7979.898446,8053.454858,8056.243628,7948.397278,8107.515156,8265.079925,8056.349425,7993.879384,8341.343144,8455.547014,8422.034308,8239.946371,8213.389543,8194.880771,7797.121136,7788.560786,7911.554588,7733.411655,7743.725742,7897.855615,7631.34157
Central Europe and the Baltics,CEB,3089.524941,2832.542308,2624.1144,2609.578964,2502.917136,2609.643905,2697.218477,2642.391892,2519.731598,2394.8729,2376.471067,2456.952678,2484.393209,2570.983706,2579.474482,2617.576469,2690.908886,2696.754909,2706.449045,2527.351474,2634.983932,2637.759995,2566.107153,2511.709559,2470.544318,
Switzerland,CHE,3627.692811,3637.19412,3613.284329,3490.886554,3494.447149,3421.651041,3473.206304,3525.891301,3557.990076,3547.37289,3480.591572,3673.292573,3553.740257,3542.065603,3530.578345,3488.218348,3619.151639,3410.819883,3499.790982,3481.852845,3347.618356,3205.328271,3202.834337,3304.115438,3059.936749,2960.073389
Channel Islands,CHI,,,,,,,,,,,,,,,,,,,,,,,,,,
Chile,CHL,1055.349092,1061.48776,1129.087208,1138.481258,1204.921227,1275.428305,1392.713024,1538.52778,1572.719869,1650.611256,1640.410693,1591.72562,1630.124825,1629.900132,1717.859388,1752.728483,1805.220787,1852.504576,1815.208171,1748.328693,1807.916188,1950.237455,2138.297894,2202.114719,2032.933612,2005.550728
China,CHN,766.9953294,736.8518014,752.6286625,788.1287236,816.16289,866.8343743,881.6537374,871.7563238,869.3586073,878.5245355,898.9873131,928.8114337,984.8107146,1118.431773,1268.132904,1393.691324,1515.173678,1630.171029,1672.90412,1778.433519,1954.722556,2086.486904,2155.164788,2213.759327,2236.729908,
Cote d'Ivoire,CIV,364.3743627,361.57846,380.497826,380.4151379,376.6458703,362.9620756,394.7592673,390.4046839,377.9560056,438.1728373,412.6451109,387.47158,405.0570294,374.915403,517.4602611,524.0361866,504.3240934,531.0257286,521.9084191,467.4630482,494.9526965,554.066138,586.274506,612.5489225,612.6404515,
Cameroon,CMR,422.8194938,414.3358429,406.7248615,408.8831461,411.3392071,407.1698173,406.1527705,406.8363333,407.7811039,400.3710017,406.7088292,400.7898218,399.531105,404.7985256,406.3219865,397.8109002,368.9173705,338.474117,332.1718323,349.3706544,342.496395,321.1589546,322.2788435,329.5873137,335.2015816,
"Congo, Dem. Rep.",COD,340.8739501,328.9665548,322.1899808,316.0913066,305.9066718,308.7279973,310.4030174,308.1480627,308.4933974,302.5419312,295.2242005,296.8031202,298.2286537,300.003016,302.3030508,304.1560662,305.6769051,306.6367054,307.6549802,306.5489632,307.4199583,315.7665691,378.9170558,385.1692217,389.3319336,
"Congo, Rep.",COG,334.0584876,339.3609081,326.1369227,319.2040252,267.7168076,297.1750657,272.1684678,253.0447814,246.0263764,235.2805658,226.9832642,247.2850559,242.1356366,277.653537,286.1379167,299.9860604,378.7735208,325.0531523,336.0903326,371.3699522,392.3670567,508.037149,567.3612483,567.8609107,554.8094613,
Colombia,COL,731.7439622,725.3541704,727.6019906,746.6088434,758.5347657,757.7595097,762.5262677,727.1629003,748.7950454,658.7367551,651.3635831,638.598671,616.6066097,620.3289799,617.8999677,635.0563175,658.9185258,646.7975362,669.2489829,686.1075296,689.9796936,684.402386,684.6351032,723.8148163,724.0702793,
Comoros,COM,43.35973414,,,,,,,,,,,,,,56.92949115,60.4945841,67.04691848,63.90035285,,,,,,,,
Cabo Verde,CPV,85.94722343,,,,,,,,,,,,,,194.9108557,213.8071934,217.4047416,216.8115234,,,,,,,,
Costa Rica,CRI,537.7359882,555.8519251,699.249207,695.3543252,667.9520728,664.9352818,651.8003029,644.7114671,626.6892891,676.569737,725.218676,716.5840289,741.5922566,783.8896383,915.2338991,902.0481605,962.5548365,1023.572035,1027.499354,1008.884609,1015.014295,1004.728598,1009.457119,1021.261628,1023.010224,
Caribbean small states,CSS,1873.091417,,,,,,,,,,3251.505588,3501.888238,3592.654866,3925.833419,3065.596832,3371.036967,3690.775004,3836.671645,4918.350949,4826.415292,5025.504881,4959.112799,4821.447281,4867.920398,4814.84577,
Cuba,CUB,1642.750307,1349.568475,1175.52126,977.0463585,1002.355685,997.5267826,1084.171589,1108.790207,1034.7827,1072.115885,1144.785436,1114.664053,1035.41642,1027.570567,1002.436187,947.434935,945.9769132,901.3359296,958.2080587,1016.655011,1099.502727,1032.819507,1065.342603,1022.160344,1034.68543,
Curacao,CUW,10030.15131,10062.53333,10501.83445,8854.510426,8997.116781,9055.71211,9222.18501,16175.1953,18814.37234,14680.92492,15720.11056,16994.13392,16662.99292,15566.69219,16180.823,15178.82724,14581.1072,16222.45516,15326.48752,15608.494,13710.07982,16064.05182,13395.36979,11727.50972,12650.86044,
Cayman Islands,CYM,,,,,,,,,,,,,,,,,,,,,,,,,,
Cyprus,CYP,1780.698551,1778.915391,1958.797667,2056.483664,2298.339274,1981.378107,2157.541681,2071.933033,2174.762025,2145.322764,2265.412048,2201.699723,2193.672669,2346.801709,2161.633396,2159.60481,2207.926673,2292.235275,2388.578434,2299.783533,2195.327772,2105.249027,1961.81212,1687.829693,1712.141922,
Czech Republic,CZE,4796.941458,4349.236238,4222.416576,4089.408515,3963.314094,4019.804879,4152.938259,4184.884684,4057.405827,3782.889207,3988.038494,4111.152482,4163.450106,4357.572662,4460.259931,4400.878113,4491.516134,4468.960352,4330.712691,4034.74351,4237.896741,4077.356059,4054.085018,3989.991414,3915.113582,3860.002964
Germany,DEU,4421.364531,4302.891175,4190.98422,4122.69574,4088.79813,4119.688948,4246.553191,4203.357367,4177.294129,4079.933344,4094.06036,4209.796087,4108.401299,4084.503346,4114.389928,4086.503407,4204.654689,3985.811955,4036.830781,3790.501152,3997.079421,3869.816229,3876.948104,3939.529563,3779.461921,3817.549415
Djibouti,DJI,220.2882622,,,,,,,,,,,,,,172.3693266,177.466141,179.975181,177.5391828,,,,,,,,
Dominica,DMA,300.6389197,,,,,,,,,,,,,,554.0795886,580.9011051,593.9081988,607.3703688,,,,,,,,
Denmark,DNK,3376.783307,3734.818398,3561.890369,3645.515346,3760.577237,3706.440187,4170.252024,3848.155844,3772.110277,3602.670638,3489.614796,3583.955723,3535.098014,3727.834179,3597.17296,3487.631914,3728.171039,3622.596833,3501.513847,3329.211067,3510.79685,3230.188031,3091.58158,3125.33776,2872.573547,2816.614565
Dominican Republic,DOM,562.8141957,556.6239497,605.7843735,576.391575,650.2306764,671.087813,688.6860496,755.9760413,786.2953801,805.2197167,852.2504824,814.3061445,851.618469,794.6209158,708.7403966,760.091333,776.5667344,779.6502055,771.9740975,748.1899887,776.6891312,781.4695667,815.3903426,759.6938007,751.7950982,
Algeria,DZA,861.2606561,888.8756821,888.7351531,872.3076178,823.5764393,843.0419961,802.0992322,808.759277,824.5338699,867.7984088,869.6097556,860.0414231,908.2972873,953.0582217,952.26824,977.9542029,1031.919021,1078.183507,1073.205752,1153.664038,1114.217152,1140.642901,1229.54703,1247.494955,1327.53551,
East Asia & Pacific (excluding high income),EAP,710.6845665,694.1592297,707.3163897,738.5356609,758.8000088,801.4431086,817.4299553,815.7955762,806.6130948,818.0724708,842.775493,865.0261169,911.3647753,1008.960007,1122.652171,1213.651892,1298.033581,1378.85321,1414.106718,1489.743563,1621.11529,1702.017646,1755.615956,1802.688463,1876.98161,
Early-demographic dividend,EAR,617.6216693,630.7933154,634.9921105,642.8190389,655.205172,665.2052496,671.9949852,683.6611702,689.5106484,702.9751775,705.9070077,707.7593815,716.5502643,724.3183793,747.5652905,765.2580283,789.0131992,804.4070323,826.4743546,843.5566021,861.8047777,862.7045608,888.0055118,883.4858161,899.2102717,
East Asia & Pacific,EAS,1014.145625,1003.870671,1026.606979,1064.842531,1099.153094,1144.736897,1171.441899,1179.859785,1159.225769,1181.285582,1215.203469,1230.808689,1275.028945,1363.150302,1476.36415,1550.732078,1628.718945,1703.90936,1727.520249,1779.967973,1922.642567,1980.710541,2020.848545,2062.479118,2135.205906,
Europe & Central Asia (excluding high income),ECA,4070.53007,3957.158147,3574.970349,3321.473489,2932.098274,2868.353723,2816.399669,2708.447452,2656.887666,2670.528151,2704.629721,2715.410244,2751.901693,2861.66748,2895.780468,2902.063868,2998.561088,3034.788002,3071.034603,2831.578333,3012.739473,3136.982544,3160.114253,3082.641886,3130.59449,
Europe & Central Asia,ECS,3763.538831,3728.988936,3509.003966,3384.404845,3197.395896,3215.217072,3253.604869,3188.684971,3180.263659,3175.276967,3198.540091,3245.899806,3248.717333,3332.984224,3361.789135,3361.243954,3404.518436,3376.513931,3381.919838,3159.077798,3309.094757,3279.340086,3273.791475,3220.939598,3161.624028,
Ecuador,ECU,618.7147582,635.3066839,628.6065372,572.9509573,599.6704675,687.0820732,708.3442955,720.0894418,724.9201107,639.48411,695.1847246,724.371141,694.6010812,693.0039751,658.112043,675.3674045,667.1040734,742.1892017,672.4827219,788.0830723,784.0520697,817.5843625,795.142903,843.9783408,888.9652298,
"Egypt, Arab Rep.",EGY,574.5292403,561.9366608,564.4096188,573.4023355,540.6648712,563.5458965,586.2191241,598.3961356,628.5182661,630.0351574,589.6677834,649.7416164,657.7509835,670.2500568,711.3467221,813.9992206,844.987536,889.3894661,907.595252,911.4886957,876.5420805,900.660388,905.5866059,848.6290292,827.4970388,
Euro area,EMU,3511.714652,3555.688878,3467.814414,3431.252465,3415.02309,3524.563322,3631.811816,3618.406442,3673.18124,3661.088176,3697.177965,3781.242489,3764.868618,3823.496675,3857.958368,3847.579093,3839.733408,3757.199292,3730.766504,3511.67365,3627.005544,3486.357144,3445.622781,3405.038746,3266.227788,3329.025613
Eritrea,ERI,,,388.6116762,411.4411888,428.2683837,452.6321472,476.802975,474.0692386,306.6207586,313.5216044,308.797324,312.3427973,301.6550594,308.147877,273.3905212,269.5619165,237.8705569,239.2442617,220.2082943,231.3530475,233.659587,236.3442211,240.7122972,243.0600103,245.9196049,
Spain,ESP,2317.476774,2397.714173,2430.374523,2318.982989,2436.012362,2537.07268,2489.340422,2634.649128,2756.218907,2877.982414,3003.761672,3060.881809,3107.867341,3157.227264,3238.502447,3251.397133,3194.081246,3180.03342,3026.338408,2757.691412,2742.877182,2689.684337,2683.367935,2512.105919,2464.641291,2571.340962
Estonia,EST,6232.731998,5841.390649,4283.158664,3639.269192,3752.387328,3624.431136,4043.289955,4010.915768,3695.170673,3462.766968,3374.70839,3541.512051,3415.780621,3798.038257,3893.395472,3846.392943,3775.035083,4243.648,4105.417736,3648.978843,4222.73719,4237.729191,4174.387766,4623.279112,4592.616457,4173.326583
Ethiopia,ETH,478.9028385,478.1275847,472.5057221,474.9798651,476.5567013,478.0285888,478.9050609,477.8976274,478.2777405,477.6705186,478.4932185,482.4053966,482.6886111,484.0447523,484.6298281,482.9057357,483.9403075,485.5970132,486.7608679,486.7318732,486.6903069,489.1756514,489.1938681,492.1451667,493.130108,
European Union,EUU,3422.36959,3401.454718,3301.503126,3280.342475,3252.506755,3359.903539,3466.912421,3436.975235,3449.736971,3409.780761,3428.661129,3515.391675,3512.786176,3576.491183,3607.686754,3605.868938,3618.557891,3554.913925,3533.836425,3321.340737,3448.0236,3335.592017,3288.247279,3242.639196,3123.595656,3278.352078
Fragile and conflict affected situations,FCS,716.3697275,711.6735376,712.2920272,700.5638708,712.7231248,699.3335043,701.5698059,713.5756102,688.2360662,665.5986418,660.2132725,673.091287,677.9955242,667.904232,671.5206928,678.2085228,681.0270295,664.2189457,683.3015362,678.8858542,702.2272588,686.7498693,698.642011,692.7481207,619.6808573,
Finland,FIN,5691.571186,5742.784229,5380.993068,5617.215378,5972.554273,5661.903876,6070.212094,6276.951692,6319.326601,6283.958258,6262.192079,6410.625234,6728.581405,7077.026649,7134.854209,6562.022311,7111.856822,6974.896761,6669.173348,6268.300545,6828.783753,6537.637298,6275.770964,6116.227294,6213.357766,5924.700125
Fiji,FJI,392.2810967,,,,,,,,,,,,,,814.3163166,703.5002179,675.2276024,626.6555846,,,,,,,,
France,FRA,3846.625257,4043.09916,3954.003261,4001.902202,3836.111834,3981.352175,4191.924184,4049.233183,4151.62747,4123.526953,4135.477644,4246.004803,4225.468037,4270.949868,4301.736813,4287.157074,4188.843259,4115.52724,4110.585978,3913.457942,4016.848071,3847.0722,3836.656299,3833.534259,3659.087795,3692.017833
Faroe Islands,FRO,,,,,,,,,,,,,,,,,,,,,,,,,,
"Micronesia, Fed. Sts.",FSM,,,,,,,,,,,,,,,,,,,,,,,,,,
Gabon,GAB,1244.248246,1250.224178,1300.718252,1339.883022,1156.82543,1236.182095,1254.843909,1238.731587,1285.318458,1220.845864,1197.230614,1254.894246,1479.216959,1697.332315,1920.59318,2160.070476,2362.411757,2555.489231,2723.347061,2883.601192,3129.067214,2429.224476,2072.644265,2913.865179,2694.206023,
United Kingdom,GBR,3597.051621,3707.951971,3684.724535,3713.185819,3732.521114,3728.963152,3879.822786,3760.712365,3787.108452,3784.074088,3785.753126,3784.928174,3685.869487,3731.609718,3694.478595,3686.359905,3598.810406,3441.640219,3361.980517,3145.585662,3230.615984,2972.153065,3042.859871,2987.700589,2777.310987,2764.516671
Georgia,GEO,2585.263224,2079.052503,1776.767826,1548.32339,968.7244369,799.8414246,834.0240519,755.8259211,716.2329122,669.3292011,703.7218083,640.3012376,639.4192305,684.5821684,707.9865762,727.880734,781.2476565,865.5928073,780.7194535,811.5319791,824.5430382,943.5439023,993.7399333,1048.341057,1180.272753,
Ghana,GHA,358.148979,360.0293542,362.2653816,368.8978712,373.3117727,380.3492383,383.3819594,390.6628503,402.8353189,408.2538993,325.5570742,319.7178063,310.1038922,286.2928107,279.1033967,269.7820749,280.1681948,273.0545526,266.1197041,280.9763773,298.9124044,311.430297,329.1583537,336.4679342,331.8271276,
Gibraltar,GIB,1973.892758,2607.76679,3181.56289,3233.089261,3737.35361,3655.605131,3688.125647,3771.153585,3903.857071,3993.251654,4113.413339,4141.469434,4139.296507,4170.936233,4435.590647,4544.097285,4697.157391,4678.886768,4757.84927,5123.919909,5150.692273,4996.66746,5107.211838,5456.164302,5812.281326,
Guinea,GIN,,,,,,,,,,,,,,,,,,,,,,,,,,
"Gambia, The",GMB,64.66285508,,,,,,,,,,,,,,72.16723554,69.95974076,71.63305778,81.10517695,,,,,,,,
Guinea-Bissau,GNB,76.52752431,,,,,,,,,,,,,,65.47432341,64.6873334,65.33186409,67.30214056,,,,,,,,
Equatorial Guinea,GNQ,,,,,,,,,,,,,,,1062.837106,1666.384266,1915.884634,2140.720421,,,,,,,,
Greece,GRC,2102.677685,2094.621503,2129.894516,2090.762365,2138.251953,2147.136479,2206.103895,2282.137035,2389.793153,2390.082866,2506.639948,2578.112105,2597.748289,2666.453637,2711.46679,2753.051201,2742.629961,2734.755835,2745.493459,2649.661201,2482.110116,2407.762736,2403.230472,2128.010669,2123.897891,2182.071093
Grenada,GRD,440.9351071,,,,,,,,,,,,,,709.1790773,754.8395727,771.8843508,770.0864208,,,,,,,,
Greenland,GRL,,,,,,,,,,,,,,,,,,,,,,,,,,
Guatemala,GTM,487.4107125,487.8800415,501.2555984,487.0162959,500.5925765,517.2055684,518.9862486,530.3959952,563.3306974,604.3118083,607.4955299,605.5050029,596.5398034,606.7471081,611.736235,602.3859363,599.5329716,631.5676533,593.720684,668.796352,714.9102221,750.609079,749.0445437,800.6522343,863.5689345,
Guam,GUM,,,,,,,,,,,,,,,,,,,,,,,,,,
Guyana,GUY,514.0357807,,,,,,,,,,,,,,642.3175999,663.4001469,669.9404423,669.8130016,,,,,,,,
High income,HIC,4585.179012,4609.388111,4630.250214,4666.603474,4721.169526,4797.298408,4910.993646,4922.926043,4918.852202,4979.473266,5060.127294,5035.911272,5047.098164,5079.699874,5153.126618,5137.847584,5120.124566,5117.250804,5041.483414,4801.117739,4955.046866,4833.306612,4792.683823,4780.491646,4745.009656,4605.417875
"Hong Kong SAR, China",HKG,1510.633886,1554.12274,1831.054737,1784.393493,1761.478112,1719.897825,1621.487219,1546.681614,2002.523802,2431.88254,2039.054164,2109.680384,1949.172758,2009.218369,1872.470259,1844.490401,1932.909685,2058.597516,2006.298543,2107.366338,1946.646166,2087.211664,1994.715598,1943.845436,1970.484128,
Honduras,HND,480.2078662,470.798224,477.3342572,474.3204825,478.6759486,494.6545899,482.6326416,512.3008007,534.5885035,457.0247017,454.9336757,477.7356399,484.338531,513.369291,539.9172561,551.0101781,523.1143151,600.5887159,582.8127085,546.8017785,548.7314828,596.6784464,593.0709022,590.9509368,597.9301841,
Heavily indebted poor countries (HIPC),HPC,,,,,,,,,,,396.3287204,395.51303,402.251081,399.6678427,405.356887,408.6245183,413.0163321,409.3281649,411.3519426,413.2466289,417.7407057,425.1822107,436.2008643,440.9241714,,
Croatia,HRV,1981.189224,1742.37229,1634.565011,1680.348913,1629.122722,1692.158925,1770.797506,1881.927355,1945.437415,1930.369364,1876.805775,2024.546927,2081.59828,2232.493431,2230.90322,2261.483778,2248.380076,2338.447693,2280.070678,2207.103023,2185.446988,2140.436133,2020.752383,1983.867947,1897.840665,
Haiti,HTI,221.7236213,217.0876789,221.095292,209.607993,188.9489495,218.6320656,246.4203267,255.0168285,250.7121991,249.6405247,237.5172529,238.5875632,263.7805529,249.2055153,252.8708151,370.4207665,375.305518,387.009159,385.8438803,385.3788806,381.5912809,389.0863854,397.2574369,394.0233862,393.6746843,
Hungary,HUN,2774.492028,2642.922571,2423.179448,2481.448412,2406.688352,2503.077801,2572.974361,2527.301626,2502.204047,2490.712604,2448.140338,2512.67485,2520.152466,2580.207496,2579.291721,2731.039703,2713.257084,2658.036373,2636.646773,2478.1017,2568.948991,2500.321359,2365.553697,2271.947205,2314.496434,2432.751791
IBRD only,IBD,1069.260471,1048.852544,1015.269615,1004.327404,978.1461502,995.9208985,1000.180397,995.5252512,980.7594486,989.521314,999.9057046,1012.295285,1035.295194,1092.614262,1159.847605,1211.619292,1267.865313,1315.916623,1345.304531,1364.745566,1450.149003,1500.464494,1537.231122,1553.969342,1578.689056,
IDA & IBRD total,IBT,971.3779869,954.5863273,924.0255486,913.1306244,889.2220521,901.0569804,904.4774354,899.996466,888.0411948,895.3529712,900.4080352,910.166899,928.4937541,974.3762354,1026.962152,1067.954994,1112.211696,1149.889781,1173.474352,1185.438069,1252.888808,1292.480158,1318.283958,1328.843962,1349.250799,
IDA total,IDA,474.63806,476.9193139,468.8416096,463.8570137,456.5138624,451.1661745,455.9225879,457.3081179,463.1145751,468.5341921,460.9641648,464.3652879,467.766923,470.3112327,473.4803001,476.5629499,479.1694228,482.932086,484.1122422,474.7869047,480.6418673,487.8722792,487.9344621,484.6391701,459.8260945,
IDA blend,IDB,666.0641382,674.505876,668.7420175,669.6743284,652.0423049,639.749797,648.1856817,647.0727804,653.7203808,662.4987683,659.5362454,660.5899092,661.3525712,664.2741181,667.5381184,662.3916396,661.6854731,663.6123003,659.1155343,633.7923778,640.9023243,654.3204808,660.7979056,643.6466339,579.7215929,
Indonesia,IDN,543.7750689,560.5884315,574.5652283,620.8024939,611.795035,664.4369293,678.3178239,691.0022936,666.3706285,688.373383,735.9134241,742.9706926,760.1677262,752.112879,791.0908486,794.4100076,802.3545286,788.0726486,793.1000565,845.9972438,877.0756129,833.5627703,853.210745,863.8213608,883.9215093,
IDA only,IDX,347.2962802,344.5812663,335.8741662,327.1816282,326.8327533,328.9106847,331.1552191,333.9046161,338.8530001,341.8130506,334.0538063,338.802095,343.7799835,345.9859687,349.9768293,358.128417,362.6345167,367.3097979,370.9194193,371.6259093,376.2354131,378.9570338,375.9774638,381.2604194,384.5299891,
Isle of Man,IMN,,,,,,,,,,,,,,,,,,,,,,,,,,
India,IND,350.0757335,357.3667628,363.0783448,364.5144994,371.2259141,385.0918574,389.426516,397.3781855,399.4988292,414.9624926,417.287589,416.0144408,421.2704908,424.2943448,439.7030045,449.765857,466.1382611,485.0996287,501.5596362,544.6265973,561.6534059,577.9944263,599.1556198,605.7940378,636.571834,
Not classified,INX,,,,,,,,,,,,,,,,,,,,,,,,,,
Ireland,IRL,2820.410168,2827.844498,2775.218003,2813.710465,2941.613242,2951.913093,3122.335609,3255.498451,3417.568527,3544.387616,3626.747161,3713.513869,3661.322241,3515.094503,3558.085941,3503.642864,3424.160852,3416.030946,3293.884635,3149.565141,3152.003605,2865.37474,2853.064865,2814.98269,2741.574884,2819.875852
"Iran, Islamic Rep.",IRN,1229.973907,1332.475176,1376.357222,1458.483333,1596.025443,1647.246592,1567.162853,1730.502063,1739.321566,1947.830118,1874.671682,2008.654924,2051.788694,2094.268881,2256.462668,2475.0878,2557.763845,2676.599556,2837.184429,2800.515594,2769.463567,2791.107676,2869.332532,2889.109214,3060.386414,
Iraq,IRQ,1150.65394,891.9124264,1288.230285,1627.891605,1789.284064,1666.752691,1617.876529,1866.091587,1290.695219,967.3521617,1104.932553,1199.022454,1107.081716,988.9972132,991.9177507,981.7261384,908.5752454,909.1754856,968.3509385,1137.034601,1261.220463,1335.738181,1438.175564,1488.561275,1437.900626,
Iceland,ISL,8907.791984,8054.356723,7755.394416,8249.536449,8293.412926,8255.768914,8847.785182,8584.100499,9036.654297,10038.31192,11091.54887,10589.46619,10804.64172,10731.32864,10524.2507,10524.8775,12734.00662,14746.03134,16353.83127,16911.07978,17023.16682,18157.5981,17630.07147,18178.13901,17916.12042,17478.89304
Israel,ISR,2460.465451,2324.539301,2580.969354,2634.674016,2738.399704,2796.251578,2801.208363,2881.128341,2885.726511,2737.736653,2899.426618,2973.042708,2862.795738,2949.300417,2821.996916,2661.449185,2882.399025,2898.153368,3129.127764,2873.876109,3042.434021,2980.176157,3067.742494,2870.098765,2762.505934,2777.875324
Italy,ITA,2583.888077,2645.673237,2627.340008,2611.990438,2578.465978,2799.375762,2796.154736,2834.402946,2912.947365,2957.311486,3012.195,3020.621195,3037.266965,3168.529021,3169.932642,3214.674121,3175.799871,3149.576553,3087.566331,2869.920712,2930.588524,2828.404891,2709.297728,2579.472543,2414.484002,2481.754645
Jamaica,JAM,1150.717736,1145.838466,1195.482654,1187.691456,1199.078373,1263.821163,1318.958849,1305.956003,1344.279179,1369.311541,1436.431564,1430.142229,1324.660962,1371.58407,1379.41378,1355.283577,1510.597899,1511.58665,1265.625736,1080.153399,951.409447,1009.348066,974.4645561,1006.698126,976.8581462,
Jordan,JOR,918.1334355,899.8788191,955.7529577,896.299445,915.437231,937.3859462,932.5038539,929.9178144,943.0377379,923.6999663,949.8654464,923.3067195,951.5459668,952.0209288,1114.304741,1157.95786,1143.878701,1152.459278,1078.167027,1081.923671,978.2033869,922.0987783,970.3181584,907.0794995,917.1189872,
Japan,JPN,3552.858582,3574.005929,3644.19476,3655.966843,3844.28668,3934.959561,4008.476236,4041.16767,3955.627627,4011.224779,4083.831697,4008.268032,3991.977567,3953.184508,4078.210542,4062.979049,4053.883437,4012.654245,3858.434521,3678.511133,3893.266604,3610.812169,3537.36317,3567.629354,3470.763129,3428.557216
Kazakhstan,KAZ,4492.853071,4555.562154,4796.144252,4006.141445,3600.825195,3303.138805,2911.282138,2575.552687,2610.019746,2406.257306,2397.202335,2324.54767,2674.255674,2891.092834,3383.074677,3358.971122,4012.784813,4267.99306,4428.086933,3944.288267,4234.851064,4670.820952,4398.944146,4786.592755,4434.639121,
Kenya,KEN,451.5115003,445.0353674,442.2393833,439.2199529,430.6399345,437.930061,440.8920547,433.6131843,437.403423,434.8084199,437.9659321,431.9814662,426.0163904,423.7140573,433.5064755,436.9270718,443.1654152,440.4651235,443.5401361,456.9495453,464.4134033,461.4656863,454.8357504,468.6365897,505.9965123,
Kyrgyz Republic,KGZ,1704.814629,1520.614526,1102.747265,856.8944141,618.8666918,522.7973423,595.7127733,552.1797547,578.9148668,498.4081894,473.3792667,435.8761198,485.2886369,511.2523546,497.8686309,498.5427885,485.4189023,560.6182143,593.9464531,535.8168781,505.4022651,600.2852428,737.2264232,690.3176796,650.401508,
Cambodia,KHM,,,,,,266.1994558,270.1361086,266.8412548,295.8650094,289.1068361,280.7322372,276.504664,316.073494,320.0652823,259.3861772,258.8576136,254.4462132,254.2460489,251.2753141,360.4949195,370.2600682,381.2423146,390.7904317,396.9136176,416.838227,
Kiribati,KIR,98.24923336,,,,,,,,,,,,,,88.39974364,86.6560513,105.9984524,113.9530306,,,,,,,,
St. Kitts and Nevis,KNA,536.5337804,,,,,,,,,,,,,,1640.653671,1686.160676,1669.025838,1737.528523,,,,,,,,
"Korea, Rep.",KOR,2167.339608,2306.643472,2534.341028,2814.188231,2958.40773,3210.132036,3454.854851,3726.157766,3377.635074,3708.705213,4002.671284,4033.318968,4170.476147,4233.487325,4332.667741,4364.219091,4412.527118,4564.98783,4629.777921,4649.765742,5045.487749,5216.587809,5248.519891,5231.67546,5289.275832,5413.347857
Kuwait,KWT,4347.339585,1325.065709,,,,9210.979216,8941.8929,8592.110426,9168.633859,9232.401229,9151.98059,9497.474175,9612.85705,10131.44688,10619.63337,11576.83742,10811.62769,10489.0105,10810.80644,11134.25824,10721.48519,10221.19572,11105.98109,9906.500203,9178.890521,
Latin America & Caribbean (excluding high income),LAC,992.8553079,997.8010278,993.9502815,990.0181394,1015.014868,1012.73761,1035.004908,1061.787638,1074.229365,1073.91448,1069.296009,1064.916055,1058.434935,1080.960561,1106.261568,1135.377338,1163.400012,1177.760473,1197.51196,1174.336864,1218.051204,1237.44911,1268.681559,1287.278024,1303.01655,
Lao PDR,LAO,,,,,,,,,,,,,,,,,,,,,,,,,,
Lebanon,LBN,697.0648212,827.7140021,796.6433831,1081.400647,1130.102643,1249.668474,1287.75657,1435.237295,1396.893852,1440.358539,1276.956178,1318.101558,1249.805306,1192.351479,1157.048981,1073.104378,1007.241752,886.2604295,1139.765927,1381.330996,1287.77379,1219.992534,1294.974195,1195.900535,1196.866306,
Liberia,LBR,,,,,,,,,,,,,,,,,,,,,,,,,,
Libya,LBY,2517.100803,2493.101494,2423.680942,2460.429506,2721.069211,2826.196311,2950.02495,2950.808791,2941.338223,2858.8944,2954.081763,2995.864786,3066.17096,3104.515843,3141.432565,3065.044498,3052.423918,2796.455639,2937.633897,3146.183225,3353.525609,2190.810697,2744.014518,3071.823238,2808.647353,
St. Lucia,LCA,405.1594346,,,,,,,,,,,,,,741.5601189,752.7171252,719.5636663,763.5227029,,,,,,,,
Latin America & Caribbean,LCN,1053.750343,1059.788682,1069.025917,1054.99926,1092.335336,1083.725369,1114.882794,1142.496593,1161.158895,1158.114786,1155.09246,1152.748425,1155.99601,1168.356362,1201.118496,1230.471622,1270.933833,1277.65403,1305.025852,1280.63119,1334.768523,1346.424477,1387.130891,1397.026577,1359.616512,
Least developed countries: UN classification,LDC,304.6923949,302.888537,302.1452196,298.6629795,302.3880393,305.7608948,305.9231611,307.0338915,308.6469392,312.9228039,308.0964106,314.172298,318.7101241,323.5760873,321.4923946,324.3872221,330.6366008,333.1294876,339.6552868,347.6041906,351.9956343,354.314788,357.4068185,365.9926855,370.5109088,
Low income,LIC,,,,,,,,,,,,,,,,,,,,,,,,,,
Liechtenstein,LIE,,,,,,,,,,,,,,,,,,,,,,,,,,
Sri Lanka,LKA,318.3802116,319.3241662,323.9480771,337.9456326,321.4809118,329.1769074,365.8742253,377.0433564,381.3590331,405.0806575,443.4263345,425.6341581,430.0448168,451.6189524,453.8068586,460.5093132,461.1366575,466.7071598,456.0943403,449.5265438,480.771837,512.6784837,551.0207099,487.3784309,515.5110213,
Lower middle income,LMC,562.062491,567.9607767,553.7401364,546.5762404,533.5856601,542.7745124,538.7555156,546.0419379,544.2401436,560.2878443,561.1975749,565.7838259,573.6228873,580.597143,597.7083337,611.0334682,621.0038177,635.0960166,647.0723282,659.4297947,678.6481487,685.0963901,701.9179246,699.9160629,711.9249506,
Low & middle income,LMY,952.859164,935.4668789,902.7137336,891.2946026,866.4422319,878.2249228,879.3828416,874.98083,863.3755749,871.9531957,878.3672134,888.0328814,905.4669597,952.2977228,1004.596674,1045.633101,1088.042564,1126.281515,1149.415362,1162.810768,1228.360024,1268.133749,1293.823111,1304.693945,1331.327198,
Lesotho,LSO,,,,,,,,,,,,,,,13.95845267,16.53211363,9.548060161,9.562510129,,,,,,,,
Late-demographic dividend,LTE,1355.865624,1316.290039,1267.986024,1252.462491,1209.252226,1239.401129,1252.276271,1232.141869,1215.037553,1225.237323,1243.416598,1272.580661,1314.46052,1418.060317,1529.906869,1618.111239,1718.408694,1803.2811,1852.768211,1880.853925,2034.979496,2137.942514,2199.147341,2240.635797,2309.783974,
Lithuania,LTU,4344.17273,4601.700154,2978.411206,2472.217417,2220.420361,2401.120167,2610.041945,2490.347643,2633.261874,2259.656414,2037.619559,2384.742732,2574.353331,2709.24976,2779.195902,2662.800735,2666.013336,2927.241223,2975.911996,2770.832358,2275.760166,2412.480702,2468.998816,2356.645002,2387.275194,
Luxembourg,LUX,8874.105015,9353.421189,9262.081979,9266.942575,8823.252466,7705.407158,7711.178707,7409.850995,7066.88486,7266.97253,7676.837039,7982.850348,8204.726845,8549.502912,9387.437104,9428.811286,9170.532565,8773.896703,8612.233705,7951.723944,8329.478275,8056.404301,7722.190204,7312.154005,6861.106667,6548.405559
Latvia,LVA,2949.284137,2791.674731,2335.409193,2058.649626,1893.963365,1849.585281,1839.983526,1821.351986,1796.18086,1663.91506,1618.460011,1759.160865,1763.257557,1889.954129,1961.104616,2022.56433,2113.710733,2179.813891,2106.363689,2055.824686,2148.653551,2066.637569,2170.585832,2156.16201,2176.843306,
"Macao SAR, China",MAC,,,,,,,,,,,,,,,,,,,,,,,,,,
St. Martin (French part),MAF,,,,,,,,,,,,,,,,,,,,,,,,,,
Morocco,MAR,307.1041007,316.9410137,329.8283525,336.4765956,354.5263056,345.9239012,358.3883738,364.4852328,366.772147,385.2237514,382.6833549,401.0405639,403.0851714,396.8916845,465.6686943,487.4037298,490.0371823,499.5924421,512.6079504,509.9605886,528.1039857,561.4243365,561.4755812,555.9373592,555.1377007,
Monaco,MCO,,,,,,,,,,,,,,,,,,,,,,,,,,
Moldova,MDA,3331.816711,2772.896395,2299.510602,2050.62268,1717.039939,1598.099046,1376.237993,1318.570381,1217.719221,1063.447718,986.0283749,1046.21164,1063.599981,1157.721065,1166.356665,1210.890094,1198.008399,1168.386621,1166.286606,1109.173962,1225.684059,1207.075728,1194.455383,1073.856855,1155.612454,
Madagascar,MDG,,,,,,,,,,,,,,,,,,,,,,,,,,
Maldives,MDV,228.0747808,,,,,,,,,,,,,,803.1741442,703.9961953,879.4188507,892.0792906,,,,,,,,
Middle East & North Africa,MEA,1195.529586,1227.447219,1290.687945,1341.496783,1396.298647,1453.75228,1455.276729,1509.43221,1503.283199,1528.873192,1521.21736,1607.547399,1642.844856,1648.510596,1723.614849,1811.897598,1887.52776,1939.128697,2044.854168,2070.082421,2118.735533,2091.226762,2201.454507,2162.027627,2353.273126,
Mexico,MEX,1473.38861,1518.489277,1503.678122,1502.215639,1509.939317,1437.646881,1445.933653,1498.001882,1516.610834,1537.522625,1516.635855,1548.316154,1534.72176,1603.937485,1599.161217,1685.099737,1698.585327,1662.60258,1621.264964,1599.516711,1531.756968,1587.072071,1634.697418,1616.613645,1561.873342,1537.261412
Marshall Islands,MHL,,,,,,,,,,,,,,,532.3445187,524.8203847,537.9718461,570.9595689,,,,,,,,
Middle income,MIC,967.8625419,950.1800136,918.242801,907.7823218,882.5299094,895.3972225,897.4409536,893.1886704,881.3719722,890.1350444,899.0040043,909.1389028,927.8852667,977.5606621,1033.43134,1076.486134,1121.55128,1163.349154,1187.551322,1202.594514,1272.941873,1317.303005,1348.248909,1361.025126,1386.567207,
North Macedonia,MKD,1240.94112,1217.814242,1358.179054,1397.644383,1248.183768,1260.423374,1485.086514,1343.634289,1435.870942,1338.703997,1311.02607,1261.304828,1233.480402,1358.538852,1335.126035,1359.372998,1421.330773,1464.729003,1461.102332,1360.676259,1390.53535,1506.064703,1427.625556,1300.821988,1262.383409,
Mali,MLI,,,,,,,,,,,,,,,,,,,,,,,,,,
Malta,MLT,1961.642714,1846.50057,1807.05787,2289.021513,2056.3425,1879.094587,1836.669694,2047.422745,1792.827165,1943.425581,1731.708568,2001.335783,1851.91265,2071.498462,2066.583929,2181.143737,2055.686046,2156.555797,2043.526903,1887.203408,2012.315806,1993.328817,2090.393974,1803.210108,1781.504425,
Myanmar,MMR,258.3612539,250.6903048,255.3509547,250.4190488,263.1691724,268.9836712,266.1587548,268.2808576,272.0301496,269.6098564,274.8782109,265.7420302,271.9705813,292.2470493,305.6912428,304.3125842,306.4233785,315.8789161,302.6378999,284.8906812,277.0925463,280.9153379,304.5242822,320.3688835,369.332204,
Middle East & North Africa (excluding high income),MNA,828.7733927,841.4275034,882.5574358,928.4623934,970.4528368,985.6396545,968.2793461,1037.63301,1007.457842,1035.406352,1018.287462,1076.623844,1086.390122,1093.22169,1151.387249,1237.950278,1262.986914,1298.286369,1350.94582,1365.761597,1357.740375,1344.389155,1378.348984,1374.975799,1490.190317,
Montenegro,MNE,,,,,,,,,,,,,,,,1745.974431,1913.556359,1927.978892,2067.967759,1646.312272,1898.288421,1815.529957,1711.797113,1580.418443,1538.2641,
Mongolia,MNG,1560.484017,1720.318785,1488.644726,1380.195087,1184.488319,1172.65451,979.8171522,951.8311938,951.3148505,944.3664497,999.6542112,997.9959448,1058.269665,1022.936569,1041.694941,1185.679471,1331.884898,1376.434902,1361.676113,1392.462172,1449.4684,1557.020629,1689.616023,1825.015624,1828.101388,
Northern Mariana Islands,MNP,,,,,,,,,,,,,,,,,,,,,,,,,,
Mozambique,MOZ,455.9865136,442.2561656,432.3873991,423.5253758,411.4618295,405.8777738,401.0886914,402.0197991,395.948518,393.6831774,404.9631534,414.1537176,407.4372792,417.0752441,420.6149715,414.2083164,414.716898,420.693711,417.2386122,420.9653947,423.2676897,428.3472455,424.5087003,427.6678558,442.6647268,
Mauritania,MRT,,,,,,,,,,,,,,,,,,,,,,,,,,
Mauritius,MUS,629.3820689,634.4217232,657.7868229,678.8414889,657.6237862,697.0039832,702.2343994,712.571977,750.4431581,775.3744468,851.2216556,886.763795,873.1958018,909.0631877,919.7979039,945.7237672,1006.501642,1007.574841,1027.174206,999.4869447,1053.452495,1053.50989,1067.780253,1094.72587,1111.422168,
Malawi,MWI,,,,,,,,,,,,,,,,,,,,,,,,,,
Malaysia,MYS,1210.967229,1454.526502,1562.958028,1648.272527,1599.375458,1687.351435,1820.055355,2064.711246,1913.699956,1891.801187,2107.814729,2145.964495,2172.436326,2281.316262,2405.482678,2558.495233,2522.331579,2708.468974,2777.663925,2591.760177,2601.450055,2670.651408,2678.531091,2979.643471,3003.451045,
North America,NAC,7667.611043,7620.080221,7669.860944,7715.564427,7777.627583,7785.182444,7865.164089,7851.083732,7817.956797,7941.329723,8077.286737,7850.314676,7858.1442,7848.043092,7938.031773,7903.118483,7751.023404,7802.97578,7557.741461,7129.923196,7223.540273,7117.469938,6957.807503,6989.336549,7054.546992,6886.867395
Namibia,NAM,,470.4608984,487.3123786,511.7349518,538.7454408,576.9160361,606.5374196,607.3718411,621.445628,608.0036919,568.2172404,662.9614946,604.5074342,620.7567081,641.0936099,683.9049979,673.6487974,681.092999,712.2882555,712.0063584,726.0813157,736.4809538,749.9440718,777.6101788,794.3003203,
New Caledonia,NCL,,,,,,,,,,,,,,,,,,,,,,,,,,
Niger,NER,,,,,,,,,,,129.6496573,128.7179939,128.831464,129.6690547,130.659244,127.2300127,125.6858665,126.6507207,127.6911094,130.3125626,135.3564514,113.0904476,127.9081353,154.9740339,150.0136537,
Nigeria,NGA,697.613371,712.676171,722.4017885,715.8626425,681.1114181,682.6685587,694.1802668,700.0518017,687.507711,694.5613852,703.6366772,720.4456821,725.0092439,747.0191842,748.746102,758.3651056,744.941109,751.1784323,753.2494093,721.8144567,756.3471446,778.8436577,798.6300243,780.1397727,763.6318511,
Nicaragua,NIC,483.7976391,502.0662813,505.9569061,486.9382516,481.7015098,485.5969829,485.2047982,498.7706254,493.0668943,492.0781055,496.4450783,493.3741364,504.1020638,508.8264333,524.8444994,526.1268702,514.1191387,515.5277236,514.1681353,510.1577955,507.575474,518.1107684,549.4165512,580.4846282,596.2437898,
Netherlands,NLD,4394.54209,4603.733175,4502.54008,4510.582152,4511.794963,4780.412596,5014.98883,4835.741945,4842.443938,4730.229683,4739.065925,4839.46553,4873.261626,5020.381932,5085.885701,4989.46793,4925.112417,4908.898261,4848.01369,4722.106039,5025.320916,4636.701904,4646.255241,4600.182976,4325.523712,4233.043857
Norway,NOR,4966.893577,5105.108205,5159.648619,5459.623408,5315.24487,5391.414081,5202.047275,5475.188739,5684.788594,5913.302209,5826.077769,5954.041771,5501.117744,5933.215841,5769.326707,5802.71629,5833.773935,5862.217261,6752.708982,6484.118585,6934.590199,5649.697724,5906.141048,6415.990714,5595.654625,5817.636603
Nepal,NPL,306.2163986,307.9886193,307.0613465,306.6836642,309.247813,311.0715138,311.1352866,314.1635877,315.7115302,326.6779019,338.6525823,343.9660793,342.4562574,347.155961,347.4699989,354.701781,350.2931922,352.8104106,361.2640856,368.9500832,377.9856275,390.8274849,374.3073145,417.3046234,434.4645365,
Nauru,NRU,,,,,,,,,,,,,,,,,,,,,,,,,,
New Zealand,NZL,3854.366028,3763.814483,3808.477221,3967.87134,4055.200552,4053.690586,4131.236334,4258.756777,4162.869201,4307.930432,4430.227856,4407.618864,4337.380524,4197.593862,4239.645749,4095.143085,4047.318023,4054.495004,4082.723367,4073.238042,4225.094582,4177.025547,4357.809714,4360.305936,4553.026901,4431.514731
OECD members,OED,4132.580564,4141.158744,4139.460371,4163.282897,4198.874384,4255.080799,4348.529182,4356.530295,4339.998743,4381.626866,4446.560269,4402.250145,4398.462758,4423.880871,4474.744313,4469.843457,4442.476586,4430.226835,4342.310176,4124.844237,4234.289299,4135.236445,4082.581227,4075.025905,4020.681015,4130.433023
Oman,OMN,2328.300292,3083.736015,2751.75871,2863.389711,2811.099433,2767.651559,2803.880532,2998.079794,3016.596954,3122.278702,3337.308689,3345.460638,3457.602169,3604.660032,3601.485817,3944.403872,5979.040613,6660.344382,5690.189156,5499.199982,6154.474779,6771.205271,6767.616696,6490.216625,6040.616499,
Other small states,OSS,2515.006872,,,,,,,,,,,,,,2228.316615,2272.388273,2484.451365,2647.121545,,,,,,,,
Pakistan,PAK,398.519087,397.0964533,411.337335,420.5147503,425.8760874,432.5363789,442.4368496,441.3490797,438.2424441,450.1044818,450.0578575,446.0109676,440.2513158,449.5780944,470.9897567,477.2908765,485.9415371,500.4320471,481.0217578,477.471128,473.849732,467.2186239,462.6803458,464.0435022,460.2390695,
Panama,PAN,603.3632463,640.5510649,715.211753,710.728389,733.2243714,728.8794587,763.3232736,777.4240716,883.4866247,853.5768581,847.7606256,942.6522369,840.3147471,825.5789241,799.3213342,875.1197368,918.0946984,882.5171824,869.0206825,942.2071599,990.6722805,1056.469766,1072.21834,1035.576297,1079.870074,
Peru,PER,441.0345717,423.9699236,404.347062,423.5186614,430.5710293,451.5047182,456.4838767,433.8555256,448.4042642,470.0109804,461.8931922,440.1259302,438.1142678,425.1702739,466.067538,489.6524241,471.4453801,505.950436,526.3965068,547.4264051,643.0656876,649.2563263,692.9539269,684.1541136,790.2168508,
Philippines,PHL,463.8337283,451.7819105,460.9623015,449.7320505,470.7176411,481.7976769,486.9766975,501.0702117,504.1521248,506.2968839,512.7470971,480.6048468,477.0412704,468.5470074,457.9049687,450.0787368,438.8435484,432.2646121,441.1902,413.2116289,429.9086792,425.5174129,444.9495605,453.0600499,474.2978821,
Palau,PLW,4877.028215,,,,,,,,,,,,,,,,,,,,,,,,,
Papua New Guinea,PNG,,,,,,,,,,,,,,,,,,,,,,,,,,
Poland,POL,2705.608743,2641.029448,2569.175335,2624.648843,2496.172708,2577.529684,2680.10207,2643.123536,2459.83454,2396.692124,2320.376718,2336.445838,2314.20258,2375.006131,2383.05568,2414.16179,2536.978045,2527.408412,2564.775642,2466.524041,2640.238911,2653.403657,2566.574313,2565.670456,2473.406883,2490.206419
Pre-demographic dividend,PRE,549.4527895,536.9350411,557.8942497,570.8167772,568.8093072,561.218798,563.3276832,578.5116671,539.068582,528.0679071,523.828207,535.6273826,534.6167528,533.1536233,536.9817905,538.9416862,533.1758766,533.8528378,539.8168667,542.878382,562.9762673,577.2719552,586.5910264,587.5446958,583.6330835,
Puerto Rico,PRI,,,,,,,,,,,,,,,,,,,,,,,,,,
"Korea, Dem. People's Rep.",PRK,1637.11362,1538.334403,1323.611037,1198.582026,1080.204963,1005.610526,874.1646478,824.476524,762.509632,809.8325801,859.90793,880.5371482,838.3036226,850.755661,863.6736003,892.5578959,895.8541278,756.8111565,829.7307013,815.3893797,770.1299532,567.3457059,574.7887615,435.1546561,475.3475695,
Portugal,PRT,1680.962391,1703.316438,1813.885846,1786.451941,1827.696673,2014.0205,1986.836971,2083.487676,2240.067318,2390.494731,2390.097939,2391.228193,2477.48975,2400.765918,2462.985059,2519.004925,2390.324614,2402.426395,2337.271387,2304.026675,2222.629692,2163.982113,2039.011896,2057.86133,2034.51263,2131.681888
Paraguay,PRY,727.5494961,731.8731675,710.7222714,720.0684972,768.3654601,821.7984365,821.903136,873.9301926,844.1096432,788.7001744,723.4732028,722.0489783,702.4570685,704.0038999,698.6055105,679.8455382,690.00046,704.9698004,728.7650527,728.3953361,769.4945452,769.7866476,778.1694648,758.9021228,783.0799615,
West Bank and Gaza,PSE,,,,,,,,,,,,,,,,,,,,,,,,,,
Pacific island small states,PSS,333.8612261,,,,,,,,,,,,,,474.7098835,423.5328759,410.5258207,393.9584308,,,,,,,,
Post-demographic dividend,PST,4746.107798,4757.765591,4724.322241,4726.057684,4746.599895,4813.433084,4907.233236,4913.835776,4899.688554,4962.133763,5045.401539,5009.904169,5015.08816,5056.947874,5125.391528,5105.879739,5062.557601,5052.125772,4956.090469,4689.916688,4839.679034,4715.779351,4645.894022,4634.762946,4581.747517,4761.342406
French Polynesia,PYF,,,,,,,,,,,,,,,,,,,,,,,,,,
Qatar,QAT,13703.17569,14818.4564,15242.95372,15624.70811,15511.06018,15871.08699,16547.87946,19006.44101,19348.54759,19839.01095,18431.92617,19621.84051,21300.07396,20727.86675,22120.4303,19256.51541,19155.85252,18167.4919,15832.0338,14643.2834,14890.42567,15370.69359,17344.34751,17266.095,17922.70379,
Romania,ROU,2683.178895,2231.806142,2052.962927,2003.715677,1892.681507,2053.942093,2109.772429,1989.994182,1823.459178,1613.782327,1614.209768,1663.739288,1755.130026,1832.278607,1803.463242,1810.327263,1884.545121,1904.096886,1928.966361,1712.526096,1730.087676,1777.106154,1741.722606,1595.98939,1591.667659,
Russian Federation,RUS,5941.586256,5870.233857,5356.50974,5059.864625,4426.668195,4290.693467,4252.611619,4069.687292,3981.499468,4136.751144,4224.277198,4288.382631,4288.193851,4461.30532,4493.687215,4540.908156,4688.391023,4709.844887,4823.125995,4531.286463,4819.040782,5049.426631,5167.010353,5078.626342,4942.875483,
Rwanda,RWA,,,,,,,,,,,,,,,,,,,,,,,,,,
South Asia,SAS,332.5027592,337.791079,344.027811,346.6336934,352.4523013,364.8169067,369.5239524,376.0871513,377.7809386,391.3857332,394.1112608,393.5406798,397.1019638,401.3137082,415.5787861,424.6045026,439.0505724,455.9518856,467.1626102,500.6692501,515.1969762,528.110592,544.7380579,550.0395145,574.3606556,
Saudi Arabia,SAU,3573.073404,4025.656581,4451.0892,4495.725596,4613.295525,4533.902093,4752.50668,4444.968753,4646.879204,4634.427212,4735.658038,4737.580866,5102.018718,5012.945255,5178.929243,5145.601382,5543.057842,5571.712447,6046.69905,6257.648402,6764.374759,6301.293308,6871.87117,6394.941937,6905.84344,
Sudan,SDN,527.5760994,507.811859,488.6451754,457.042547,511.3640079,497.1676184,495.1563175,493.281239,487.3022325,528.6323271,487.8280745,498.2995828,527.1309809,499.2817675,486.6490707,483.9738356,508.1577107,480.8005063,478.1883971,484.0650005,483.6921183,471.2163133,395.6589393,394.6062255,394.6396693,
Senegal,SEN,224.0668928,215.7969638,222.652686,215.5124704,208.1229481,214.5916845,214.2817714,221.7878109,228.755671,235.5978341,244.7354393,258.241098,255.9205865,242.5621853,253.1206505,251.7238087,245.8875522,256.9282074,261.1041509,304.761894,302.1930735,311.2629197,300.3242802,269.3103661,279.2104123,
Singapore,SGP,3782.720276,4167.365585,4588.845506,5487.608915,6460.481982,5346.875562,5359.409803,5818.349026,5083.249623,4587.493492,4634.72585,5145.885754,5065.984507,6216.739177,7370.652877,5055.96632,5264.398658,4677.204306,5094.135714,4257.776277,5006.620992,5069.171794,4898.330465,4880.40607,5121.804318,
Solomon Islands,SLB,170.9435693,,,,,,,,,,,,,,126.4859372,123.4257892,122.6391955,130.0461461,,,,,,,,
Sierra Leone,SLE,,,,,,,,,,,,,,,,,,,,,,,,,,
El Salvador,SLV,468.4395323,508.0934972,523.107449,543.2077134,567.9330648,596.7414289,564.1608361,618.2331968,630.3133415,648.7730875,673.7741447,700.2622405,709.7405814,736.9477359,727.3419225,744.7952157,778.7098881,733.4908882,733.5001477,684.122489,687.2837218,690.9414229,677.3284437,636.5728727,645.8767135,
San Marino,SMR,,,,,,,,,,,,,,,,,,,,,,,,,,
Somalia,SOM,,,,,,,,,,,,,,,,,,,,,,,,,,
Serbia,SRB,2598.79304,2201.633412,2020.153735,1714.978114,1565.282103,1808.665745,2175.794594,2299.904259,2302.983782,1686.92925,1826.357648,1994.463468,2119.78208,2223.783121,2424.404444,2159.573829,2300.733353,2248.155036,2289.995459,2070.229279,2141.055205,2237.461224,2020.395115,2080.972545,1859.428888,
Sub-Saharan Africa (excluding high income),SSA,699.1947062,706.9720854,682.1974041,684.7538662,676.4478175,682.9028753,685.4552872,685.8300905,676.35734,681.2999367,659.0641917,665.3476815,659.5250485,671.5812668,684.4421002,681.9954911,675.8487232,685.8889622,701.86201,687.8000454,691.3622817,693.1252904,687.1152147,684.4258209,687.2268615,
South Sudan,SSD,,,,,,,,,,,,,,,,,,,,,,,63.66970652,65.39334024,66.34200174,
Sub-Saharan Africa,SSF,699.16655,706.9720854,682.1974041,684.7538662,676.4478175,682.9028753,685.4552872,685.8300905,676.35734,681.2999367,659.0641917,665.3476815,659.5250485,671.5812668,684.7806818,682.2790604,676.1481322,686.1192154,701.86201,687.8000454,691.3622817,693.1252904,687.1152147,684.4258209,687.2268615,
Small states,SST,2161.721138,,,,,,,,,,,,,,2302.913335,2394.059956,2612.772253,2758.275265,,,,,,,,
Sao Tome and Principe,STP,196.7572959,,,,,,,,,,,,,,247.1769787,273.0644178,272.1492367,264.5868536,,,,,,,,
Suriname,SUR,,,,,,,,,,,1339.186825,1417.081083,978.6573986,1031.850358,1117.422217,1265.492201,1188.910571,1111.911436,1160.958149,1152.479483,1355.643079,1305.553116,1440.39967,1264.239578,1247.311478,
Slovak Republic,SVK,4024.669067,3606.582437,3410.727885,3334.794345,3260.631824,3315.047989,3364.258794,3361.884022,3256.502531,3271.413931,3292.609005,3456.705473,3483.867506,3468.783673,3416.24785,3504.475593,3469.291394,3320.454722,3405.692968,3106.686165,3306.805544,3213.949767,3080.725034,3130.926574,2943.18916,3003.66422
Slovenia,SVN,2857.564531,2778.95039,2584.335171,2715.389914,2827.917161,3049.386594,3180.206152,3310.400633,3253.808861,3242.486177,3224.379501,3381.112015,3424.452879,3463.52493,3571.194865,3645.837437,3648.982893,3632.565326,3836.621785,3496.229535,3579.072461,3567.983036,3424.040145,3330.990076,3236.236045,3174.872585
Sweden,SWE,5514.55753,5650.541377,5369.370357,5334.166498,5660.271423,5702.165043,5825.097913,5672.008177,5769.695064,5661.491459,5360.145147,5680.280487,5802.110105,5650.43805,5847.344163,5711.127283,5529.077953,5472.135392,5379.959103,4883.20049,5427.925046,5274.643613,5269.485998,5146.53359,4966.435921,5102.785578
Eswatini,SWZ,375.4743299,,,,,,,,,,,,,,395.6008407,387.1625064,391.8559592,405.6966329,,,,,,,,
Sint Maarten (Dutch part),SXM,,,,,,,,,,,,,,,,,,,,,,,,,,
Seychelles,SYC,540.8088394,,,,,,,,,,,,,,3103.9709,2751.695672,2872.340426,2410.828737,,,,,,,,
Syrian Arab Republic,SYR,840.8457125,889.7231456,827.1821199,808.2191074,819.9926512,843.3331421,865.742095,913.9334767,990.715524,960.8324395,940.8859275,944.7763121,963.4263035,949.8857723,969.7640099,1132.379143,1134.852634,1138.972446,1117.910503,1013.468816,1013.916275,943.5588418,726.3288791,594.3576478,577.3387233,
Turks and Caicos Islands,TCA,,,,,,,,,,,,,,,,,,,,,,,,,,
Chad,TCD,,,,,,,,,,,,,,,,,,,,,,,,,,
East Asia & Pacific (IDA & IBRD countries),TEA,698.7204164,683.2043346,699.3020836,732.5379285,754.602161,798.791422,816.6936112,815.6831192,807.183113,818.1787663,842.554737,864.8263295,912.3059854,1010.998842,1125.984706,1217.780829,1303.19829,1386.827205,1421.59362,1498.363812,1631.970368,1716.462387,1770.618007,1820.027605,1895.577275,
Europe & Central Asia (IDA & IBRD countries),TEC,3924.57864,3814.907837,3464.206738,3241.588602,2879.034485,2829.716258,2793.153724,2693.919292,2631.796411,2638.313012,2662.205015,2675.098881,2706.589314,2812.482882,2844.007186,2852.84512,2950.650236,2983.501053,3019.045434,2793.685688,2972.494929,3085.763466,3098.404852,3028.230565,3058.514686,
Togo,TGO,334.6942885,334.9295029,331.901806,326.5896327,361.1317728,370.5980631,403.8290492,385.8350916,399.379076,442.4760823,428.627534,415.9441912,419.5774903,431.9867318,425.5897743,422.6489461,410.6964902,415.008209,421.0825922,498.4344504,485.1132275,475.0175828,461.0402983,461.1043347,462.4909481,
Thailand,THA,741.6054607,795.8404592,839.4224631,877.7554981,961.7534525,1041.311463,1151.524251,1159.172541,1073.832823,1133.291938,1148.249575,1170.744528,1283.933019,1380.501481,1481.572507,1513.470037,1533.99533,1590.075915,1624.82932,1610.683482,1753.702491,1743.240681,1860.317246,1991.593088,1969.001201,
Tajikistan,TJK,1004.530631,938.9140464,752.9643852,579.9987735,438.1109278,385.9763885,367.1363927,360.5362653,373.4359537,365.7668133,345.6480505,335.6490692,331.0129159,331.4248152,351.9197537,344.6733531,348.5480145,365.1334545,340.3400646,289.5285544,289.072969,283.4932141,298.0086701,322.7363966,339.8523512,
Turkmenistan,TKM,4755.057984,4011.466045,2662.351792,2616.742242,3233.106324,3253.808069,2789.910847,2750.010849,2838.132837,3320.763846,3294.772646,3321.974581,3431.564909,3788.399167,3915.204461,4032.951097,4082.794919,4594.928649,4587.453617,3970.286662,4459.246923,4769.818225,4847.75051,4883.145348,4893.413197,
Latin America & the Caribbean (IDA & IBRD countries),TLA,1035.059792,1049.641074,1063.353273,1054.365546,1091.967403,1083.255019,1113.082909,1138.666986,1158.79056,1156.233228,1151.447045,1149.578018,1154.734773,1167.750152,1200.930591,1232.176321,1273.581924,1280.828296,1308.338534,1282.151219,1336.168214,1348.677627,1390.199557,1401.488353,1362.984476,
Timor-Leste,TLS,,,,,,,,,,,,,,,59.67759693,58.28384231,58.04589955,58.85826544,,,,,,,,
Middle East & North Africa (IDA & IBRD countries),TMN,828.7733927,841.4275034,882.5574358,928.4623934,970.4528368,985.6396545,968.2793461,1037.63301,1007.457842,1035.406352,1018.287462,1076.623844,1086.390122,1093.22169,1151.387249,1237.950278,1262.986914,1298.286369,1350.94582,1365.761597,1357.740375,1344.389155,1378.348984,1374.975799,1490.190317,
Tonga,TON,266.6017734,,,,,,,,,,,,,,568.7828048,564.8709716,560.3948326,565.4288973,,,,,,,,
South Asia (IDA & IBRD),TSA,332.5027592,337.791079,344.027811,346.6336934,352.4523013,364.8169067,369.5239524,376.0871513,377.7809386,391.3857332,394.1112608,393.5406798,397.1019638,401.3137082,415.5787861,424.6045026,439.0505724,455.9518856,467.1626102,500.6692501,515.1969762,528.110592,544.7380579,550.0395145,574.3606556,
Sub-Saharan Africa (IDA & IBRD countries),TSS,699.16655,706.9720854,682.1974041,684.7538662,676.4478175,682.9028753,685.4552872,685.8300905,676.35734,681.2999367,659.0641917,665.3476815,659.5250485,671.5812668,684.7806818,682.2790604,676.1481322,686.1192154,701.86201,687.8000454,691.3622817,693.1252904,687.1152147,684.4258209,687.2268615,
Trinidad and Tobago,TTO,4903.13245,4841.416702,5289.710799,5034.239972,5039.53576,4903.033806,5783.017255,5441.534547,6308.994459,7353.475319,7764.805364,8640.876609,9361.396325,10417.65194,10880.17812,12430.57639,13805.10874,14617.053,14127.10193,14210.64697,15108.68701,14775.95459,14312.42462,14478.84921,14363.56863,
Tunisia,TUN,600.1730784,581.2956352,632.4565482,602.8525225,639.0606246,636.0623096,654.6728914,666.0535114,717.1944241,733.3295054,752.5390265,787.3384648,791.5541895,807.1752013,844.3921631,822.658319,857.9103991,877.1503841,905.1789225,870.0457766,966.7601452,913.5707445,944.4212788,950.6744713,950.491246,
Turkey,TUR,977.6631726,947.7551985,961.9310112,1004.13575,976.487647,1052.698409,1126.180703,1166.227425,1169.88053,1131.091171,1201.085873,1094.184604,1139.352172,1178.379689,1204.666657,1240.165417,1354.807027,1437.163301,1401.7754,1371.130205,1474.668102,1545.491748,1583.676202,1540.161327,1573.769797,1651.36137
Tuvalu,TUV,,,,,,,,,,,,,,,,,,,,,,,,,,
Tanzania,TZA,386.1782534,381.1968597,373.1636762,370.5567256,365.3586372,371.7475603,366.5140032,361.1659055,375.7824041,390.2180511,401.8601711,413.4393773,422.7542034,427.3219183,440.5205479,448.450199,451.6903554,454.6440812,456.8235194,456.3565162,465.9294215,478.2334709,492.6612701,495.420696,497.0693585,
Uganda,UGA,,,,,,,,,,,,,,,,,,,,,,,,,,
Ukraine,UKR,4856.642006,4852.500187,4209.610799,3728.583727,3192.714988,3177.782493,2937.23576,2836.179849,2706.104857,2718.955691,2720.688215,2755.638645,2813.161442,3025.135534,3031.497888,3033.182323,2935.290056,2996.210418,2910.661591,2487.034608,2886.991993,2768.924974,2687.05604,2553.113821,2334.396474,
Upper middle income,UMC,1381.61425,1342.357613,1295.387713,1284.663948,1249.602436,1271.238854,1282.936861,1269.361949,1249.741289,1253.649921,1274.224162,1294.023713,1328.714447,1430.8819,1536.428107,1618.562863,1709.845457,1789.960138,1833.485122,1857.442554,1995.717792,2092.632377,2147.121856,2184.385233,2190.62468,
Uruguay,URY,723.9369848,779.5138484,855.2315944,792.2667536,751.2552524,797.697777,873.0790301,880.8641662,900.8852182,978.2935636,931.366489,815.395774,763.093475,759.0960691,863.7793445,890.2275544,957.0785857,950.1136489,1243.374914,1232.981936,1216.642708,1311.490962,1372.399914,1357.832985,1386.018099,
United States,USA,7671.773066,7631.467806,7677.401401,7709.496589,7757.830822,7763.755106,7844.468266,7828.581096,7803.697605,7923.223893,8056.86385,7827.886325,7843.344849,7794.23553,7881.578642,7846.499688,7697.652535,7758.165986,7488.081921,7056.783653,7161.426552,7029.954601,6872.027284,6905.598633,6960.683997,6803.996607
Uzbekistan,UZB,2260.766943,2294.824122,2110.495548,2146.183119,2082.15288,1876.040597,1903.222174,1899.613766,2077.574238,2110.54877,2063.585378,2050.219172,2109.31946,2015.767308,1964.132097,1799.40318,1815.949789,1777.914768,1823.311821,1591.991076,1512.821507,1613.810098,1625.988144,1419.477767,,
St. Vincent and the Grenadines,VCT,273.8317595,,,,,,,,,,,,,,608.1828234,616.84635,644.5553489,645.0661654,,,,,,,,
"Venezuela, RB",VEN,2016.410915,2057.52632,2249.819897,2049.504018,2324.974122,2135.740467,2230.212703,2176.326706,2247.178841,2101.666587,2119.362492,2152.823177,2294.353992,2072.663405,2170.253226,2130.138548,2336.154046,2129.279271,2347.902236,2319.653626,2545.027166,2326.157762,2488.410936,2308.937571,,
British Virgin Islands,VGB,,,,,,,,,,,,,,,,,,,,,,,,,,
Virgin Islands (U.S.),VIR,,,,,,,,,,,,,,,,,,,,,,,,,,
Vietnam,VNM,262.7789952,260.7910404,266.6514661,283.6491513,278.6452825,292.1519026,303.8330371,322.8892504,339.7704421,345.5890807,359.6033188,379.5465709,410.1504584,426.6101834,469.1355828,492.0724455,499.5559018,532.4878411,563.9278886,609.2761526,669.6998914,662.5584901,667.324173,660.340504,,
Vanuatu,VUT,159.0588027,,,,,,,,,,,,,,146.9702091,143.3472539,144.6037158,159.479459,,,,,,,,
World,WLD,1663.812714,1649.653938,1621.337227,1613.038676,1599.006186,1616.153111,1633.306572,1626.404872,1611.334641,1623.837582,1637.203627,1636.488063,1649.272946,1688.472957,1739.8164,1767.05661,1796.638344,1824.02913,1829.623475,1796.20986,1874.651374,1881.722783,1892.659327,1895.708595,1922.130489,
Samoa,WSM,265.5849924,,,,,,,,,,,,,,313.5550989,317.1564973,315.1365039,318.6025433,,,,,,,,
Kosovo,XKX,,,,,,,,,,,908.6088235,1117.872926,1112.34734,1170.289281,1176.064254,1140.686958,1143.458468,1179.568641,1267.742103,1381.957383,1405.040886,1411.47292,1310.400165,1296.695977,1219.326655,
"Yemen, Rep.",YEM,214.6410581,248.6438321,257.900379,212.1061029,211.1777088,229.1453281,225.5544119,232.0717446,240.8015389,264.2354775,272.6614763,293.8221107,276.516286,298.4673533,316.5146681,327.6093756,340.8863589,324.2673774,332.4208144,358.642325,338.2601333,277.8335443,244.4377469,328.6889962,,
South Africa,ZAF,2471.598122,2518.117842,2290.666487,2395.381195,2420.083112,2498.893625,2504.903115,2527.940174,2471.477036,2464.32336,2424.881292,2461.026477,2384.137081,2518.332793,2716.293461,2678.554224,2625.794791,2775.615258,2950.15361,2852.095448,2768.094507,2716.681173,2636.684726,2602.845598,2695.505776,
Zambia,ZMB,678.0411079,679.0062452,672.5738125,657.3177978,645.9663722,640.6779318,618.6871369,627.8930901,616.8297813,601.1946673,600.0341592,603.078675,607.728207,612.0305701,613.6524371,617.7111402,615.1069066,599.1048678,603.2317624,600.8068623,604.4056638,619.4005376,630.3300181,644.9769944,,
Zimbabwe,ZWE,891.1906157,922.6930642,933.5925628,877.6787594,858.3097905,862.4467288,849.1093875,832.5797241,845.1480577,895.5413144,842.3655399,837.1078236,820.3222056,782.6858281,762.3192052,796.2584472,809.985623,787.3713275,724.2923876,729.3792814,744.932243,795.0540715,824.2417985,845.3594348,,
