Report generated on: 11-03-2021 14:22:01,,,,,energy consumption per GDP (1000 Btu/2015$ GDP PPP),,,,,,,,,,,,,,,,,,,,,,,,,,
Country,Code,1990,1991,1992,1993,1994,1995,1996,1997,1998,1999,2000,2001,2002,2003,2004,2005,2006,2007,2008,2009,2010,2011,2012,2013,2014,2015,2016,2017,2018,2019
    World,WORL,7.198274612,7.070502364,6.930205951,6.837217056,6.713905039,6.682471323,6.603946299,6.368210986,6.256412822,6.164066857,6.072052946,5.976858332,5.940459899,5.931904363,5.937390429,5.858690941,5.744218169,5.609014279,5.527451247,5.513072313,5.584180786,5.515085657,5.452446457,5.368263511,5.236136523,5.071284087,4.914669868,4.866408748,4.832093723,
        Afghanistan,AFG,3.231774082,1.557920037,1.042253037,1.280049987,1.609700052,1.039169978,0.984068189,0.988186383,1.008927042,1.059024893,0.980474242,0.819485505,0.523691978,0.531815324,0.477583026,0.568246263,0.658849003,0.696297615,1.202966444,1.767698894,2.088004634,2.657152368,2.21995098,1.755717849,1.563947228,1.752666486,1.605231384,1.661676065,1.670275089,
        Albania,ALB,7.370904538,8.586606183,8.087301841,6.471112722,5.67936591,5.539183981,5.58729815,5.723377171,5.647519863,4.478035072,5.456644882,4.791567243,4.979270685,5.311237208,5.319534429,5.001445973,4.466561335,3.630214969,3.686789462,3.881746242,4.116545923,3.37525097,3.252226962,3.934902445,3.525188276,3.46174438,3.734118282,3.433079984,3.708271809,
        Algeria,DZA,5.261433986,5.92163015,5.592648431,5.253483949,5.460441182,5.500248941,5.178414979,4.879121237,4.823883979,4.656737639,4.58721737,4.458631635,4.327700441,4.085410215,3.834944977,4.166560558,4.287191755,4.119791892,4.354684499,4.558748226,4.384638384,4.645119421,4.863765516,4.594599903,4.996239397,4.926663493,4.742174994,4.731505216,4.970712387,
        American Samoa,ASM,0,0,0,0,0,0,0,0,0,0,0,0,15.50060625,15.11823835,15.56115549,16.82600666,17.35273286,16.5518375,15.3295492,12.69462463,14.94263108,8.556635707,7.647462163,7.662260368,7.650325383,7.430419196,7.553627921,8.158652651,7.716506754,
        Angola,AGO,1.272402633,1.320565379,1.423069815,1.837889797,1.769496316,1.650493079,1.397086587,1.462857248,1.257620311,1.373770657,1.564321623,1.630070283,1.528210637,1.646659772,1.641216525,1.214764264,1.373084315,1.384323579,1.459530802,1.646636425,1.730141778,1.752902474,1.686622656,1.798461351,1.888410072,1.953918903,1.963676683,1.892208217,1.994526217,
        Antarctica,ATA,0,0,0,0,0,0,0,0,0,0,0,0,0,0,0,0,0,0,0,0,0,0,0,0,0,0,0,0,0,
        Antigua and Barbuda,ATG,5.122893814,4.996221446,4.952227157,4.691280157,4.707914818,5.248149886,4.936219641,4.809906967,4.592618335,4.428451619,4.344973969,4.55200153,4.830428941,4.786303234,4.693571658,4.475597455,4.09268507,3.923596885,4.014283468,4.77735667,5.01220613,5.097956608,5.06804723,5.099172909,5.023000678,4.951994871,4.764393088,4.392494108,4.225829692,
        Argentina,ARG,4.646648875,4.395312112,4.161923036,4.290980692,4.097277268,4.350883452,4.275472866,4.065645539,4.08984912,4.215248757,4.597307493,4.720157014,4.984898549,4.966258957,5.098551128,4.922116113,4.847270424,4.522797471,4.51925564,4.698488907,4.412642688,4.250881984,4.386190553,4.344308763,4.470010183,4.414638111,4.51028808,4.193035463,4.205702112,
        Armenia,ARM,--,--,24.1083739,20.12096511,17.07775542,15.67138939,18.94325899,15.45122295,15.29754631,9.156584193,9.299489413,8.347682013,6.950196825,6.70174151,6.292261804,6.401490285,5.646482647,5.57026495,5.026519589,5.231384826,5.700041005,5.734424216,5.670119525,5.384982867,5.298120122,4.756990771,4.781051338,4.739788554,4.431894613,
        Aruba,ABW,4.416838563,4.46282054,4.629741564,4.383576042,4.444977827,4.907804081,3.194857831,4.792296447,4.492784326,4.441519349,5.082715429,5.27839379,5.577025793,6.181793163,5.995738858,6.399529005,6.370902094,6.385661995,6.142100026,6.695402671,6.49697669,5.151128815,6.546791968,6.081469744,6.159901883,5.990754719,5.701902764,5.789523348,5.542720428,
        Australia,AUS,7.628719047,7.647868738,7.592696468,7.379981061,7.185899665,7.261767858,7.257585154,7.086886506,7.082624182,6.961642637,6.736689697,6.647419246,6.594058978,6.417195948,6.341866587,6.318187791,6.253569905,6.228912232,6.021108187,6.05070092,5.781523108,5.708710792,5.566402649,5.448042132,5.263018571,5.195928986,5.16823567,5.171460938,4.96832785,5.082148618
        Austria,AUT,4.317040037,4.398455003,4.222863874,4.277057157,4.159872641,4.215249205,4.303347786,4.211664987,4.144682857,4.057213756,3.880668514,4.016132355,3.945936202,3.972084933,4.014977459,4.066784601,3.904020355,3.697753748,3.648743919,3.627890144,3.658626916,3.383795455,3.459062988,3.478738615,3.334324356,3.310473863,3.320726254,3.312747204,3.164345737,3.23032906
        Azerbaijan,AZE,--,--,23.1046181,25.57758098,28.64797941,31.14421857,27.16220552,25.47823198,19.82878974,19.0436432,15.42966874,12.33043783,13.45959936,13.03634775,13.16052899,10.69090069,8.052773025,5.2886279,5.125161358,4.406273726,4.527365401,4.343730331,4.614481431,4.102057078,4.112999039,4.28951589,4.356443509,4.332527393,4.281910309,
        Bahrain,BHR,14.12436842,14.23124723,11.17854733,11.81600415,11.67239767,11.27219671,10.85512049,12.39446921,12.41053117,12.21399862,12.27235878,12.39292976,12.79470571,12.57599778,12.1771697,12.79472656,12.82243306,12.15678979,11.98267644,11.56983774,11.210235,10.87615319,11.26359046,11.88255764,11.28825044,11.11174835,10.70611739,10.561409,10.47058162,
        Bangladesh,BGD,1.474637222,1.519066144,1.62429289,1.680656078,1.787466529,1.863492129,1.84978423,1.817120221,1.849341151,1.986543594,2.00421124,2.088722694,2.11628055,2.22390338,2.187274916,2.182747671,2.206445049,2.164427001,2.20733425,2.211954797,2.209841116,2.183266959,2.209169475,2.13274313,2.123231109,2.22820546,2.223007579,2.134116606,2.102232919,
        Barbados,BRB,5.129250943,5.397652055,6.129986006,5.901848204,5.393130685,5.486215798,4.737924157,5.445904819,5.332006638,5.564000859,5.726627183,5.868978588,5.86209555,5.798710097,5.760885378,5.584040763,5.296487936,4.944444757,5.789709825,5.748309383,5.669687163,5.990751886,5.655943233,5.826031955,5.073104221,5.267587799,5.257235093,4.942791963,5.294501007,
        Belarus,BLR,--,--,166.9136046,153.4088035,16.30634456,17.17571966,16.71305024,14.87700805,13.4448969,13.44003615,13.8123518,12.20555858,11.28403085,11.03731991,9.269915656,9.527562411,9.24255927,8.254818398,7.580253578,7.042345664,6.956775724,6.805035854,6.747558721,6.383748886,6.295344937,5.569280008,5.658908744,5.502748021,5.653383153,
        Belgium,BEL,6.746757257,6.861901968,6.780421705,6.728092653,6.930324762,6.826281905,7.126934962,6.899612638,6.931472341,6.649862517,6.558236032,6.47465307,6.33159375,6.468004905,6.328639476,6.125573845,5.956883289,5.771523804,5.923594171,5.51605109,5.770252695,5.300455454,5.113783124,5.244169095,4.821834045,4.783961967,5.011116837,4.960809766,4.910081688,4.921035738
        Belize,BLZ,5.458698425,5.545969677,4.149066692,3.894334702,3.707402736,4.555154818,4.01175914,5.982473782,5.672120599,5.435114957,5.175657166,5.38682372,4.977441325,4.466268323,4.106437042,4.313276945,4.733713016,4.443762724,4.152628397,4.371047267,4.97751796,4.26012534,4.321467056,4.648666526,4.443906389,4.786917624,4.794120993,5.232618412,4.541978399,
        Benin,BEN,0.822105985,0.921905355,0.994890177,1.033663126,1.060068968,1.07889894,1.128941982,1.155014835,1.197682038,0.558154046,1.404828673,1.517937318,1.662019135,1.865436061,1.883465133,1.738348483,2.285770974,2.54584287,2.481998821,2.693069277,3.02458539,2.738479621,2.479765647,2.35710207,2.343009465,2.546024048,3.113337381,3.013660463,2.825355621,
        Bermuda,BMU,2.165031743,1.891855476,1.519460368,1.723786541,1.635366522,1.591474157,1.58084533,1.507197271,1.450485045,1.402932154,1.488855945,1.408436497,1.504412779,1.451488616,1.468330539,1.520721519,1.641895202,1.788798867,1.639728791,1.329488876,1.556326999,1.044926752,1.193383942,1.202094224,1.616655766,1.349022852,1.728358348,1.645439693,1.700465419,
        Bhutan,BTN,9.593913212,9.808830877,9.523913438,9.374891682,9.54770532,9.522396191,9.88930297,9.456620776,8.731076799,8.168495016,7.874154167,8.022705629,7.995797987,8.259523106,7.49813098,7.919285398,11.98905062,12.65682311,12.48143034,12.12560127,11.59867315,10.45159796,9.660386467,10.47868665,9.484820501,9.314468169,8.857704968,8.408217777,7.698527961,
        Bolivia,BOL,3.278847647,3.064960954,3.25584721,3.080680414,3.287561852,3.599091619,3.378145598,3.609853017,3.188082431,3.566020835,3.651282259,3.072923461,3.270508697,4.280610659,4.261589614,3.998253693,4.19947604,4.315200902,4.172638973,3.978860755,3.877234034,3.814607948,4.301237459,4.081651383,3.904051934,3.913342351,3.887471987,3.678039087,3.644573419,
        Bosnia and Herzegovina,BIH,--,--,20.99233074,15.50202804,14.6741661,20.14158324,8.125062786,8.482220092,8.590154779,7.921690448,8.316453408,7.996601936,7.671557228,6.396345862,6.29479265,5.600207106,5.295247687,4.731095778,5.144498125,6.403968172,6.913990033,6.576758179,6.399314492,6.382852613,6.111952501,5.880046002,5.795881601,5.54048313,5.455647531,
        Botswana,BWA,2.605908833,2.538279956,2.991711978,2.848324283,2.824319624,2.685779121,2.413027731,2.310820244,2.467109193,2.130164307,2.740500093,2.880601221,2.845338082,2.701790705,2.590762747,2.632722465,2.593364552,2.460039938,2.409694924,2.441030229,2.316881168,2.291854826,2.168357976,1.933004923,1.879020394,2.428858463,2.498062742,2.207715346,2.073427289,
        Brazil,BRA,4.041917153,3.952970002,4.050131071,4.006439978,3.971561874,4.048288968,4.22096473,4.276685668,4.39780195,4.472568229,4.410179868,4.235675672,4.189733229,4.208472163,4.168723155,4.148149361,4.092963385,4.103904022,4.094589459,4.046462391,4.123084105,4.112765789,4.139096517,4.132043546,4.211385417,4.303721136,4.377799532,4.356292151,4.263715578,
        British Virgin Islands,VGB,2.556909419,2.080522525,1.677364455,1.279630722,1.026100641,0.829847491,0.995695932,0.898615219,0.814260555,0.743101416,1.198646831,1.172678362,1.283417485,1.568050646,1.588834012,1.4295563,1.576037447,1.648916049,1.797063674,1.907092638,1.967117424,2.074301405,2.081630853,2.011424427,2.009458878,2.002538737,1.891337465,1.764288798,2.131865869,
        Brunei,BRN,3.841727349,2.976573447,2.778403046,2.632770873,2.453176712,2.904032883,2.628921305,2.853481907,2.595359596,2.971475822,2.945678561,3.259677853,3.6644437,3.684082175,4.070546521,4.567825218,6.743103268,7.068059921,7.402578432,4.999257184,5.550064192,5.495270999,5.293586146,5.030147084,5.802678003,6.438294201,6.894887665,6.832071984,7.102205044,
        Bulgaria,BGR,14.88645066,12.83270586,13.40231867,13.11722902,13.15586721,11.66038206,10.94939852,11.68753305,10.10220064,10.11175397,9.690190411,9.341694971,8.964002795,8.652257843,8.03617578,7.857182431,7.540664357,6.733740206,6.243531906,5.867372906,5.96475403,6.246544555,6.051970011,5.685492116,5.907969781,5.981181363,5.511882356,5.371785209,5.191572051,
        Burkina Faso,BFA,0.862558057,0.91489216,0.923179863,0.99002674,1.089777815,1.054023346,1.0098794,1.499432429,1.25522922,1.216641961,1.084805178,1.130673721,1.135177339,1.165263813,1.004603963,0.981777831,0.911083288,1.239746618,1.279677328,1.167654564,1.175272589,1.255619971,1.390739905,1.576185377,1.406901009,1.72071015,1.367355731,1.589543618,1.217298237,
        Burma,MMR,3.117368485,2.954128251,2.866663787,2.868762556,3.13078175,3.112557325,2.965355171,3.000065103,3.077224845,2.877010699,2.949052496,2.420321147,2.555218673,2.544598728,2.3140617,2.625470477,2.187266988,2.09843395,1.791066839,1.580314483,1.522889105,1.579955886,1.75866886,1.887752393,2.040632198,1.771256886,1.914855144,2.396830767,2.390865118,
        Burundi,BDI,0.936993192,0.995116584,0.90633363,1.090090744,1.180891803,1.239740617,1.406722025,1.402515582,1.352398875,1.318033729,1.095635031,0.919689528,0.848503598,0.671624781,0.746644957,0.620241571,0.681611579,1.030605382,0.646901214,0.629223449,0.686369868,0.726515997,0.652066564,0.690406948,0.574674241,0.827769119,0.970705561,1.099936861,0.92083207,
        Cabo Verde,CPV,1.284321999,1.266506761,1.455328259,1.373012848,1.527394663,1.392088984,1.471731547,1.363471458,1.26454345,1.130605059,2.650373544,2.779738963,2.86933282,2.72435764,2.856854187,4.182990122,4.035439435,4.139433713,3.933523581,3.773780615,3.981951328,4.557715753,4.045458725,3.949648578,4.233921276,4.141501283,4.13115372,4.226369285,4.091440891,
        Cambodia,KHM,0.496521823,0.48981657,0.460330631,0.442234319,0.680298437,1.757902496,1.824462951,2.066117733,2.30696776,2.107281973,1.763869357,1.739106418,1.628360772,1.631256394,1.525256275,1.527835773,1.493053445,1.589507935,1.563624828,1.930679645,2.083825214,2.014810796,2.108197262,2.080445207,2.143570264,2.294018529,2.676904745,2.644804168,3.103540826,
        Cameroon,CMR,2.171330718,2.277902585,2.361128564,2.268963099,2.371867903,2.347454622,2.239952897,2.235844874,2.139671453,2.010671768,2.016898349,1.926320554,1.820844484,1.865349722,1.821006551,1.722669733,2.010438343,1.91015335,1.873551999,1.965610387,2.171434102,2.196231116,2.09634847,1.749087721,2.06401663,1.956260859,1.825220723,1.92103063,1.855314085,
        Canada,CAN,11.83172841,12.21624726,12.49740413,12.45564511,12.28501832,12.12504319,12.28505717,11.78911264,10.99529865,11.0089574,10.50623468,10.363343,10.3362434,10.43135802,10.34539705,10.13536036,9.943939007,9.706005559,9.447860293,9.56167529,9.618143634,9.566046829,9.513373459,9.565737672,9.340514666,9.248963686,9.083208109,9.032721937,8.943323269,8.518639652
        Cayman Islands,CYM,2.721015435,2.657510405,2.615103213,2.365043342,2.590939207,2.648576097,2.529533193,2.391599208,1.835764294,1.77567018,2.564437816,2.582452577,2.63159067,2.61333597,2.448121497,2.366505576,2.29468956,2.719890293,2.739757638,2.739581205,2.829118487,2.944030732,2.686926442,2.618851242,2.594135284,2.668405421,2.555317797,2.882649645,2.574899488,
        Central African Republic,CAF,1.24738754,1.292504763,1.26000633,1.379133887,1.375532723,1.310679859,1.486357587,1.400319872,1.333668881,1.2594974,1.324374578,1.359028142,1.364197761,1.401239085,1.459688359,1.472859466,1.472042441,1.428306562,1.410671949,1.367237302,1.340170889,1.35455169,1.332419165,2.050412438,2.152678734,2.070726131,1.986499783,1.856336504,1.797700698,
        Chad,TCD,0.792781384,0.702139173,0.687614967,0.33694168,0.349201719,0.351929199,0.345584289,0.353303059,0.330337997,0.332609797,0.438052538,0.376547854,0.342615718,0.29520933,0.232750534,0.231284987,0.233266614,0.227944724,0.222587416,0.225784607,0.215536798,0.226503317,0.20873999,0.199093733,0.186255547,0.187345379,0.204339579,0.579043566,0.581815229,
        Chile,CHL,4.825843489,4.473513215,4.431051226,4.414380941,4.48413611,4.431964026,4.462178076,4.597401761,4.357333523,4.586643721,4.416758015,4.433577264,4.512137072,4.476929006,4.476675953,4.448161822,4.258616456,4.035138789,3.960133498,3.936157378,3.734569052,3.738073027,3.504801984,3.502563133,3.379583369,3.424093561,3.575152953,3.598553039,3.540543936,3.627637189
        China,CHN,17.06699713,15.80680905,14.48349593,13.6920877,13.02152199,12.64049004,12.06254002,10.49925646,10.00066458,9.648519894,9.462510078,9.166345262,8.994530776,9.466000621,10.36564949,10.43322266,10.22683657,9.644936078,9.204255277,9.100136542,9.186717701,9.193394372,9.118210363,8.745127382,8.240102332,7.602451118,6.904231165,6.815033716,6.762408294,
        Colombia,COL,3.631085905,3.571941556,3.442872403,3.566920001,3.587082278,3.452142203,3.615160856,3.54705769,3.572800835,3.588726496,3.488933098,3.430502935,3.365923113,3.257964478,3.218876588,3.05501617,3.001479605,2.818494115,2.718051133,2.652719351,2.583478413,2.7372662,2.738680618,2.698554782,2.733776264,2.608946542,2.599725743,2.578220396,2.572463118,
        Comoros,COM,0.788320053,0.804356061,0.742443913,0.719288424,0.759372313,0.732406874,0.744023084,0.713570487,0.858433045,0.842285548,1.062838499,1.084052896,1.06610332,1.334452754,1.437403392,1.342585487,1.52222662,0.99791095,0.978163796,1.15598202,1.322706191,1.141461105,1.14983092,1.312949622,1.148649175,1.225561462,1.390766432,1.562643821,1.381985014,
        Congo-Brazzaville,COG,1.892989465,1.69110351,1.576406765,1.434611573,1.439394612,1.414999712,1.414011692,1.41380624,1.271451291,1.092363353,1.120009528,1.324399799,1.171947795,1.329326195,1.361497456,1.709721269,1.803531256,2.376442028,2.544495394,2.766210984,3.428883502,4.030209779,3.759854705,4.787205944,4.298356601,4.479866744,4.766726239,4.758662729,4.83118337,
        Congo-Kinshasa,COD,1.987623172,2.014359195,2.482717279,2.759862484,2.514131455,2.731107572,2.823009008,2.691108248,2.579063945,2.926486091,2.418580834,2.429497982,2.425600821,2.39086977,2.53882238,2.595432069,2.600112082,2.521215457,2.246141486,2.136647112,2.206292437,2.233990437,2.055853594,2.289847253,2.505427262,1.80804782,1.628498895,1.705086707,1.702843755,
        Cook Islands,COK,0,0,0,0,0,0,0,0,0,0,0,0,0,0,0,0,0,0,0,0,0,0,0,0,0,0,0,0,0,
        Costa Rica,CRI,2.704904573,2.804034049,3.032594101,3.08053202,2.985858195,2.914229942,2.902592093,3.090002856,2.95837144,3.259827127,3.252671072,3.19957697,3.220793796,3.150355591,3.110606318,3.109441945,3.023377143,2.952276624,2.855170233,2.801780593,2.702571017,2.601767314,2.504571613,2.459100714,2.422975287,2.43855052,2.418813605,2.41154457,2.415522511,
        Croatia,HRV,--,--,4.9489901,5.442415888,5.495577045,5.369614664,5.001012587,4.810258079,4.965474442,5.058148887,4.827551617,4.866928823,4.502054008,4.664835188,4.446766018,4.274755464,4.078167862,3.852812102,3.820676471,4.010001929,4.115298729,3.687239752,3.770059401,3.818183589,3.685863509,3.477633675,3.450041038,3.379108229,3.477977636,
        Cuba,CUB,5.75747521,5.998943032,6.037065784,6.931321246,6.956956903,6.922529412,6.619668836,7.08837398,6.732216331,5.485257817,5.008585764,4.470188453,4.460098547,4.36171677,4.175298728,3.694621287,3.213323667,3.026033093,3.325341352,3.302771744,3.66368627,3.20146871,3.381273586,3.156269798,3.181926596,3.053711369,2.368892896,2.479034504,2.542449096,
        Cyprus,CYP,0,0,0,0,0,5.281458487,5.140322544,5.121576696,5.190987335,5.264336537,5.203716488,5.024199462,4.801866229,5.03990514,4.317835388,4.555038641,4.512109854,4.415069632,4.41885373,4.353773705,4.103991751,4.07166056,3.983375907,3.815079507,3.920192613,3.898273898,4.011063867,3.877969755,3.704920937,
        Czech Republic,CZE,--,--,--,8.422630185,7.916850864,7.656322939,7.693483204,7.612100834,7.299042845,6.765789062,6.949356988,6.888597287,6.790181051,6.967667596,6.807289399,6.31566744,5.937348762,5.59079203,5.405399801,5.406519729,5.452590486,5.303579166,5.317690308,5.188569892,5.061514103,4.766654464,4.558550895,4.606688671,4.434455679,4.383055356
        Côte d’Ivoire,CIV,1.370691135,1.158455307,1.127584004,1.270093764,1.299785711,1.32384723,1.42954862,1.406510984,1.353051526,1.721061594,1.767596743,1.749076306,1.728929508,1.580202886,1.685209449,1.838940245,1.548625113,1.628303605,1.745664452,1.644924935,1.648473896,1.604353191,1.766490152,1.796025624,1.743911511,1.595634433,1.690031972,1.572813452,1.467512787,
        Denmark,DNK,4.021641779,4.334331674,4.083691249,4.285096387,4.309763141,4.227887821,4.558462524,4.175212898,3.987936428,3.800227684,3.574360297,3.592924871,3.44657402,3.587134119,3.389611831,3.23539269,3.316402129,3.20231182,3.098568286,3.062254325,3.155075606,2.96406745,2.809616357,2.835596873,2.695000747,2.597861888,2.55783631,2.493695485,2.41742944,2.408544654
        Djibouti,DJI,8.563029986,8.962440651,9.024119781,9.737146357,10.13923194,10.40679499,10.83991216,11.046465,11.03386604,10.72095235,5.223470962,5.112392101,4.966707756,4.992957528,4.725026743,4.333343719,3.863068567,3.828964187,4.04680817,3.458170433,3.781410417,2.662287362,3.35069994,3.294019473,3.130378017,2.555776308,2.183809957,1.806416122,1.752215982,
        Dominica,DMA,1.744052545,1.721906675,1.687919702,1.648207656,2.100704721,2.532991319,2.463453656,2.419344342,2.447532346,2.52351298,2.875026777,3.079967806,2.986997212,3.1332783,3.602117406,3.429298572,3.267356891,3.71169181,3.119581832,3.205266092,3.329809925,3.380882786,3.28799119,3.317666305,3.277581019,3.498489134,3.566924503,3.574250476,3.602981928,
        Dominican Republic,DOM,3.380862229,3.237342626,3.132549213,2.739683031,2.913372944,2.980954018,3.024050551,2.961454142,2.864637714,3.04881659,3.97255431,3.792808502,3.786656015,3.483296273,3.204653771,3.21580611,2.902321519,2.751308848,2.649948257,2.593814207,2.51441208,2.398812344,2.591878978,2.356263609,2.113133286,2.191524719,2.185469891,2.059515311,2.128260504,
        Ecuador,ECU,3.212310517,3.212305764,3.525502852,3.4071393,3.541530713,3.417625321,3.61652436,3.575286237,3.588206596,3.675388783,3.829037653,3.914258481,3.831261422,3.862592323,3.880288365,3.910959864,3.96085564,4.10133607,4.026762949,4.12609676,4.139039965,3.964678145,3.900835078,3.792942742,3.968473248,3.852390717,3.85693305,3.832010946,3.968689477,
        Egypt,EGY,3.802665931,3.766791033,3.613400719,3.726732128,3.772222812,3.700617332,3.814471197,3.741827006,3.667121886,3.540805751,3.439217758,3.715140563,3.615230788,3.816624044,3.96047705,3.966496661,3.940540111,3.922879883,3.838747611,3.844381044,3.798104227,3.915870289,3.970469558,3.830832968,3.640367236,3.504516376,3.408037062,3.45587715,3.300439177,
        El Salvador,SLV,2.062953326,2.008845029,2.124288009,2.080277851,2.17535551,2.586494408,2.624263867,2.525567053,2.804897557,2.899892128,2.776738222,2.85826174,2.882190705,3.027737056,2.992970484,3.014783567,3.053837727,3.125946276,2.977385923,2.933414969,2.978562147,2.867578885,2.808420707,2.680388521,2.692694902,2.679909162,2.631772051,2.532596133,2.663439105,
        Equatorial Guinea,GNQ,4.688913534,4.737524195,3.524825019,3.166073287,2.71374666,2.309691902,1.390329431,0.625862596,0.696587614,0.554346846,0.915461072,0.635722877,4.745252429,4.363550191,0.702349549,2.810590506,2.639780842,2.585578869,2.205193057,2.235366339,2.485830314,2.383442089,2.17058956,2.172168533,2.09466096,2.117834604,2.317189646,2.582119418,2.961592653,
        Eritrea,ERI,--,--,--,--,3.663561834,4.101495662,3.841303395,3.599030354,3.748315849,3.883317874,2.272621561,2.289225417,2.026397138,2.495052446,2.678321439,2.612749919,1.814595218,1.837146645,1.623929868,1.750152546,1.578370768,1.278619004,1.333686143,1.518763157,1.211379004,1.513370482,1.434443782,1.766273244,1.826939919,
        Estonia,EST,--,--,6.609409424,5.728397736,5.449275643,4.567894226,4.773466862,4.600428668,5.293773302,4.111696649,3.545638625,3.796836843,2.935388848,2.653663964,2.736561581,2.577845697,2.580750479,2.341026998,2.578247377,2.657228546,2.486979475,2.237143655,2.694165025,2.468521322,2.290388783,2.346484725,2.215269806,2.156844766,2.167136381,2.301171899
        Eswatini,SWZ,2.645380935,2.659310042,2.522607108,2.438178618,3.083064472,2.879843453,2.651656177,2.643392244,3.189084685,3.157264534,3.594360316,3.587338106,3.540958397,3.135044098,2.939609727,2.873443986,2.675588128,2.693938752,2.662238052,2.537934605,2.333858585,2.289124944,2.195755609,1.964973833,2.065821703,2.070907457,2.114534322,2.115714212,2.267288729,
        Ethiopia,ETH,1.574133666,1.470941939,2.172286239,1.833432134,1.327102265,1.341639536,0.992204454,0.972211608,1.317781055,1.486117228,1.493183574,1.501209161,1.519326647,1.679562819,1.581229799,1.623853604,1.607777421,1.596775499,1.508841452,1.433855251,1.411787549,1.409875069,1.445428906,1.526329773,1.568491667,1.496988528,1.58572063,1.464951313,1.438386518,
        Falkland Islands,FLK,0,0,0,0,0,0,0,0,0,0,0,0,0,0,0,0,0,0,0,0,0,0,0,0,0,0,0,0,0,
        Faroe Islands,FRO,0,0,0,0,0,0,0,0,0,0,0,0,0,0,0,0,0,0,0,0,0,0,0,0,0,0,0,0,0,
        Fiji,FJI,2.975170414,2.671618347,2.6576656,2.747881411,2.687588411,2.820412747,2.756525716,2.809820491,2.692624167,2.687800453,3.451500382,3.517353724,2.886645603,3.134310901,3.942287693,3.351045071,3.605065874,3.50780941,2.319003211,2.413989164,2.182823107,3.819927515,2.333271457,2.668177195,3.043828304,3.578016881,3.441781072,3.297718975,3.232792832,
        Finland,FIN,7.306043668,7.84813427,8.1486098,8.139632025,8.208248378,7.501058807,7.340674604,7.038462032,6.983670238,6.62358381,6.345980429,6.264107013,6.205900452,6.369825464,6.24463815,5.710606966,5.784272719,5.527130987,5.362434178,5.397803135,5.584684131,5.208161184,5.236658092,5.313810318,5.185571583,5.12506387,5.106725519,4.892734054,4.901618113,4.711206861
        Former Czechoslovakia,CSK,0,0,0,--,--,--,--,--,--,--,--,--,--,--,--,--,--,--,--,--,--,--,--,--,--,--,--,--,--,--
        Former Serbia and Montenegro,SCG,--,--,0,0,0,0,0,0,0,0,0,0,0,0,0,0,--,--,--,--,--,--,--,--,--,--,--,--,--,--
        Former U.S.S.R.,SUN,0,0,--,--,--,--,--,--,--,--,--,--,--,--,--,--,--,--,--,--,--,--,--,--,--,--,--,--,--,--
        Former Yugoslavia,YUG,0,0,--,--,--,--,--,--,--,--,--,--,--,--,--,--,--,--,--,--,--,--,--,--,--,--,--,--,--,--
        France,FRA,4.985416323,5.261755962,5.237041699,5.236844742,5.112546465,5.140514685,5.241501046,5.092624028,5.025028057,4.927978204,4.787253305,4.804492823,4.700603103,4.694266751,4.65140086,4.617576691,4.509116664,4.323622572,4.352293879,4.235336997,4.262408493,4.097855891,4.051360871,4.068022004,3.86358843,3.837562999,3.746890831,3.660174547,3.593289273,3.497758272
        French Guiana,GUF,0,0,0,0,0,0,0,0,0,0,0,0,0,0,0,0,0,0,0,0,0,0,0,0,0,0,0,0,0,
        French Polynesia,PYF,0,0,0,0,0,0,0,0,0,0,0,0,0,0,0,0,0,0,0,0,0,0,0,0,0,0,0,0,0,
        Gabon,GAB,2.637226892,2.555153351,2.708899022,2.468198676,2.442881487,2.180371686,2.193762674,2.177418887,2.054988951,2.605861088,2.030515887,2.145277723,2.15118205,2.046521328,2.071252431,2.159738448,2.279155753,2.136531973,2.255134872,2.228095823,2.42462142,2.317102918,2.758651254,2.638502614,2.640921998,2.443837331,2.371803522,2.295511486,1.996085925,
"        Gambia, The",GMB,1.2372973,1.196986307,1.159483983,1.21178157,1.39451868,1.278972056,1.230167919,1.221721994,1.257864181,1.177275109,1.45764322,1.500992722,1.487841077,1.454345459,1.405327449,1.454274553,1.589057029,1.599649268,1.563913101,1.575246829,1.622335608,1.856381518,1.719607519,1.663665775,1.865553075,1.834815333,1.814338647,1.76059628,1.646038636,
        Georgia,GEO,--,--,16.78067944,14.53833307,12.60204319,12.1290119,11.46936207,10.690357,10.49858705,9.900287992,8.298947985,7.315551011,8.174305661,6.469394481,6.302900962,6.348607267,5.010104761,5.570616758,5.416531344,5.72926969,5.512583134,4.773327481,4.633880116,5.033542452,5.0253605,5.16817141,5.308625298,5.036278501,4.901310143,
        Germany,DEU,--,5.223223722,5.048225187,5.06759929,4.890691146,4.914109858,4.945083649,4.780026658,4.677537665,4.508848947,4.377956274,4.384164569,4.327996987,4.368515459,4.354727962,4.243681544,4.15539219,3.876003987,3.925411963,3.913298426,3.962692459,3.649288206,3.667468455,3.712338529,3.512908217,3.511215418,3.45921914,3.473520089,3.348609608,3.275398876
"        Germany, East",DDR,0,--,--,--,--,--,--,--,--,--,--,--,--,--,--,--,--,--,--,--,--,--,--,--,--,--,--,--,--,--
"        Germany, West",DEUW,0,--,--,--,--,--,--,--,--,--,--,--,--,--,--,--,--,--,--,--,--,--,--,--,--,--,--,--,--,--
        Ghana,GHA,2.639818458,2.604912318,2.727457595,2.560123892,2.55222671,2.492650169,2.517999857,2.378927529,1.777444016,2.068624643,2.456940384,2.376075714,2.081275828,1.811633667,2.026582888,1.966656833,1.881423052,1.697337847,1.837995872,2.018647635,1.927872701,2.124239472,1.985105388,1.869752094,1.845863452,1.853309391,1.759009645,1.611276922,1.741673001,
        Gibraltar,GIB,0,0,0,0,0,0,0,0,0,0,0,0,0,0,0,0,0,0,0,0,0,0,0,0,0,0,0,0,0,
        Greece,GRC,4.227623848,4.168229704,4.286774967,4.379957497,4.428756147,4.491450331,4.553368406,4.386118591,4.476429513,4.373456854,4.44117138,4.334193199,4.222041414,4.209680414,4.014712173,4.005479506,3.902431729,3.83423588,3.781884714,3.764535111,3.811518277,4.130105993,4.127299605,4.034980504,3.862323123,3.919393183,3.885372072,4.002602261,3.928378466,3.893015433
        Greenland,GRL,NA,NA,NA,NA,NA,NA,NA,NA,NA,NA,NA,NA,NA,NA,NA,NA,NA,NA,NA,NA,NA,NA,NA,NA,NA,NA,NA,NA,NA,NA
        Grenada,GRD,2.453234071,2.398151616,2.47977273,2.927992197,3.267965316,2.914284648,2.988101299,3.765440563,2.921841739,2.733317759,2.811903213,2.987066948,2.967474945,2.867579921,2.802805909,2.601976491,2.804070022,2.80511746,2.954706792,3.073344602,3.211454275,3.187516808,3.282029087,3.613733115,2.872987893,2.779070196,2.759558514,2.872645848,2.716005473,
        Guadeloupe,GLP,6.237114191,6.121460722,5.690849038,3.838103104,3.873772932,3.923738379,3.71273425,3.662718283,3.55088712,3.370630188,3.81363347,3.824659579,3.890211284,3.845800492,3.743546168,3.545663348,3.58827638,3.636875381,3.35269933,3.487095376,3.528352566,3.744944171,2.822246297,2.779499359,2.698882908,2.986942538,2.804330547,2.739318394,2.7169947,
        Guam,GUM,0,0,0,0,0,0,0,0,0,0,0,0,13.5643717,10.91921535,11.71617842,12.60821242,13.2462944,9.214800247,5.493599858,8.435332713,7.344150836,6.446183737,6.542858014,5.375527489,5.012693785,5.165601002,4.795571808,4.358383971,4.319297474,
        Guatemala,GTM,1.50487931,1.421443955,1.49847253,1.547369223,1.668791229,1.711834492,1.721389195,1.787135843,2.009417001,2.088086358,2.141392432,2.178972465,2.120953934,2.270575653,2.077538372,2.076786498,2.089990483,2.10693901,1.894408707,1.979751168,1.945191727,1.902939393,1.933385425,1.989941299,2.004976552,2.133223463,2.275435191,2.388366238,2.373294732,
        Guinea,GIN,2.613967578,2.010464101,2.006452717,1.997523438,1.943367729,1.847902772,1.777749038,1.783886962,1.758671557,1.766753881,2.168404501,2.291936451,2.270620246,2.178883101,2.302290919,2.259099632,2.270137905,2.256164471,2.187768735,2.322586747,2.536161842,2.446188638,2.240544435,1.917654795,1.911277678,2.233870744,2.270892843,2.07197562,1.777703142,
        Guinea-Bissau,GNB,2.034415934,1.935691456,2.033948906,2.1827283,2.115045927,2.025904525,1.742564018,1.704535017,2.370699536,2.346629654,1.685015147,1.67922828,1.732572153,2.002897551,2.01665066,1.959057078,1.958481513,2.015128622,1.90164144,1.905989655,1.869735019,1.75524041,1.820977653,1.805248216,1.878637183,1.830979344,1.793890565,1.370783138,1.326818674,
        Guyana,GUY,4.28871082,4.769407461,4.911963459,5.790976144,5.333901843,4.31378304,4.357253591,4.364353948,5.741252297,6.693260484,6.764072748,5.958901462,5.497382947,5.273131036,4.593437926,3.897412519,3.057735341,3.529699606,3.298005947,3.278037905,3.340742069,3.300229572,3.550226907,3.339760671,3.28171388,3.332770429,3.602832773,3.43849221,3.340496649,
        Haiti,HTI,0.544818234,0.565235803,0.625944288,0.492176768,0.472516034,0.672355514,0.752649962,0.885570195,0.852992016,0.89785356,0.914741998,1.00504909,1.101235364,1.015467774,1.213655355,1.242146715,1.244772247,1.298563776,1.29671707,1.196041415,1.174490761,1.169968363,1.250467804,1.262599327,1.323063876,1.491425216,1.525295603,1.494839717,1.53855985,
        Hawaiian Trade Zone,HITZ,--,--,--,--,--,--,--,--,--,--,--,--,--,--,--,--,--,--,--,--,--,--,--,--,--,--,--,--,--,--
        Honduras,HND,3.308620529,3.193803198,3.117971153,2.934896118,2.967754942,3.083040634,3.331287824,3.255918275,3.394767159,3.709682407,3.373277782,3.579901819,3.483073504,3.65529067,3.661722726,3.538373464,3.194355325,3.726314896,3.541423089,3.439972056,3.542677786,3.459466709,3.565420418,3.502788674,3.563122848,3.808409037,3.545455301,3.61970341,3.889854742,
        Hong Kong,HKG,3.278894609,3.254297617,3.372153905,3.401419897,3.194036176,3.235325889,3.142522364,2.962157523,3.308956306,4.09840887,3.601121587,3.624601512,3.703162247,3.723902293,3.817015396,3.492310571,3.448387205,3.455335489,3.179856157,3.765081482,3.765665606,3.37682163,3.131718702,3.091723024,2.910969269,3.100622962,3.10508275,3.064006419,2.99302007,
        Hungary,HUN,0,6.721546503,6.305429505,6.476335488,6.262281515,6.220904972,6.408006509,6.0762438,5.824082512,5.628736378,5.236668649,5.200415531,4.947152402,4.868266069,4.674026986,4.803568769,4.562408073,4.415903813,4.355942442,4.331498431,4.372977322,4.172802172,3.954676738,3.772521582,3.688908307,3.720569154,3.707822639,3.708794163,3.571567483,3.4171745
        Iceland,ISL,NA,NA,NA,NA,NA,NA,NA,NA,NA,NA,NA,NA,NA,NA,NA,NA,NA,NA,NA,NA,NA,NA,NA,NA,NA,NA,NA,NA,NA,NA
        India,IND,4.645854139,4.774511301,4.803101472,4.758103052,4.800023233,4.736225285,4.60303395,4.623466171,4.420632186,4.345853973,4.391234651,4.317966862,4.320403839,4.205397218,4.228497542,4.141238434,4.145560324,4.158495099,4.175801805,4.343048566,4.250872275,4.139884445,4.136666616,3.999646906,4.001510166,3.797675286,3.630854604,3.576726482,3.527124903,
        Indonesia,IDN,2.924830735,2.991371,2.894293272,2.847637553,2.809605445,2.737205338,2.75499999,2.775097226,3.064887058,3.377788099,3.509433977,3.269307572,3.208955547,3.152315984,3.120458041,3.084120779,3.016944114,3.100528876,3.016203903,3.0109612,3.086729984,2.85717488,2.796631383,2.710466788,2.637731663,2.521047053,2.437915556,2.419340119,2.585662896,
        Iran,IRN,6.424987238,6.106080049,6.095014734,6.414735667,6.802377503,6.887543358,6.593928129,7.214252951,7.266426432,7.174643622,7.617304624,7.962434514,7.808523225,7.517190785,7.397565056,8.200462982,8.276233664,7.914785482,8.161372578,9.018218582,8.451155828,8.358894468,9.445324807,9.693014526,9.837346841,10.09721851,9.231114023,9.25023512,10.1746173,
        Iraq,IRQ,6.337412527,12.24764181,13.61923951,10.5382968,12.63576747,15.84055577,10.55205765,8.001437276,6.012319288,5.203880236,4.834418502,4.790768918,5.236925613,6.156589486,4.943403604,5.272207545,4.894571884,4.393452947,4.520558619,5.236882725,5.087826459,4.879948831,4.971107372,4.908268635,4.714446811,3.882904491,4.205684212,5.844009418,6.439633781,
        Ireland,IRL,3.904404569,3.978969072,3.841529777,3.908367258,3.866517362,3.719604714,3.727270463,3.561702973,3.539465695,3.461176541,3.403063859,3.346074082,3.14457221,3.009648882,2.949676778,2.900346804,2.878111361,2.693261778,2.830581289,2.690930266,2.733791541,2.485238197,2.445841136,2.40154433,2.204754343,1.844265361,1.894115749,1.763300105,1.663883487,
        Israel,ISR,4.591120562,4.419826068,4.327203536,4.634432918,4.606242926,4.639881797,4.485271555,4.541714378,4.420395594,4.33178643,4.330620011,4.295003801,4.560946959,4.644186157,4.482123365,4.128469613,4.042947374,3.971524496,3.75181944,3.762028247,3.833926907,3.585202223,3.757146507,3.300747591,3.338369581,3.411070175,3.328402195,3.226291202,2.94414395,
        Italy,ITA,3.548812203,3.557685469,3.535487165,3.541869365,3.435124696,3.486401124,3.461889531,3.435112657,3.475491831,3.475446367,3.36601286,3.333401761,3.336431425,3.436540845,3.466316456,3.453707186,3.371136842,3.280432874,3.290168095,3.236573647,3.313453084,3.220169138,3.193250674,3.110800594,3.008344889,3.022338117,2.955961073,2.932454588,2.927915947,
        Jamaica,JAM,5.042416774,5.217587008,5.115240212,5.092265525,5.204508489,5.742880731,5.900176384,6.222772857,6.441792276,6.532217346,6.317796844,6.329189925,6.258812702,6.29204796,6.074910181,6.208571296,6.892649778,6.920410792,5.933512225,4.876919322,4.546726857,4.73502707,4.463260257,4.830272109,4.725729463,4.828352195,4.928846222,4.409449198,4.462451423,
        Japan,JPN,4.68059703,4.637892741,4.616629512,4.706833287,4.828596101,4.854112596,4.790710977,4.825428097,4.800380112,4.905702291,4.833956901,4.7717688,4.734535993,4.694739785,4.658711799,4.602837378,4.574319935,4.47504204,4.325696766,4.383776475,4.434270783,4.295416371,4.139066632,4.053147593,3.934601591,3.794485281,3.758364219,3.644802661,3.592412111,
        Jordan,JOR,0,0,5.37269449,5.093196045,5.574239836,5.514699314,5.815798145,5.417861299,5.614268629,5.49447581,5.552650287,5.079920137,4.9981367,5.248894031,5.264886598,5.331206018,5.006920234,4.443199785,3.977698204,3.895945346,3.967126025,4.051419042,4.185539531,4.047064809,4.03467132,4.249779283,4.454841704,4.516193699,4.328291947,
        Kazakhstan,KAZ,--,--,25.15720022,22.90481877,22.94933342,20.45647447,19.51661127,17.42336591,16.76540957,14.80535701,14.83465665,13.16659543,12.73201064,11.40570923,11.96620766,10.84560658,10.27406602,11.170772,12.30539171,9.900801356,9.874914176,10.04528159,9.437714299,8.974382584,8.175293997,8.173602364,8.514948169,8.023371952,7.644697351,
        Kenya,KEN,1.816906233,1.6610187,1.813160493,1.863870172,1.855948635,1.888624049,1.918452745,1.778640987,1.896273261,1.762368194,1.946706553,1.897431146,1.903836516,1.759398825,1.799682766,1.8471267,1.905964303,1.796820347,1.769456394,1.867360772,1.87050475,1.81594164,1.713898946,1.697992947,1.674890413,1.895430984,1.871416073,1.804807878,1.831148584,
        Kiribati,KIR,1.901017264,1.921619786,1.888731491,1.868240628,1.836575081,1.836575081,1.810039863,1.776358674,1.667042879,1.693172765,3.070056838,2.658738121,3.75462177,3.826549094,4.166495804,5.201994623,5.789504937,5.179994833,5.926179419,5.132157361,5.159023366,4.689443653,4.423722113,4.293706274,4.353683764,4.253484066,4.341209757,4.300636138,4.201893305,
        Kosovo,XKS,--,--,--,--,--,--,--,--,--,--,--,--,--,--,--,--,--,--,6.094071122,6.617157778,6.350986838,6.115816847,5.919255575,5.477501723,5.01447764,5.510688141,5.494509905,4.721756074,4.659970266,
        Kuwait,KWT,7.329071247,6.646691963,5.855724481,5.941699965,6.572489887,6.695917038,7.055668021,8.790308453,8.991231981,9.925374519,8.512644575,8.674240583,8.893073106,8.217232468,7.75543124,8.185307598,7.559025552,7.580336704,7.938669664,9.160271763,9.246604749,8.834966644,8.508719859,8.623959271,8.757192625,9.252212636,9.098576529,9.126786932,9.03672634,
        Kyrgyzstan,KGZ,--,--,17.07540183,18.63421435,20.60513746,18.62840249,21.67248183,18.62161946,18.28939484,18.95728197,18.1792075,16.35883616,13.98128797,13.79582097,13.16140076,12.41722898,12.26474835,12.40865275,10.93106992,10.7120122,10.31358574,11.08270208,12.4634658,10.55369803,10.32595475,8.920677424,8.729713952,8.636486124,8.734025764,
        Laos,LAO,1.290651012,1.346981986,1.272813086,1.236285038,1.136849449,1.257408273,1.340964031,1.27142309,1.556929335,1.715240968,2.692985366,2.706163525,2.541077504,2.33582967,2.27808167,2.459341608,2.563740757,2.337578329,2.456370212,2.398597572,3.492671308,4.253356848,4.106082321,4.481229291,4.231959361,5.795256512,9.210670177,8.698216515,8.520079966,
        Latvia,LVA,--,--,8.731081384,8.664539604,8.36270658,7.526377345,6.993791812,6.647102863,6.065088601,5.646448587,5.350467494,5.421233393,4.979729866,4.736398744,4.696563092,4.418324612,3.867593803,3.491597347,3.334372256,4.024189549,4.462052096,3.762600307,3.751990337,3.510272664,3.287078188,3.19598151,3.270710138,3.349613082,2.964955978,
        Lebanon,LBN,3.64045495,4.011241107,3.525165986,3.992811007,4.159094687,4.19528092,3.997930546,4.529880546,4.40936687,4.543766279,4.053314308,4.153801481,4.047925152,3.967541173,3.701302988,3.446125612,3.145871912,2.547261682,3.015187017,3.382530986,3.026485533,3.030248918,3.307468107,3.176510337,3.194894847,3.517939722,3.563540645,3.771693361,3.626778558,
        Lesotho,LSO,1.14589441,1.118173769,1.114460754,1.111357387,1.196451962,1.158871051,1.068044429,0.970387077,0.887505343,1.257697408,2.170981586,2.118892621,2.176108765,2.117911621,2.051215079,2.364446188,2.399763263,2.987216528,2.373229254,2.74938045,2.790255927,2.405965181,2.370809066,2.368264205,2.389426146,2.299427906,2.348393693,2.843929319,2.619714149,
        Liberia,LBR,2.742660334,1.801116421,2.909491091,4.790506824,6.122967276,6.39582968,5.925206911,2.864663286,2.276269949,1.869758538,1.638004138,1.697451782,1.613739517,2.52995182,2.674352522,2.973413766,2.818901679,2.402020162,1.986179956,1.721730769,2.554926818,2.629159009,2.700207703,2.197269751,2.873294292,2.883829654,3.369433702,2.84198234,3.189319094,
        Libya,LBY,4.788356508,4.322218274,4.145903249,4.462965016,4.526592264,4.833825114,5.00198095,5.006208755,4.995241637,4.475830642,5.93804419,5.955377478,6.216803888,5.422069154,5.318719252,4.987316713,4.285332099,4.050949275,3.6687985,4.230372136,4.276182686,7.246093191,4.01792052,6.694163588,11.29564896,12.67914359,14.67087486,8.854462227,8.168335827,
        Lithuania,LTU,--,--,10.11690262,9.783461247,9.347089373,9.860561966,9.692034834,8.775865899,9.071426984,6.936341543,6.192787424,6.518022313,6.599683593,6.145005787,5.822927591,5.044994498,4.541194127,4.507790931,4.56658275,4.695845793,3.817770363,3.760355253,3.613391195,3.472180423,3.139560577,3.061329701,3.069017497,3.173847894,3.082245768,
        Luxembourg,LUX,6.24974932,6.169812087,6.043852824,5.882246251,5.539452122,4.761305441,4.800397082,4.49248952,4.146481157,4.021789996,3.958665553,4.02959992,4.092408206,4.213256417,4.564818516,4.481968539,4.206367009,3.814526136,3.846444759,3.798477179,3.849564492,3.695890527,3.6233873,3.392951001,3.15994506,2.995852504,2.867285982,2.916871061,2.942504082,
        Macau,MAC,0.933827876,0.887877444,0.810463933,0.845700137,0.86585235,0.868071843,0.963006331,0.990251349,1.10898063,1.206073649,1.107567932,1.108898785,1.096802381,1.008583164,0.946091898,0.899446174,0.844725596,0.755501973,0.650550293,0.685506238,0.565305734,0.467500444,0.431170708,0.394838035,0.435557868,0.605086996,0.619257535,0.691633427,0.60551348,
        Madagascar,MDG,0.777414756,0.859567286,0.919514277,0.910409534,0.990207167,1.021957089,1.028809465,1.015190202,0.992444027,0.950292003,1.285136497,1.189984502,1.049426692,1.223384298,1.264173165,1.1679149,1.091237804,1.101701712,1.093826015,1.005057519,1.0589283,1.168305648,1.339481136,1.373634632,1.443594937,1.530816519,1.558188071,1.318906346,1.2899004,
        Malawi,MWI,2.552355421,2.68323391,2.937130119,2.618119137,3.096019252,2.762079934,2.611469407,2.530734684,2.584318356,2.476017616,2.633377372,2.72276342,2.64550026,2.62923182,2.659893865,2.506381433,2.472704321,2.249479635,2.382327881,2.047102359,2.296941699,2.205561187,2.17389935,2.101347034,2.04607137,1.917093443,1.971191022,1.91721949,1.574794458,
        Malaysia,MYS,4.52159179,4.530441828,4.440645608,4.65260225,5.008454142,4.963243207,4.775020023,4.691800416,5.087072125,4.812364151,4.904821442,5.181914979,5.32082435,5.020957591,4.795737071,5.074518955,5.20362073,5.189158449,5.053408809,5.253226355,5.126234258,5.01729192,4.825597418,4.889164423,4.796507383,4.412925582,4.242346417,4.206669949,4.372057908,
        Maldives,MDV,0.763067372,0.713839538,0.672099415,0.743912379,1.388677311,1.777484904,1.724423951,1.374369755,1.408038173,1.326139376,2.696945882,2.354227784,2.624146034,2.005611845,2.474227099,2.578607645,2.591169731,2.49253028,2.475012819,2.834383098,2.671024124,2.658869132,3.301229131,3.244930268,4.050192302,2.943814958,2.932885884,2.833841246,2.582822593,
        Mali,MLI,2.486580176,2.1731851,2.383997043,2.300465938,2.152106555,1.573376008,1.356108803,1.232669033,1.183324226,1.045896749,1.508077746,1.330764486,1.248767637,1.109648281,1.227662396,1.274389414,1.305940358,1.388403307,1.516602129,1.687747357,1.664393663,1.667059204,1.594980648,1.576223505,1.603473888,1.547144818,1.446420094,1.37178792,1.271281662,
        Malta,MLT,4.469427921,4.434574065,4.452011722,4.50570027,4.686830597,4.158966914,4.149234115,4.221464017,4.271764754,4.55137918,6.27218363,6.986661768,6.647128346,7.425956201,7.780114794,6.422249369,6.400031195,6.653556871,6.637334369,7.154760179,8.092190997,7.655917611,7.013224899,6.312685868,6.002315951,5.992072041,6.415743568,6.587662403,6.480776983,
        Martinique,MTQ,8.225455636,6.513348913,7.011917383,5.782977895,5.552067013,5.532525863,5.30278212,5.203200352,4.986082877,4.824667317,5.572424005,5.306045869,5.473291485,5.212831757,5.033924669,4.731723527,4.603633986,4.739908318,4.775981832,5.099447993,4.861864639,5.003762733,5.085108466,5.146797142,5.259459768,4.518961345,4.609545275,4.40107076,4.437258424,
        Mauritania,MRT,1.756393418,1.805166603,5.743070713,5.552347358,5.711988899,5.277464968,5.046330997,5.264066627,5.141773877,4.959711939,1.83166204,1.927226639,2.040388798,1.974008186,2.031356637,1.934486264,1.593275409,1.850474185,2.283436051,2.26398934,2.189824424,2.262214793,2.396366117,2.082222646,2.396079969,2.304761147,2.114295387,3.163388064,2.840738573,
        Mauritius,MUS,3.323665404,3.223637384,3.617760507,3.468493088,3.319481971,3.408597774,3.234302724,3.09210294,2.996192925,3.220734183,4.029304497,3.979197589,3.846883891,3.710473826,3.665262504,3.859350659,3.832839186,3.762634216,3.669538489,3.431241192,3.546448079,3.490289109,3.395455165,3.333921282,3.309663296,3.316400848,3.321340842,3.461171103,3.468669956,
        Mexico,MEX,3.982843875,4.093815745,3.992968436,4.11497001,4.177516064,4.328590591,4.158333304,3.949126121,4.025377246,3.919810372,3.901277074,3.894253374,3.903519691,3.97975957,3.934542272,3.961296524,3.952003132,3.929924257,3.938205834,4.119113848,3.906338792,3.871675664,3.72534637,3.698288351,3.546535313,3.48630075,3.481284225,3.402152558,3.348602721,3.385586014
        Micronesia,FSM,0,0,0,0,0,0,0,0,0,0,0,0,0,0,0,0,0,0,0,0,0,0,0,0,0,0,0,0,0,0
        Moldova,MDA,--,--,0,0,0,7.544145885,9.164725375,9.916442002,9.869997717,8.341860618,8.488867824,7.823857588,7.992070372,8.324471611,7.238687795,7.371125452,7.444513625,6.289504496,6.024253339,5.774747306,5.333724768,4.883919478,6.718784726,6.061825283,5.521999107,4.952393463,4.740276242,4.608490043,4.704647545,
        Mongolia,MNG,19.46344758,22.24329242,21.94999522,20.76730969,18.92250124,15.50393235,15.59523366,13.70198715,13.46268837,13.12085591,13.54669412,13.37998622,13.74209724,12.29313913,10.90851821,10.54992184,10.46739128,9.96586352,9.040327689,9.279294454,8.498875558,7.525962554,7.190281155,6.839256534,6.197352166,6.012032255,6.313654566,6.487330419,6.58444131,
        Montenegro,MNE,--,--,--,--,--,--,--,--,--,--,--,--,--,--,--,--,6.24490368,5.259305567,5.544353839,5.076743446,6.172052647,4.933217574,4.92512579,5.124609165,4.496351942,4.473163975,4.340880953,3.871047611,4.401590836,
        Montserrat,MSR,0,0,0,0,0,0,0,0,0,0,0,0,0,0,0,0,0,0,0,0,0,0,0,0,0,0,0,0,0,
        Morocco,MAR,3.126542199,2.993670968,3.276463522,3.378064891,3.380701568,3.585765539,3.234783851,3.415428442,3.192416916,3.343121149,3.293735141,3.239281155,3.191591878,3.053750487,3.34839822,3.506815728,3.373217901,3.481434311,3.396018587,3.434130308,3.551692091,3.496106049,3.459033758,3.387364828,3.381211476,3.260708266,3.194889277,3.249585775,3.182251068,
        Mozambique,MOZ,3.11105641,3.042664808,3.198857154,3.119931225,2.832407705,2.919819021,2.744448056,2.933079419,3.312525038,7.19615408,9.75947497,11.01696823,9.905020131,9.410025305,8.90341029,9.162313392,9.101560644,9.428901619,8.172883562,8.271853201,7.836490499,8.200984769,8.244081194,8.191355009,8.327295735,8.345515483,8.08245039,8.126770714,6.414223886,
        Namibia,NAM,4.099864096,2.01374908,1.747952396,2.233488402,2.093117886,3.167419727,2.979885442,2.762018673,2.937764044,3.805626882,3.571057643,4.084910887,3.748220237,3.790961422,3.520034555,3.61881849,3.368190065,3.289191533,3.37726437,3.418272126,3.332661529,3.310175319,3.278387156,3.147050332,3.156207999,3.168698304,3.174705918,3.206404951,3.072529937,
        Nauru,NRU,0,0,0,0,0,0,0,0,0,0,0,0,0,0,0,0,0,0,0,0,0,0,0,0,0,0,0,0,0,
        Nepal,NPL,0.668656037,0.723894636,0.737070345,0.707992787,0.750578652,0.797001289,0.857651467,0.890901318,1.047213014,1.12169669,1.0947766,1.131562285,1.171595515,1.177789947,1.129860644,1.135216195,1.085184033,1.027207339,1.078694335,1.178914697,1.208457495,1.237375038,1.246153874,1.251944832,1.289309305,1.139579276,1.605481125,1.695428371,1.745881211,
        Netherlands,NLD,6.539395321,6.698465899,6.529204347,6.584289288,6.443982063,6.418707362,6.563391995,6.187648202,5.943403482,5.615543565,5.491437847,5.52224176,5.576786743,5.661853371,5.697264769,5.609860042,5.403544503,5.202963909,5.043754963,5.044180266,5.216441281,4.917335613,4.882103729,4.796374482,4.509489725,4.465043026,4.437751909,4.355263376,4.175973991,
        Netherlands Antilles,NLDA,NA,NA,NA,NA,NA,NA,NA,NA,NA,NA,NA,NA,NA,NA,NA,NA,NA,NA,NA,NA,NA,NA,NA,NA,NA,NA,NA,NA,NA,NA
        New Caledonia,NCL,0,0,0,0,0,0,0,0,0,0,0,0,0,0,0,0,0,0,0,0,0,0,0,0,0,0,0,0,0,
        New Zealand,NZL,8.366397509,8.595227318,8.552786727,8.274296152,8.202598837,8.037893203,7.83178846,7.595646574,7.366451643,7.285565265,7.1595231,7.089748318,6.958118164,6.377671764,6.282811086,5.966043835,5.841804172,5.642369726,5.70347838,5.648042372,5.692991992,5.57750427,5.396045556,5.375348966,5.472433733,5.214458849,5.120994847,4.981644454,4.719928047,4.61625721
        Nicaragua,NIC,2.716764914,2.603915304,2.925494722,3.02238109,2.982217558,3.012511665,2.985999111,2.953746771,3.081511124,3.086802412,2.938698381,3.029721726,3.064903667,3.171978785,3.134578604,3.055008172,2.947459848,2.92258693,2.856757338,2.957353615,2.92847808,2.897314799,2.746119708,2.776900361,2.803836698,2.937102414,2.810321699,2.684484051,2.752603547,
        Niger,NER,1.39371797,1.416897016,1.35598785,1.423685092,1.411637176,1.419784658,1.42538033,1.411047916,1.331863497,1.242581951,1.05820544,0.966000421,0.979122322,1.053780924,1.152270355,1.01157264,0.960748673,1.002369072,1.034127658,1.194093327,1.361181876,1.334874032,1.620239874,1.738700672,1.545584007,1.559337876,1.37524312,1.311666277,1.305105005,
        Nigeria,NGA,2.280605587,2.498218624,2.448017317,2.536850558,2.409116017,2.6812518,2.63677984,2.562568874,2.395514976,2.389624746,2.136174602,2.282471284,2.066569833,2.029342061,1.927732964,1.981022981,1.665295364,1.432205119,1.613448034,0.937132524,1.064317271,1.443132756,1.380760652,1.685988162,1.73168444,1.594167448,1.656032774,1.597331195,1.664940368,
        Niue,NIU,0,0,0,0,0,0,0,0,0,0,0,0,0,0,0,0,0,0,0,0,0,0,0,0,0,0,0,0,0,
        North Korea,PRK,19.29088627,20.08995449,18.17398593,20.93414893,20.95909546,25.8399904,25.76071345,26.61797089,23.82499841,28.680506,25.42312072,23.83006328,23.01419282,22.50998248,22.99100881,21.78790295,20.8652514,19.35754609,20.22221447,17.26597762,16.56250568,12.27908576,11.58617635,9.03299722,8.407763543,7.529946155,8.390336271,7.101476011,7.704092307,
        North Macedonia,MKD,--,--,5.683744412,6.300666078,5.586309155,5.826891017,6.332920643,5.785868202,6.502822987,5.886969479,5.42722409,5.190507915,5.07605184,5.380871475,5.376132634,5.237910368,4.969454094,4.720328146,4.397038484,4.303674719,4.513927723,4.592327849,4.246417698,4.079585328,3.914329264,3.866182529,3.718129756,3.552002643,3.458672669,
        Northern Mariana Islands,MNP,0,0,0,0,0,0,0,0,0,0,0,0,0,0,0,0,0,0,0,0,0,0,0,0,0,0,0,0,0,0
        Norway,NOR,10.02799027,9.207198956,9.407566149,9.115038057,8.526223662,8.70511202,7.832371419,7.682760032,7.749713882,7.905190661,8.06666617,7.567501814,7.647973443,7.086009606,7.113828385,7.246970221,6.401515258,6.805137782,6.689737315,6.6892212,6.520349808,6.261733439,6.489072295,6.279426852,6.296977208,6.103470412,6.123354432,5.877204148,5.780343029,
        Oman,OMN,3.655242755,3.624530363,3.532075145,3.717392001,3.730479451,3.357819829,3.362391255,3.670027143,4.621706041,4.023939249,4.59187038,4.624917627,5.021355372,4.99258474,4.924202049,6.176531249,6.677441257,6.600744762,7.679265467,7.183677418,8.28302044,8.25588406,8.942079918,8.518047844,9.177326873,8.787861209,8.205126202,8.607689311,9.45600385,
        Pakistan,PAK,3.685906578,3.713243611,3.608797462,3.789426126,4.020373258,3.950639683,3.990183043,4.004502534,4.004603326,3.964226221,4.005217125,3.727214462,3.674335301,3.442883761,3.45189558,3.553753087,3.786225071,3.730963362,3.650845994,3.569908877,3.630559502,3.493361609,3.586896741,3.390219514,3.386260968,3.404267445,3.509332807,3.526222276,3.579860572,
        Palestinian Territories,PSE,--,--,--,--,--,--,--,1.660174901,2.301221962,2.163363425,3.105763949,4.646590129,4.916462216,4.625563343,5.770090858,6.354042366,5.666863753,5.623343287,5.020576374,4.741955833,4.480771747,4.545800893,4.286097031,4.347340224,4.696509116,5.0226684,4.821683857,4.771144593,4.796330891,
        Panama,PAN,7.863430993,7.106378407,6.686632614,6.367093766,6.89068001,7.139988232,5.980978252,5.775617138,5.66504443,3.802210629,5.843274434,5.907482865,5.704615634,5.52309596,5.236554174,4.877834021,4.882539374,4.112691644,4.385489227,4.196823982,4.498671501,4.07656901,4.122225303,3.794793642,3.693479688,3.816065116,3.842100178,3.912430404,3.781072796,
        Papua New Guinea,PNG,4.091761639,3.695667951,3.421261046,2.940543598,2.658938087,3.191106167,3.124751241,3.162165938,3.042398387,3.023441546,3.531890425,4.041070781,4.145704772,4.509047575,5.010774409,4.65890465,4.668353665,4.666432567,4.670143786,4.507920088,3.945919236,2.777775959,3.745261582,3.868951298,3.531350597,3.094751047,3.595110976,3.119543223,3.31767197,
        Paraguay,PRY,6.640163715,6.810673558,6.3271691,6.802791712,7.456340126,8.04944501,8.293004081,8.759897045,8.916239427,9.458836354,9.661249957,8.663746231,9.029503628,9.176137139,8.753639004,8.397378436,8.389087725,7.991186352,7.73916503,7.690502728,7.000471157,7.072596065,7.310425283,6.808061064,6.119445533,6.096695881,6.690252915,6.120198521,5.938399448,
        Peru,PER,3.445492017,3.325841175,3.287528759,3.579001978,3.358718045,3.281109946,3.413277893,3.068846027,3.180022034,3.30236178,3.306595066,3.233758006,3.10222441,2.984170343,3.116207847,3.079623458,2.963929007,2.824146068,3.00375731,2.965616774,3.071310505,3.022995139,3.020976643,2.937042094,2.92182351,2.944008079,2.934840983,2.887323096,2.884153176,
        Philippines,PHL,2.612596367,2.646478226,2.785192985,2.962526789,3.032003527,3.108459595,3.154712249,3.20865748,3.372729944,3.366592657,3.308664246,3.092943712,3.037692869,2.928653136,2.867606992,2.614408167,2.467372332,2.371519951,2.409646082,2.271407066,2.215167052,2.178653678,2.133995207,2.131601572,1.991724553,2.187784978,2.168930774,2.184653654,2.145946073,
        Poland,POL,10.19359979,10.71141119,10.01169513,9.818060577,9.137999906,8.609779348,8.629096899,7.971459039,7.154283029,6.652196221,6.191849598,6.140519445,5.892638684,5.890781922,5.704508191,5.520039531,5.269144511,4.995907304,4.819822049,4.55761249,4.664417766,4.435638534,4.381719788,4.328291575,4.083574726,4.03599299,4.01312683,4.022100913,3.788636854,
        Portugal,PRT,3.375544641,3.326704827,3.345420209,3.427856757,3.522274188,3.442068034,3.463995622,3.430476441,3.519392701,3.542473051,3.568817615,3.556261955,3.523329541,3.664721188,3.582617673,3.556609959,3.462079681,3.414390667,3.28267971,3.378274311,3.475069413,3.381681147,3.248097593,3.482129883,3.45121299,3.37778915,3.43863929,3.290841118,3.191647653,
        Puerto Rico,PRI,4.657193316,4.534677211,4.359788407,4.164013199,4.004507752,3.830252062,3.75001123,3.573100615,3.388287115,3.199872699,6.003003525,6.145940574,6.252308987,6.504866615,6.520906449,6.444299198,5.936019125,5.796196402,5.527924327,5.277706368,4.493442172,4.883279149,5.142495842,4.524172052,4.35749158,4.408350671,4.185794685,4.190205657,4.554643023,
        Qatar,QAT,10.96452096,13.10103733,18.29685999,19.78763338,19.56481528,19.24540482,18.9608863,15.38006528,14.09740837,13.42817484,13.30098109,9.740956783,10.88059555,11.02582472,10.57644239,12.08541305,10.4273421,9.615533252,8.861280143,8.331991743,7.274773522,7.031783812,9.347481393,9.565864452,9.195967022,8.356129764,7.822925986,8.673837636,7.997864716,
        Reunion,REU,2.147371964,2.295131067,2.138189034,2.868166432,2.9177287,2.706595244,2.660711386,2.537343357,3.011858058,2.833230039,2.53193513,2.456332653,2.378164781,2.323205118,2.464448574,2.238245345,2.033312205,1.874000925,2.025606359,2.136369059,2.320561585,2.166669004,2.081085079,2.045987119,2.012970174,2.089202695,2.060704886,1.99263779,1.958660944,
        Romania,ROU,9.854985549,8.815767415,9.065950919,8.56146536,7.750674279,8.084906279,7.885239673,8.121066646,7.120390231,6.44665205,6.255560526,6.622298269,6.076476398,5.835995225,5.464208166,5.132983291,4.913737775,4.526113575,4.060548383,3.657187482,3.888902005,3.897184968,3.727713978,3.374622224,3.303991611,3.167470297,3.047059424,2.948561632,2.818280865,
        Russia,RUS,--,--,14.64011759,14.45219839,15.05080319,15.60620514,15.15678777,14.12936719,14.75759166,14.03567798,13.18637206,12.5675253,12.17079834,11.61227262,11.02278182,10.27000454,9.925648274,9.076452881,8.888077826,8.703078821,9.394935271,9.420234129,9.052470686,8.77984329,8.778180867,8.85333673,8.80987711,9.032003545,9.012644229,
        Rwanda,RWA,1.969206861,2.056810896,1.952006752,1.944567122,3.995550296,3.007389266,2.638509835,2.349340374,2.190300979,2.034318302,1.500611728,1.358695473,1.210233004,1.190347114,1.070215629,0.941546418,0.775967661,0.742742781,0.705843927,0.702761229,0.711380339,0.742734322,0.744162813,0.761996853,0.769642335,0.810394132,0.791921115,0.795889003,0.801511244,
        Saint Helena,SHN,0,0,0,0,0,0,0,0,0,0,0,0,0,0,0,0,0,0,0,0,0,0,0,0,0,0,0,0,0,
        Saint Kitts and Nevis,KNA,1.354180597,1.77781871,1.728646164,1.999784271,2.225662698,1.833770777,2.036968279,1.892726487,1.873549692,1.802473645,3.091384711,3.029966336,3.231342976,3.357943376,3.505322794,3.00238205,3.055925751,3.236694938,3.041670964,3.209461656,3.363698655,3.383670101,3.387198204,3.167255123,3.050558335,2.977684898,2.963052889,2.927102599,2.8729066,
        Saint Lucia,LCA,1.790619242,1.780141291,1.663153425,1.654626748,1.920771468,1.899277724,1.778813572,1.78063019,1.674089677,1.636768642,2.783689186,3.134790262,2.832864598,2.990970843,2.77610732,2.912550074,2.532861982,2.563489257,2.511922229,2.486675762,2.588616435,2.523077118,2.520936487,2.565082556,2.55605982,2.567455717,2.516059547,2.659586704,2.424013978,
        Saint Pierre and Miquelon,SPM,0,0,0,0,0,0,0,0,0,0,0,0,0,0,0,0,0,0,0,0,0,0,0,0,0,0,0,0,0,
        Saint Vincent/Grenadines,VCT,1.874383654,1.607734856,1.910931203,1.61626274,2.739322162,2.797574966,2.514540517,2.796806759,2.91581612,2.798291993,2.638819152,3.000852778,3.053207059,2.971154976,3.15108951,3.08601331,2.84233425,2.803301514,2.76248707,3.794474109,2.901627126,2.701243354,3.229901366,2.595169959,2.641516258,2.672313307,2.617251818,2.984088723,2.688164786,
        Samoa,WSM,4.073760864,4.177781385,3.739721952,4.039563928,3.796485106,3.581885285,3.413337205,3.421976995,3.463863101,3.566500686,4.099692844,4.151806068,4.1654315,3.959793612,3.798646473,3.65172356,3.725132102,3.893804017,3.850881239,4.012304877,3.944408077,3.925673382,3.908667142,3.886595751,3.934065841,5.120760985,4.344127213,4.237012407,4.335128526,
        Sao Tome and Principe,STP,2.452494471,2.554827223,2.540917521,2.506933368,2.970771226,2.912446371,2.876667908,2.839250606,2.74654596,2.725387531,2.198916814,1.993680091,2.212085011,2.303958276,2.510148573,2.477590589,2.414896744,2.433624917,2.427184474,2.519403714,2.544862236,2.52281246,2.58438588,2.465845796,2.314058178,2.328840424,2.309675344,2.261876246,2.162898355,
        Saudi Arabia,SAU,4.518530205,4.104563008,4.162736953,4.327584953,4.416946431,4.341723857,4.548508282,4.772754826,4.82852131,5.37628265,5.343947452,5.616908064,6.012739369,5.651018132,5.718514069,5.738656134,5.81213255,5.887421762,5.961096332,6.340043046,6.625224909,6.298079783,6.353448875,6.185163667,6.312944732,6.233987419,6.024999381,6.349369922,5.764236866,
        Senegal,SEN,1.947324012,1.751467854,2.093952482,2.153998061,2.599368713,2.667524748,2.637069932,2.337454085,2.348475427,2.433199462,2.667097809,2.786444125,2.889445605,2.758708917,2.789067364,2.77435007,2.662432495,2.791944625,2.809050176,2.601823023,2.606164017,2.705370326,2.52187461,2.547084709,2.653579383,2.894236877,2.627215101,2.600212052,2.520014845,
        Serbia,SRB,--,--,--,--,--,--,--,--,--,--,--,--,--,--,--,--,7.608537872,7.119881563,6.713912159,6.589704467,6.750031317,6.686320722,6.340218977,6.141668033,5.559214985,6.0455981,5.987871765,6.03408746,5.776503583,
        Seychelles,SYC,6.563375744,7.24320063,6.698451895,6.485203911,6.53808189,6.810691106,6.702907435,6.169335489,5.546577687,5.441294222,8.933850351,9.829650556,8.452746976,9.001748814,12.82309323,10.71535706,10.36720031,7.740147895,8.60422214,9.404567619,7.982746842,6.591568301,7.31837743,6.231906348,6.972824734,6.885586445,7.307973865,7.276611155,6.976538924,
        Sierra Leone,SLE,2.244278918,2.322811701,2.073140939,2.041689763,1.976579499,2.470859298,2.392595701,2.672371227,2.625523291,2.678534491,1.175878075,1.604288274,1.278061362,1.204936379,1.195509668,0.969649842,1.20278187,1.028486128,1.019435144,1.011988055,1.060150369,1.265968406,1.221611075,1.180553706,1.243033674,1.27354425,1.234191869,1.165458108,1.15575479,
        Singapore,SGP,7.239644268,7.04433039,7.603392583,7.398914761,7.613769109,6.842858962,7.534048611,7.461522604,8.068985171,8.107425363,7.531143492,8.04529162,7.650967631,8.12068785,7.979230366,7.693407891,7.638191096,7.608717782,7.708473295,7.700292531,7.584163491,7.63983515,7.362089197,7.112756268,6.905618399,6.835739987,7.01965002,7.042223432,6.952237769,
        Slovakia,SVK,--,--,--,13.31670904,11.74860353,11.68248916,10.62235166,9.733292421,9.206401614,9.114193986,9.091789845,9.252833125,8.89235252,8.269134744,7.71177157,7.43217564,6.800975404,5.9572588,5.713026188,5.427852143,5.42400475,5.126532342,4.836879048,4.801068401,4.439164389,4.366429636,4.293348142,4.302395515,4.111027031,
        Slovenia,SVN,--,--,6.779417426,6.981127782,6.923411112,6.690912631,7.166163203,6.477461829,6.28424795,5.920530905,5.64694057,5.67211892,5.487492028,5.26773288,5.376939639,5.173690883,4.910563048,4.578030163,4.799062158,4.722087941,4.714157744,4.571882489,4.604397666,4.524048389,4.459235395,4.081813772,4.170314782,4.056783538,3.971636413,
        Solomon Islands,SLB,4.181196348,4.077196057,3.669875943,3.600203943,3.331058605,3.028452717,2.987592599,3.032869161,2.939011126,2.985346448,3.725964434,4.11899146,4.235720044,4.111948549,3.81310784,3.378943625,3.314577913,3.131922057,2.943888064,2.931837221,2.747851631,2.547952618,2.503493588,2.52258305,2.533809591,2.485306718,2.077588136,3.077463042,2.275685471,
        Somalia,SOM,1.59232748,0.958484234,1.012212562,1.065317975,1.348495877,1.348495877,1.30143713,1.333927962,1.301440544,1.261084885,1.53147004,1.51153965,1.578787224,1.539284363,1.482015492,1.452771542,1.429549809,1.413338961,1.362940119,1.324872036,1.323571196,1.290030416,1.279014515,1.255693521,1.22678274,1.230267272,1.223459675,1.206882192,1.178580304,
        South Africa,ZAF,10.24004496,10.34362599,10.6193531,10.66641751,10.59185241,10.85617102,10.77282046,10.89434947,11.06896911,10.51683873,10.35956573,10.00574828,10.02818131,10.20967032,9.936764534,9.624092289,9.238198884,9.266861711,9.091214766,9.070385284,8.997683207,8.598704634,8.514286832,8.357253438,8.165621128,8.048495495,7.942672727,8.099177558,7.65581465,
        South Korea,KOR,7.673231998,7.721395796,8.094918643,8.22256878,8.06905493,8.027728065,8.041644826,8.159551833,7.925640957,7.803386181,7.682749506,7.525541527,7.076081754,7.129728473,6.91243096,6.848831546,6.622282424,6.496820255,6.405233077,6.42015777,6.53289016,6.553508844,6.516865525,6.303098463,6.163343413,6.163331125,6.174996642,6.015781488,5.88431997,5.661063185
        South Sudan,SSD,--,--,--,--,--,--,--,--,--,--,--,--,--,--,--,--,--,--,--,--,--,--,1.259119068,1.02981033,1.035164938,1.270509094,1.469472399,1.317253641,1.106510041,
        Spain,ESP,4.014812104,4.09849685,4.072889131,4.008705003,4.064208775,4.130168969,4.121087558,4.199544138,4.218895015,4.159522027,4.1834958,4.204633038,4.169415166,4.221404302,4.287165645,4.227936375,4.073487205,4.036753888,3.847202706,3.730801869,3.827505007,3.670576176,3.697626,3.680746716,3.589034218,3.453523149,3.437079821,3.354347427,3.340237707,
        Sri Lanka,LKA,1.743680777,1.549315533,1.628235508,1.788938098,1.805792866,1.802980104,1.633425557,1.626111649,1.716145116,1.7694319,1.812620972,1.802209233,1.754591883,1.698554354,1.673424584,1.656338689,1.547013974,1.483045184,1.389414701,1.274869819,1.364699275,1.388441546,1.325549225,1.304098608,1.332819447,1.433424909,1.445205297,1.389746194,1.388546984,
        Sudan,SDN,1.477106709,1.910110972,1.654637486,1.500678562,1.365687893,1.188612681,1.140801306,1.052537024,1.010455534,1.059779924,1.435196697,1.447829237,1.610557541,1.550203543,1.636376045,1.767242676,1.914376815,1.822083383,1.842165304,1.922268806,2.103928007,2.029853997,1.945185275,1.911633898,1.831343363,1.820050945,2.040659564,1.991699513,1.925191887,
        Suriname,SUR,7.254247942,7.246614303,7.045651499,7.742218509,7.500131639,7.199869729,7.040768396,6.807609136,6.648550192,6.784874465,5.511556242,5.222638782,5.63671204,4.698475796,4.930745341,4.828289568,4.975453804,4.425132711,5.027109306,4.963170875,5.668496607,4.357239579,4.592634712,4.203310899,4.036958348,3.948077634,4.221818976,4.661897449,4.62296059,
        Sweden,SWE,7.907025064,7.996065744,8.255971588,8.328777702,8.109195634,7.939626287,7.709575301,7.61159022,7.560669078,7.142477251,6.539594801,6.829110133,6.343162275,5.899411149,6.080763122,5.977736967,5.466727378,5.319394852,5.300721931,5.090537889,5.173925174,4.885569902,5.048978767,4.766904866,4.588944374,4.478046789,4.403292934,4.396784689,4.137500521,
        Switzerland,CHE,3.162006232,3.320774998,3.366167191,3.350635847,3.3661572,3.327045827,3.240810787,3.233761661,3.201869926,3.307078891,3.108027501,3.201059231,3.025380542,3.061256561,2.964730461,2.816965508,2.756162979,2.647709891,2.647324411,2.639992622,2.614856877,2.411827041,2.471938436,2.471312599,2.309857457,2.214168086,2.125967723,2.072335018,2.044819737,
        Syria,SYR,13.8746984,11.92490496,10.82891479,11.42326282,11.32502687,10.18077475,9.995589759,10.11423172,10.1955389,10.88159183,10.42425202,9.924726261,9.959293395,9.614729666,10.00569062,10.64283462,10.55865614,10.30837663,10.01497645,8.848722839,8.852974641,7.670277561,8.085438313,8.005433584,8.335075187,7.905779484,8.021241342,8.193687419,9.33784141,
        Taiwan,TWN,6.099016581,5.773444449,5.63286091,5.615690792,5.608701038,5.685860268,5.782038192,5.653191628,5.756533208,5.633053405,5.667981731,5.921352713,5.867842249,5.909534434,5.739912206,5.543450529,5.351065128,5.244253093,5.010729164,5.014108917,4.862884437,4.65386028,4.48615699,4.401017147,4.323820834,4.252457932,4.25271572,3.84665818,3.951770656,
        Tajikistan,TJK,--,--,18.74031555,20.70536842,25.50850481,24.04439972,31.8073807,29.73922555,29.15970048,31.75636874,23.07618286,22.05105699,20.47306079,19.3771592,17.89520485,17.14364616,15.73093619,13.76660474,12.33334504,10.64408779,10.32368285,9.955343718,9.780021333,9.431976663,9.03148752,8.533895833,8.214154326,7.541607448,7.448194244,
        Tanzania,TZA,1.587185601,1.425351491,1.488434444,1.533042474,1.355637491,1.297763843,1.314355339,1.181248251,1.316161759,1.319345479,1.292834638,1.403943702,1.442437134,1.366652655,1.549799071,1.522688403,1.470495666,1.491311276,1.471532055,1.377553819,1.494904102,1.39970233,1.638138688,1.602067261,1.569152069,1.523408052,1.564977266,1.340281498,1.344357017,
        Thailand,THA,3.193152929,3.21479986,3.198150604,3.381145338,3.484623797,3.646008446,3.89593555,4.285677806,4.357220008,4.256952377,4.269410031,4.370227961,4.59750623,4.692828448,4.770412426,4.709990037,4.576324857,4.484641009,4.444510456,4.649568264,4.695061985,4.776694839,4.738449007,4.878476618,4.854425993,4.744083114,4.733743655,4.639722446,4.568764916,
        The Bahamas,BHS,4.446937537,4.116524635,3.621342603,3.812137056,4.105730303,4.700835411,5.084678588,4.855728622,5.265905995,4.322856954,4.926811791,4.892788052,4.940906428,3.495414858,3.840359306,3.571365227,4.046269368,4.593287652,4.595306816,3.605234194,3.699418377,3.246336608,3.639653878,3.479333169,3.380828084,3.224469337,3.32764526,3.848223294,4.058158283,
        Timor-Leste,TLS,--,--,--,--,--,--,--,--,--,--,--,--,--,1.235543108,1.33254015,1.297994171,1.381012956,1.296819354,1.280088009,1.302335866,1.238410529,1.214445932,1.354586112,1.997999812,2.195252031,2.091561424,1.977935317,2.103802356,2.155395173,
        Togo,TGO,1.731349331,2.860128597,2.194953638,2.254251812,2.051313719,2.107985146,1.876887451,1.710058941,1.918431115,2.639915517,2.519310744,2.154955521,2.350888358,2.646580829,2.669707222,2.726760806,2.339588403,2.854051302,3.275760809,5.487956206,4.928299753,4.11271133,3.309671336,2.898995862,3.092583251,2.695610723,2.565573752,2.508442531,2.172250559,
        Tonga,TON,3.699239396,3.531003058,3.348880164,3.221170578,4.171021016,3.663955758,4.160259981,4.381280541,4.354337979,4.256685828,3.196609838,2.837738719,2.944595261,3.626005602,3.42264953,3.659991147,4.20927857,3.696034864,3.810335878,4.362529221,3.939001567,3.489565012,3.508219404,3.393984622,3.595968667,3.702868217,3.680469026,4.208918155,3.617580436,
        Trinidad and Tobago,TTO,NA,NA,NA,NA,NA,NA,NA,NA,NA,NA,NA,NA,NA,NA,NA,NA,NA,NA,NA,NA,NA,NA,NA,NA,NA,NA,NA,NA,NA,NA
        Tunisia,TUN,4.631684594,3.68530689,3.945852299,4.407626143,4.626947643,4.082533084,4.093843408,4.510809009,4.627577178,4.396130551,4.382894447,4.687210939,4.578902438,4.31080978,4.137207591,4.33900518,3.888248299,3.24682958,3.602513605,2.915987683,2.890563272,2.812135874,2.964192617,3.069148664,3.280383254,3.355175916,3.311485474,3.430080779,3.398700431,
        Turkey,TUR,2.794834989,2.831247753,2.850513841,2.904646374,3.001514832,3.115189281,3.182955167,3.097364291,3.198374325,3.234754346,3.272705088,3.175522652,3.240808482,3.229107534,3.097038639,3.024209375,3.092412967,3.165313584,3.064846629,3.257146363,3.12932456,3.009101186,3.01738394,2.796511042,2.733586696,2.843664007,2.887686123,2.871108622,2.757493709,
        Turkmenistan,TKM,--,--,13.16777126,12.26707642,14.54047698,16.8410788,15.65786493,18.12786489,15.63306106,15.23203723,20.73195834,23.29776312,27.46070124,33.45136509,33.43603046,31.3156989,21.89289512,18.86916607,13.4232647,20.67310474,22.22925138,22.5155769,23.31170687,21.70700541,20.1263063,23.07793235,21.68577465,20.17145095,19.0267887,
        Turks and Caicos Islands,TCA,0,0,0,0,0,0,0,0,0,0,0,0,0,0,0,0,0,0,0,0,0,0,0,0,0,0,0,0,0,
        Tuvalu,TUV,0,0,0,0,0,0,0,0,0,0,0,0,0,0,0,0,0,0,0,0,0,0,0,0,0,0,0,0,0,0
        U.S. Pacific Islands,USIQ,0,0,0,0,0,0,0,0,0,0,0,0,0,0,0,0,0,0,0,0,0,0,0,0,0,0,0,0,0,
        U.S. Territories,USOH,0,0,0,0,0,0,0,0,0,0,0,0,0,0,0,0,0,0,0,0,0,0,0,0,0,0,0,0,0,
        U.S. Virgin Islands,VIR,NA,NA,NA,NA,NA,NA,NA,NA,NA,NA,NA,NA,NA,NA,NA,NA,NA,NA,NA,NA,NA,NA,NA,NA,NA,NA,NA,NA,NA,NA
        Uganda,UGA,1.206665232,1.209511593,1.323372795,1.231631984,1.197267105,1.082273893,1.033753039,1.045110448,1.066090944,0.988907593,1.163161417,1.127342904,1.062568829,1.05237641,1.049702297,1.122187744,0.98258144,1.093482616,1.038734559,0.983078515,1.053276873,1.017529328,0.960275992,1.073499372,1.182759799,1.075502379,1.19248125,1.211649465,1.096136159,
        Ukraine,UKR,--,--,14.95856729,16.72593107,18.4278695,19.57734807,19.66649532,19.84256911,19.51657605,20.1781943,18.49103815,16.63574565,16.29045596,16.04631916,13.03793283,12.65394777,12.24621634,11.93996596,11.43327498,9.937516988,10.56235072,10.9698759,10.00874293,9.494948981,9.080277453,8.829814251,8.700092187,8.05102683,7.922390373,
        United Arab Emirates,ARE,6.073214315,7.304220988,7.711398328,7.060526714,6.514057646,6.580733642,6.471711725,6.334057061,6.565190557,6.469322994,6.545897139,7.007933486,7.151776237,6.769472673,6.536412637,6.433693588,6.189535299,6.598965944,7.386898353,7.645411843,7.793734838,8.097475874,7.665545505,7.62100436,7.259079642,7.848061671,7.644118643,7.401828374,7.197869864,
        United Kingdom,GBR,5.476531318,5.722495458,5.660104137,5.609263641,5.418398814,5.304058114,5.457893644,4.992924995,4.861471485,4.736239444,4.571527891,4.51196497,4.358889396,4.254923687,4.173577895,4.05604788,3.912420533,3.690053315,3.657480346,3.601545799,3.673643968,3.395895538,3.400367867,3.327775139,3.062277081,3.015526019,2.925275963,2.863323381,2.813156333,
        United States,USA,8.605876861,8.609856923,8.449414337,8.370932934,8.20513702,8.165531363,8.12862135,7.829947733,7.526866931,7.305406341,7.176094196,6.918246995,6.907091957,6.73983516,6.633603453,6.416677211,6.198659664,6.168301353,6.030120229,5.889439609,5.952084515,5.822137963,5.546062845,5.604028262,5.544099149,5.348507527,5.258744536,5.156550416,5.193255099,5.033412477
        Uruguay,URY,3.863825384,3.312015455,3.541677228,3.528083469,3.249323602,2.924924827,2.896234612,3.014982285,3.610512991,3.302099696,3.484064199,3.96711055,3.817582695,3.803461489,3.48567336,3.500941097,3.064729824,3.405280927,3.374724899,3.396230585,3.295050308,3.06909371,2.973414471,2.96637439,2.956125025,3.03448773,3.031270611,2.879525874,2.939561538,
        Uzbekistan,UZB,--,--,25.70221592,32.87755751,29.11802645,31.17107695,30.73021279,29.27207197,27.58253276,26.53664272,26.91165279,26.89581127,26.42499291,25.83376569,25.23976239,22.20262982,20.89438247,19.07105734,18.00647463,15.09987067,13.84295244,13.98480019,13.01023501,11.01913987,11.28009653,10.09294343,8.369748364,8.430575494,7.905965365,
        Vanuatu,VUT,5.227966468,3.898299811,2.059402781,1.965901147,1.917119947,1.831460445,1.790098066,1.744363473,1.707910762,1.69459034,2.906087274,3.304570381,3.207373022,3.666995637,2.838171784,2.695284115,2.304858496,3.553023069,3.291113063,3.681687559,3.744445894,4.279167258,3.528176623,3.351970383,3.741624718,3.518301919,3.430385479,3.55191758,4.466727083,
        Venezuela,VEN,6.681252441,6.473490114,6.127616201,6.316237406,6.857296753,6.70238483,6.985996088,6.976344524,7.349063356,7.34524061,7.318326328,7.762950663,8.115103612,8.102962495,7.716202834,7.094871858,6.808821594,5.91169783,5.957735285,6.033999787,6.120312333,5.924917293,6.080675701,5.679890808,5.615290275,5.993244864,6.926569463,7.726641089,9.243563324,
        Vietnam,VNM,1.70988888,1.784605018,1.810399084,1.954344839,2.008932645,2.231969386,2.425822721,2.293542987,2.301854177,2.453365598,2.482072595,2.670855506,2.873072416,2.934885101,3.410665327,3.368311039,3.330864317,3.385963942,3.498723259,3.564567888,3.639113979,3.897608338,3.948123703,3.678057868,3.902203153,4.033614053,4.199513229,4.154643607,4.198401822,
        Wake Island,WAK,0,0,0,0,0,0,0,0,0,0,0,0,0,0,0,0,0,0,0,0,0,0,0,0,0,0,0,0,0,
        Western Sahara,ESH,0,0,0,0,0,0,0,0,0,0,0,0,0,0,0,0,0,0,0,0,0,0,0,0,0,0,0,0,0,
        Yemen,YEM,3.612603772,3.726983598,3.72415973,2.94860963,2.733266636,2.598176576,2.168532529,2.126174722,2.197786364,1.578917538,2.367476449,2.404904222,2.309472944,2.503721322,2.526384721,2.532488573,2.418111792,2.481259653,2.504909353,2.664810349,2.502877787,2.476636521,2.100102024,2.861096825,3.029646525,2.352042829,2.204398139,2.2593944,2.144375435,
        Zambia,ZMB,1.573731142,1.544509706,1.612182774,1.442992277,1.570990247,1.466920978,1.313752715,1.369107992,1.345602944,1.247366474,1.206697729,1.199166047,1.186475116,1.149399323,1.106031322,1.085665087,1.040268282,0.906604177,0.869706355,0.809776721,0.769541559,0.816669311,0.815506243,0.82309932,0.84299666,0.792468097,0.724117735,0.80529255,0.870218998,
        Zimbabwe,ZWE,11.4435188,11.08824739,10.96643742,10.36219634,9.37451834,9.274591363,8.683143312,8.447184827,8.472549715,10.12354483,10.34618699,9.787197653,10.34768555,10.8622593,10.44325898,11.25432148,11.70513456,11.88609083,10.39742939,6.444884241,6.020280294,5.747513022,5.336970609,5.319145372,5.122936676,5.052573686,4.277695378,3.991066356,3.847993945,
