Report generated on: 11-03-2021 14:17:58,,,,,energy consumption per capita (MMBtu/person),,,,,,,,,,,,,,,,,,,,,,,,,,
Country,Code,1990,1991,1992,1993,1994,1995,1996,1997,1998,1999,2000,2001,2002,2003,2004,2005,2006,2007,2008,2009,2010,2011,2012,2013,2014,2015,2016,2017,2018,2019
    World,WORL,66.82609946,65.64489396,64.42675437,63.76325701,63.52390839,64.35197207,65.14418739,64.44584718,63.97972606,64.3472799,65.58230924,65.21529047,65.78182464,67.24581172,69.86119524,71.2522155,72.58701354,73.66017202,73.77887082,72.20115033,75.96360079,76.97258052,77.61596121,77.98722153,77.71627646,76.85637556,76.03018207,77.20580122,78.54297439,
        Afghanistan,AFG,8.726854929,3.567049986,2.159522678,1.964311752,1.76163254,1.399640724,1.318606693,1.222982175,1.167280814,1.141622409,0.971032813,0.736543271,0.668538662,0.750363352,0.663803458,0.818418772,0.999817588,1.263988094,2.111169811,3.357966758,4.061555521,5.347433782,4.736874741,3.858252761,3.425562202,3.669774051,3.32294193,3.442277742,3.431824791,
        Albania,ALB,34.94914184,29.3633976,25.93779776,23.10761606,22.30344023,24.91219934,27.54142926,25.1461162,26.9529415,24.16377954,31.32934599,29.69081468,32.19567774,36.4084849,38.69708632,38.70388542,36.7250145,31.91345181,35.21682764,38.70478493,42.92865789,36.33356363,35.68232324,43.75971322,40.00197936,40.23404178,44.90183992,42.88514047,48.24413952,
        Algeria,DZA,47.2719997,51.28774778,48.1649809,43.32073564,43.70745074,44.83447467,43.17811189,40.47113202,41.42707362,40.69098875,41.04544489,40.55701132,41.04380659,41.00896286,39.62443331,44.96168017,46.36273996,45.3579839,48.29804594,50.49330479,49.41325393,52.86187308,56.12587571,53.42370884,59.08736571,59.19709605,57.60964834,57.04872044,59.59042129,
        American Samoa,ASM,173.4120065,168.6461594,169.2624398,161.0387254,153.6343847,146.5542554,144.0963402,144.9373114,142.4860385,140.283482,135.5407745,133.9813164,134.8563238,133.8953954,133.4982928,142.0953183,145.6165175,147.4677546,150.1171676,151.8436833,153.4791187,88.08459434,88.47190675,88.15732227,88.03407173,88.00091537,88.35445013,88.30472664,88.48279628,
        Angola,AGO,6.718935398,6.812131049,6.689228629,6.357411916,6.005854315,6.238312774,5.806087232,6.315155017,5.503247441,5.946264412,6.752911822,7.09457362,7.312659828,7.845411732,8.381498845,6.887931408,8.375992178,9.279723789,10.48021099,11.49156114,12.1517048,12.28436474,12.37618379,13.36731054,14.2070584,14.33703516,13.57059391,12.63079827,12.61689055,
        Antarctica,ATA,0,0,0,0,0,0,0,0,0,0,0,0,0,0,0,0,0,0,0,0,0,0,0,0,0,0,0,0,0,
        Antigua and Barbuda,ATG,95.4460828,93.28069747,91.76333983,89.82143239,94.40721953,98.85294437,97.04518152,97.69271284,95.73145205,93.8476469,95.90303696,94.54593024,99.94587397,103.6046289,105.9979484,106.1777286,107.6955509,111.1010459,111.9041188,115.4684139,109.9804312,108.3077433,109.936928,108.6138911,109.7214814,110.9781155,111.6047367,105.1594256,107.6605694,
        Argentina,ARG,57.65640313,59.47710205,60.90594591,64.94014374,64.80172548,66.03614469,67.66628139,68.76621184,71.03404036,69.95252,74.86106566,72.67380878,67.65413379,72.57971984,77.18214404,80.26877898,84.54451035,85.13571691,87.64610106,84.87760298,86.89885431,87.82366214,88.75141184,89.07745894,88.4305476,88.81693863,87.9768686,83.2752293,80.56202018,
        Armenia,ARM,--,--,57.24214004,44.59780018,40.83368782,40.8787341,53.14039133,45.2860181,48.5042087,30.168808,32.65152041,32.30971515,31.11986032,34.40251291,35.88643368,41.84289894,42.10325754,47.6595456,46.39073002,41.72986207,46.64952181,49.12657667,51.91738085,50.69903785,51.41417723,47.4258432,47.58873343,50.56757357,49.63777836,
        Aruba,ABW,125.8314326,132.0165615,137.3243494,131.3355542,136.1917331,147.1968514,93.6484087,147.482152,144.3898933,141.5853116,165.8782267,167.8929486,169.715555,185.051726,189.6013365,202.1230854,200.1333941,205.426089,192.7167051,191.9618908,179.8237126,142.5204528,177.7569074,171.0545632,172.7100535,176.6210154,170.7080035,175.9138985,169.1936243,
        Australia,AUS,229.7155435,225.1382755,226.768715,226.964638,229.5874678,235.9161392,242.6776229,245.1552122,253.9623983,257.9035821,254.1266001,254.0934644,259.4906651,256.6254342,261.2036374,264.8396841,265.4289329,271.0386714,263.6016457,264.5702268,254.8414549,255.0782384,253.7041743,249.3606294,243.4459685,242.3797043,243.7929286,245.7318367,239.0877637,245.5006373
        Austria,AUT,150.9058582,157.2248035,152.2282627,154.2438977,153.1662029,160.14153,167.0244426,166.910461,169.7362986,171.4132249,169.5824125,176.9120268,175.9771166,178.0098129,183.219108,188.8084714,186.8609083,182.9503871,182.6464157,174.3330021,178.3947628,169.5392052,173.7749552,173.646886,166.433681,164.8441717,166.9297404,169.3354478,164.9357776,170.0757186
        Azerbaijan,AZE,--,--,132.65353,111.2924599,98.82335569,93.63909769,81.88432172,80.54394716,68.39851667,69.98863338,62.46888898,54.36452193,64.25672548,67.87080516,74.09466264,75.90936266,76.10941938,62.0069107,65.67239883,60.91991712,64.95075133,60.73010187,65.1140014,60.44778814,61.54990419,64.25576888,62.54576093,61.61714252,61.18921821,
        Bahrain,BHR,547.3073971,596.2364824,487.1994921,567.0924538,544.9232405,532.7237254,515.0273669,558.7863597,527.839728,491.6743831,605.4439965,589.2220028,593.2834993,576.1062051,553.8712339,575.857991,568.619517,539.5062361,532.103588,493.3297439,478.3799478,486.6064221,516.7010011,554.3410978,523.8711333,506.9909527,486.545104,475.0945486,480.4392617,
        Bangladesh,BGD,2.317566798,2.410375137,2.647463237,2.80305307,3.037431038,3.25234956,3.30651486,3.323036999,3.483920979,3.838730893,3.99903397,4.297432664,4.439495822,4.802497506,4.891278482,5.123497627,5.450782459,5.654607264,6.043859348,6.291395158,6.561404985,6.823043818,7.269839161,7.354913949,7.677652168,8.489657307,8.973519627,9.143376923,9.614602053,
        Barbados,BRB,71.94275071,72.47298767,76.2721451,74.05508925,69.96148298,72.31890863,64.666605,77.5233688,78.40445591,81.74229182,87.53601782,87.27223325,87.56106316,88.20187865,88.55192956,88.90208384,88.7330421,84.28677981,98.94247739,92.86366028,89.17371653,93.30590717,87.47535098,88.64792872,76.95016998,81.71096181,83.43941659,78.70469176,83.70210589,
        Belarus,BLR,--,--,147.9147161,126.3550836,104.7159529,99.1155738,99.47116735,98.98574426,97.35571537,101.0917028,110.5060343,102.8927319,100.5948588,106.0513158,99.91400602,113.0265141,121.1813179,118.0410358,119.8528572,111.7625862,119.1403726,123.3219952,124.3667882,118.7132741,118.8125596,101.0107628,99.96927763,99.54199784,105.531797,
        Belgium,BEL,222.068502,229.0850832,228.4184392,224.247925,237.8643661,240.9735047,254.3571522,254.9841822,260.6338737,258.2976502,263.5898878,262.1005348,259.5183433,266.7606543,269.1369663,265.0495872,262.5715339,261.7865739,267.7459592,242.337026,257.5948592,238.2942796,230.2055876,236.0957595,219.4992799,220.8954668,233.2175058,233.7022995,234.3539135,237.7555547
        Belize,BLZ,26.07453008,28.98640792,23.89849091,23.43852511,21.91455741,26.41044261,22.84990305,34.03374862,32.20930266,32.27559342,33.29991577,35.5403904,33.43340738,31.94293246,29.98654233,31.28485282,35.05919099,32.22880039,30.37751981,30.87064721,35.76375944,30.46341278,30.92090028,32.94408431,32.05428716,34.69568971,34.03171461,37.07580461,32.48904751,
        Benin,BEN,1.752359953,1.980104826,2.124834231,2.256111819,2.280993873,2.382089306,2.519833581,2.64456923,2.767770263,1.319238937,3.411573322,3.767210719,4.186919493,4.715654764,4.824927312,4.39769138,5.838961477,6.698699011,6.659763236,7.188876457,8.016396562,7.266581028,6.706384321,6.64500826,6.832509696,7.34991114,9.034838015,8.9909299,8.746353121,
        Bermuda,BMU,151.0720016,131.5828303,102.2049201,118.0726468,113.1336009,115.37642,118.4571498,117.5581973,116.981962,116.4115769,126.6096606,127.9307807,134.1183778,133.307682,137.5143242,144.2622164,163.3619341,190.2421215,182.4717361,143.9609758,169.9578202,110.4116255,120.033097,121.2051265,157.801777,133.4049006,170.5555463,168.9949783,175.6218739,
        Bhutan,BTN,23.98058073,24.38262113,24.72812492,24.78895262,26.45804397,28.21404546,30.29292628,29.90637248,28.6646753,28.39557939,28.71160364,31.0882506,33.74321381,36.88951429,34.85782833,38.79564098,62.13987856,76.78564639,78.48594851,80.5117395,85.28815344,81.97463437,78.6861035,86.12152352,81.48469771,84.34252623,85.69534652,84.1319248,78.46369066,
        Bolivia,BOL,13.43914672,12.94752855,13.68857845,13.22447299,14.46673568,16.24025682,15.58713213,17.13307293,15.57958156,17.16110845,17.66716321,14.83367539,15.87895899,20.95604584,21.34243912,20.53919158,22.21516992,23.46227177,23.67823013,22.95096698,22.90807661,23.32928016,27.21392613,27.14880467,26.96576239,27.91726597,28.49030883,27.68226525,28.18580544,
        Bosnia and Herzegovina,BIH,--,--,35.13697884,26.34414403,28.71585492,48.9498256,30.9712953,44.51515565,52.59668081,53.22569284,58.82849118,58.45776194,58.69407854,51.17154897,52.82057791,48.79516926,49.87215368,47.67269369,54.02225935,65.2738677,70.44900344,69.08419059,68.25152031,70.52542244,69.4593911,70.63373196,73.14265448,73.33672588,75.1158908,
        Botswana,BWA,23.7367754,24.10412898,28.44063749,26.89480088,26.11978669,25.80287341,23.86926989,24.03076159,25.18377845,23.31675739,29.7935528,30.73386104,31.68438498,31.83105304,30.79695326,32.12307504,33.62716232,33.80064323,34.42323922,31.56641176,31.97049062,33.0634775,32.29006152,31.69652655,31.43781714,37.72702776,40.78244066,36.72093688,35.08315233,
        Brazil,BRA,41.48559609,40.28191075,40.34886538,41.18335747,42.51111592,44.44879389,46.48755216,48.09493771,48.87909251,49.2157946,49.89822939,47.99756997,48.27774469,48.44702358,49.98764285,50.95931517,51.70907124,54.37121267,56.27951773,55.1749827,59.9024496,61.63368007,62.46395468,63.80067392,64.81358028,63.36387193,61.68853674,61.8804943,61.09785961,
        British Virgin Islands,VGB,37.78214155,36.69527814,35.92031917,35.1792511,34.65344417,34.22447162,43.8147553,43.36248085,43.01243055,42.57081294,73.48667506,73.8943347,76.48750284,79.65268986,81.26897711,80.79288453,84.65805012,84.15988523,86.80390489,87.82149251,88.02277238,88.47818915,87.15258205,86.56166763,87.53226445,87.39500058,87.93382293,82.03731079,101.1048139,
        Brunei,BRN,271.0580288,210.5253041,200.0882747,184.9138237,172.9500939,208.3908865,189.294934,197.6725119,174.7662218,201.7264937,201.3884447,224.3468822,256.8778447,260.8498485,284.7187803,315.7525821,479.8475346,497.4165525,504.8830153,331.0327041,372.4658398,377.6870792,362.2617958,332.4060858,368.947221,402.6552399,415.6927873,412.7673608,424.9729347,
        Bulgaria,BGR,137.9234539,109.9193882,107.7317975,104.658902,107.2851684,118.6742197,119.5157901,109.811894,99.76467154,92.13259781,92.6006556,94.95374889,98.20407188,100.4794643,100.1821806,105.6470484,109.0578662,104.8394435,103.7175067,94.66660218,97.37681181,105.1764875,102.7280285,97.24481258,103.6942305,109.8287354,105.8349245,107.5387104,108.0584938,
        Burkina Faso,BFA,0.789585953,0.889356308,0.875559757,0.945549241,1.026092413,1.020752858,1.056125095,1.621377738,1.416242605,1.417814309,1.251955638,1.351988387,1.376302447,1.479503638,1.294191042,1.334275418,1.276875073,1.755260959,1.859768912,1.695135425,1.795278361,1.984418126,2.270703153,2.642562564,2.388995674,2.948483104,2.411269496,2.89215578,2.295763177,
        Burma,MMR,2.073879024,2.026279713,2.093446037,2.211542365,2.557968643,2.68110454,2.674904835,2.813067405,3.076975219,3.08084498,3.509230887,3.204477913,3.681744951,4.11176384,4.275104448,5.46511971,5.122039083,5.492596894,5.011296654,4.586083296,4.619096417,5.015735431,5.896264733,6.771152398,7.854830521,7.271807263,8.307649574,10.92715966,11.52419158,
        Burundi,BDI,0.998045492,1.099922732,0.994671975,1.093147784,1.125738437,1.070777131,1.102005102,1.091089051,1.092519111,1.062491491,0.883861759,0.735705113,0.677464332,0.532736109,0.595010395,0.499751566,0.560585509,0.848873101,0.540259357,0.527973416,0.586003936,0.62471596,0.567384564,0.617223942,0.519231892,0.696678518,0.786688923,0.868024617,0.71539155,
        Cabo Verde,CPV,3.471655531,3.388671664,3.904866091,3.842262002,4.444677121,4.24299416,4.674283363,4.560746053,4.493815881,4.409525372,10.88794978,11.91093401,12.73232229,12.45917157,13.42452875,20.647819,21.65269216,23.83228203,23.86253871,22.33226202,23.61968884,27.75781169,24.58994118,23.89300445,25.44424315,24.82975004,25.62071318,26.86002246,26.8725686,
        Cambodia,KHM,0.776192901,0.795982905,0.772822037,0.745937459,0.722885083,1.987816697,2.119721986,2.42689196,2.762812896,2.775818576,2.515580233,2.611112942,2.557790553,2.73308595,2.774317021,3.098168342,3.302958539,3.818165377,3.948491121,4.806835591,5.413531031,5.516059638,6.090544163,6.354327598,6.896235115,7.773833969,9.545039942,9.935518911,12.34720542,
        Cameroon,CMR,6.597102911,6.461073003,6.301783095,5.417424771,5.623035334,5.602010588,5.430524566,5.555570432,5.41279999,5.168306943,5.229746865,5.077166595,4.871440241,5.080696192,5.155609463,4.842688128,5.689775383,5.517623629,5.448751296,5.683562845,6.317571734,6.473704896,6.285932887,5.379894769,6.542950369,6.378436121,6.052553546,6.437099861,6.296329678,
        Canada,CAN,384.379747,383.7922027,391.4990658,396.1954437,403.8825293,405.1479641,412.8034816,409.0087031,393.0558151,410.5115366,408.2304253,405.4568708,412.0967319,419.5810357,424.9856283,425.6592024,424.3123804,418.6552652,407.1797579,395.485873,405.5791187,412.0211943,412.4646362,419.9346554,417.5958576,413.1342287,405.1790475,410.2246435,410.1973903,392.3171935
        Cayman Islands,CYM,163.6930722,154.5038345,149.7414878,135.6118732,149.0380167,151.4725989,143.4204108,134.781128,127.1399322,120.5632608,167.996956,163.7998502,164.4942912,162.0434185,149.1012396,149.2573673,146.9736453,170.4821825,170.0094017,153.5204418,150.5585053,155.730691,141.4029169,137.2223938,137.2151227,142.7673207,139.3411025,160.0201381,146.9783777,
        Central African Republic,CAF,1.507461047,1.541009661,1.44183447,1.52778416,1.557242289,1.517852572,1.550201629,1.511398384,1.46902774,1.435617192,1.503755699,1.518787943,1.483336735,1.387324859,1.455688839,1.474573629,1.513940144,1.499082249,1.492466012,1.465161881,1.485825499,1.553477635,1.598890383,1.56100355,1.634223105,1.629603954,1.621519279,1.563766866,1.545553977,
        Chad,TCD,0.812014467,0.768985785,0.746873209,0.347076747,0.367316688,0.355312361,0.344453308,0.359532897,0.347198731,0.334977519,0.421477039,0.38950783,0.369955519,0.351858006,0.356964678,0.370427992,0.363059941,0.354161371,0.344780018,0.352345941,0.369558119,0.375965088,0.364498216,0.355541735,0.344008962,0.3409816,0.340369507,0.91302856,0.91006098,
        Chile,CHL,42.99406764,42.27994921,46.15267388,48.37324577,51.12527351,55.11784733,58.21636948,63.50642716,62.04651383,64.1527644,64.28751354,65.89332804,68.36595617,69.85712223,74.09479764,77.09618536,77.69637647,76.45993222,76.87714162,74.42803567,73.95323522,77.635627,75.90255452,78.12624695,75.94678247,77.90388838,81.80702007,82.5439492,83.0375023,84.29349946
        China,CHN,24.06984665,24.05570414,24.90912516,26.55032857,28.27427888,30.18241452,31.3854524,29.60171783,30.17817638,31.12399322,32.87802623,34.27091467,36.46518719,41.97268537,50.31426534,56.08141563,61.59974808,65.99427181,68.63762548,73.85491908,82.01540753,89.41162807,95.10362364,97.75611094,98.38773075,96.64597217,93.31395586,97.99957655,103.3119883,
        Colombia,COL,28.49575249,28.23679461,27.81544769,29.88214007,30.76972074,30.58620702,32.11155681,32.02824654,31.90276472,30.19786428,29.80004901,29.32936845,29.05082311,28.79218519,29.54219063,28.89255592,29.90495252,29.60625481,29.14385876,28.44918071,28.64941921,32.15101469,33.12668447,34.00728655,35.63908258,34.60970253,34.72902598,34.38546172,34.72154425,
        Comoros,COM,2.2100074,2.071514832,2.015373558,1.953847812,1.89889073,1.845229509,1.800181838,1.748390207,2.074802198,2.022094987,2.757950265,2.808519846,2.758824085,3.442866277,3.690971184,3.461867517,3.933780185,2.537889995,2.5257527,3.007111271,3.486406782,3.057194893,3.102263249,3.613665374,3.151853766,3.321509837,3.805515607,4.339188238,3.880660298,
        Congo-Brazzaville,COG,8.171917783,7.272908886,6.767732444,5.932060683,5.470031987,5.436360816,5.617399894,5.324011432,4.818432741,3.916887834,4.197233397,5.007352601,4.504577644,5.004814096,5.152364612,6.748990406,7.785184987,9.256065493,10.18010014,11.95595171,15.802707,18.46059175,18.45106473,22.75734041,21.128366,20.78542153,19.36452629,17.96824193,16.66746752,
        Congo-Kinshasa,COD,3.074384222,2.75035801,2.918055146,2.699724816,2.279051139,2.413723604,2.401206941,2.10769667,1.941819509,2.060176206,1.545046683,1.477926002,1.475091477,1.488686693,1.6350843,1.718490319,1.755759598,1.751005931,1.603391921,1.517594048,1.623457718,1.699178847,1.619536342,1.892756161,2.193051674,1.637106798,1.461147485,1.536006225,1.570777594,
        Cook Islands,COK,0,0,0,0,0,0,0,0,0,0,0,0,0,0,0,0,0,0,0,0,0,0,0,0,0,0,0,0,0,
        Costa Rica,CRI,23.82520917,24.77444926,28.50741063,30.22443762,29.85340241,29.60554882,29.17103615,31.99247017,32.08837022,36.07511929,36.66252019,36.65974242,37.54171109,37.72520652,38.33476489,39.28323331,40.42918621,42.14730574,42.13287592,40.46150123,40.61210208,40.32790158,40.23993916,40.03299244,40.38829417,41.6768038,42.62444715,43.81056757,44.35461713,
        Croatia,HRV,--,--,67.0802457,67.26600794,71.27975068,75.66737645,75.62582687,77.53188357,81.98844152,83.14517572,84.19148064,88.76147865,86.65091327,94.81904829,94.07244973,94.22010233,94.34302977,93.62236341,94.60756877,92.14172277,93.57978048,83.98326874,84.15010626,85.14549583,82.27406788,80.0118988,82.90938938,84.88241927,90.63590752,
        Cuba,CUB,46.91502879,43.34284816,38.34108068,37.28727434,37.52237931,38.07957023,39.08450527,42.81610859,40.54973067,34.9387472,33.66313959,30.89509728,31.16704774,31.55268522,31.88675461,31.34473578,30.55242706,30.88833951,35.38557374,35.68806865,40.53755381,36.38067591,39.51071845,37.8088263,38.43307159,38.46045493,29.9614763,31.91009226,33.47464518,
        Cyprus,CYP,117.5693944,115.7839513,130.2950904,127.3176214,143.5623592,138.7321023,134.6617883,135.8985344,144.5233355,152.1876368,157.7984247,156.5811492,153.4441561,163.1804482,144.7885857,157.7999443,160.6798708,161.3169318,163.0212303,153.1144942,143.6231683,139.370879,131.0600314,118.3741802,120.9610983,123.9626092,134.7316391,135.4823268,134.4055824,
        Czech Republic,CZE,--,--,--,165.7814032,159.2445036,163.329872,171.1524572,168.5993688,161.2567838,151.4544283,162.8629642,166.9260692,167.2626144,177.8055122,181.734544,179.5774582,180.0642524,177.8078959,174.784179,166.0844061,170.8292184,168.7492909,167.7874016,163.6155392,162.9898997,161.5923804,157.9857291,167.7754336,166.0642753,168.3194272
        Côte d’Ivoire,CIV,6.49711897,5.298950972,4.964418189,5.387983966,5.370972633,5.668551282,6.385042925,6.316773414,6.188691419,7.778119344,7.622514555,7.373322344,7.009431299,6.187191579,6.54175042,7.109463517,5.948089806,6.226304389,6.693147263,6.36471112,6.357008097,5.775967505,6.871170539,7.42098679,7.645422273,7.424314675,8.217008702,8.003375892,7.77621947,
        Denmark,DNK,145.6446026,158.5875047,151.8279132,158.8128974,167.6650288,168.5141563,185.9546555,175.1637921,170.4024127,166.6255351,162.041784,163.6370723,157.2155461,163.8231727,158.5243427,154.4133362,163.9201204,158.9807529,152.1226672,142.2407574,148.6242742,140.9310318,133.3806836,135.2980273,129.9887557,127.2945818,128.413537,127.9265615,125.8766484,127.6310587
        Djibouti,DJI,39.77403441,39.24242093,39.21032801,38.93872764,39.48111063,38.61617028,37.67965602,36.93662046,35.99315951,35.09664509,16.80328582,16.43993773,16.1969111,16.50984483,15.78410021,14.6757573,13.51782556,13.87175676,15.29598197,13.09986946,14.71614647,10.92451607,14.17046078,14.38331944,14.39378542,12.45174705,11.16650384,9.583137074,9.921520781,
        Dominica,DMA,12.72456002,12.74042607,12.71189253,12.63239523,16.05479048,19.92821703,20.03120217,20.19959916,21.32979644,22.18203615,25.92939799,27.75162794,26.08952169,28.99710465,34.21384631,32.69635523,32.54022815,39.27000028,35.33977201,35.87615139,37.5054978,37.97686056,36.52068767,36.44840832,37.57155054,38.97860039,40.68155755,37.91201377,39.00441975,
        Dominican Republic,DOM,19.44821981,18.44455435,19.35664196,17.81950076,19.03944393,20.19510532,21.57956133,22.45272085,22.87346135,25.57763332,34.68020048,33.21109207,34.56840397,31.26922687,28.74219959,31.0883598,30.64289212,31.10478026,30.52766124,29.78972354,30.90056194,30.04131601,32.94930836,31.0465788,29.4650007,32.30472455,33.97538971,33.14469705,36.25997267,
        Ecuador,ECU,24.71022823,25.3935493,27.64832374,26.19952269,27.88680532,26.79079091,28.41572954,28.62245258,28.73965668,27.04345991,29.10731091,30.39008136,30.42534891,30.97625873,33.1119044,34.55645814,35.93150846,37.39010504,38.40130712,38.93238608,39.7936359,40.4884098,41.45814207,41.67685243,44.56453305,42.608696,41.42266249,41.39112422,42.69282607,
        Egypt,EGY,25.31919971,24.79284034,24.32086214,25.28808378,26.08446033,26.24538794,27.83636289,28.23304175,28.63488507,28.75099279,29.13708706,31.97376346,31.26384424,33.4322307,35.45666602,36.43462126,37.95084947,39.60197138,40.34444632,41.47203498,42.35453534,42.84052672,43.69932182,42.3158918,41.23079319,40.34558247,39.8783251,41.56114158,41.00726042,
        El Salvador,SLV,10.17656625,9.922333725,11.07551032,11.32193592,12.23570985,15.05631453,15.2348195,14.97344826,16.9189542,17.72657133,17.03927374,17.57664596,17.89724921,18.99361896,18.84903628,19.40955093,20.42264654,21.20185537,20.53657593,19.72788356,20.36650655,20.26822821,20.31930596,19.73743438,20.07433153,20.36099152,20.4033613,19.97624984,21.40550825,
        Equatorial Guinea,GNQ,4.140746849,4.010265569,3.890776548,3.751462572,3.6225903,3.493513149,3.373538775,3.650230288,4.830199303,4.637183571,8.688120943,9.459535725,80.92734432,81.31033846,17.29793494,77.30214152,74.71259436,80.54355431,77.2405091,75.76263666,73.31360685,71.60028025,67.59035582,62.11972981,57.6938392,50.91741461,48.85018215,49.4447398,51.26564394,
        Eritrea,ERI,--,--,--,--,5.982489583,6.887281726,6.983677189,7.00464999,7.380286673,7.600977018,3.868842755,4.049486204,3.534880899,4.063569741,4.251517704,4.093402179,2.748543857,2.756975032,1.918825749,2.268447509,2.218572656,2.234985054,2.349944617,2.371037265,2.450340778,2.40486296,2.418451681,2.647883064,3.059337959,
        Estonia,EST,--,--,76.56777559,64.00702461,61.08274966,55.42216362,61.60793863,67.74674205,82.15550505,62.54151022,59.7355281,68.25941536,56.68680082,55.50231654,61.46303012,63.79533515,70.51038014,69.03881786,72.27813305,63.71158294,61.25444326,59.30096871,74.00244827,69.02055555,66.01657611,68.95163748,67.12150995,68.73132895,71.59424785,78.81744912
        Eswatini,SWZ,14.30839584,14.24137675,13.5956505,13.23268074,16.7583727,16.06895201,15.06077866,15.19192711,18.48859546,18.57542679,21.27684133,21.28609024,21.81411755,19.98930845,19.35638584,19.97243903,19.60656126,20.4869049,20.27025695,19.486843,18.47084996,18.39969346,18.47560432,17.05304179,17.95681303,18.24733501,18.6685825,18.87423004,20.46282985,
        Ethiopia,ETH,1.102734083,0.922880417,1.197723734,1.105726533,0.799967462,0.830146798,0.675285756,0.660137535,0.833717451,0.960554225,0.994642514,1.052260857,1.05053072,1.104292318,1.1478434,1.281726057,1.368134412,1.473412511,1.50077282,1.509531688,1.626906341,1.787449541,1.93545342,2.197073954,2.420606289,2.481011005,2.799148022,2.758844777,2.817870467,
        Falkland Islands,FLK,0,0,0,0,0,0,0,0,0,0,0,0,0,0,0,0,0,0,0,0,0,0,0,0,0,0,0,0,0,
        Faroe Islands,FRO,0,0,0,0,0,0,0,0,0,0,0,0,0,0,0,0,0,0,0,0,0,0,0,0,0,0,0,0,0,
        Fiji,FJI,25.42204153,22.01213883,22.47543963,23.31132391,23.62946426,25.09527483,25.41047005,25.06517564,24.10657607,25.98116211,32.60572439,33.77112985,28.55561097,31.28415426,41.3437362,35.2280527,38.30849253,36.57214903,24.15463294,24.55149111,22.70208029,40.63186871,25.12188912,30.06914083,36.18952071,44.41256828,43.60427309,43.79232194,44.12577053,
        Finland,FIN,226.9611985,228.1657161,227.8402816,225.0062257,234.8883707,222.8773227,225.3905602,229.0164851,239.0082932,236.0706992,238.712122,241.2080941,242.469661,253.2446253,257.4090688,241.0976709,253.0598662,253.5301834,246.7442476,227.2322331,241.4876332,229.866217,226.8146939,227.0386265,219.8590599,217.7844653,222.4638095,219.4644862,222.1023284,216.0893446
        Former Czechoslovakia,CSK,0,0,0,--,--,--,--,--,--,--,--,--,--,--,--,--,--,--,--,--,--,--,--,--,--,--,--,--,--,--
        Former Serbia and Montenegro,SCG,--,--,0,0,0,0,0,0,0,0,0,0,0,0,0,0,--,--,--,--,--,--,--,--,--,--,--,--,--,--
        Former U.S.S.R.,SUN,0,0,--,--,--,--,--,--,--,--,--,--,--,--,--,--,--,--,--,--,--,--,--,--,--,--,--,--,--,--
        Former Yugoslavia,YUG,0,0,--,--,--,--,--,--,--,--,--,--,--,--,--,--,--,--,--,--,--,--,--,--,--,--,--,--,--,--
        France,FRA,158.7626262,168.3244184,169.1945977,167.5477291,166.7885315,170.8467108,176.0139141,174.3403577,177.6032174,178.9147662,179.6747186,182.6171383,179.3762596,179.3870104,181.0008691,181.4255846,180.5858281,176.2906108,176.6936612,166.3252718,169.6353512,165.9506135,163.8911842,164.3846305,156.7075654,156.7488736,154.2108545,153.8606762,153.4264766,151.7621009
        French Guiana,GUF,0,0,0,0,0,0,0,0,0,0,0,0,0,0,0,0,0,0,0,0,0,0,0,0,0,0,0,0,0,
        French Polynesia,PYF,0,0,0,0,0,0,0,0,0,0,0,0,0,0,0,0,0,0,0,0,0,0,0,0,0,0,0,0,0,
        Gabon,GAB,45.43701849,45.45535287,45.45336774,41.91194393,41.90411114,38.2589465,38.8860962,39.79613477,37.9103187,42.71985722,31.88198892,33.59225826,32.81048965,31.15062992,30.9510556,32.26102996,32.17326981,31.05092361,30.7308052,29.42552635,33.12527144,32.68424118,39.43322382,38.36484765,38.63795896,35.92310008,34.52645117,32.64806751,27.90393289,
"        Gambia, The",GMB,2.812483668,2.694642365,2.610373685,2.721853808,3.041504094,2.728420078,2.652339213,2.564922143,2.654181607,2.573141459,3.277222135,3.458705192,3.335696338,3.230628334,3.303090457,3.235655842,3.410515546,3.433297905,3.462199895,3.610753792,3.822178181,3.898547838,3.68711575,3.559974161,3.818483094,3.792147555,3.710161414,3.663478068,3.578842051,
        Georgia,GEO,--,--,60.60245226,38.08666755,30.00109729,30.34586767,32.76034292,34.72822488,36.19642238,36.04858658,31.43995768,29.48638748,35.0659184,31.35472275,32.48332483,37.09029065,33.69466811,42.37326991,42.63718164,43.59651728,47.23559287,44.16200182,45.92057641,51.90701566,54.39500587,57.83880632,61.26787066,61.01910869,62.36840954,
        Germany,DEU,--,187.2284718,182.7680393,180.4696055,177.8636408,181.2467793,183.5390413,180.5014528,179.8871576,176.5590106,176.7389299,180.1181859,177.3520658,177.7344415,178.5662646,175.8143049,179.3658769,172.8663755,176.7043682,166.7777134,176.2956369,168.8956535,170.4378151,172.9898067,166.5603471,166.9592698,166.8161916,171.88938,167.045771,164.8135138
"        Germany, East",DDR,0,--,--,--,--,--,--,--,--,--,--,--,--,--,--,--,--,--,--,--,--,--,--,--,--,--,--,--,--,--
"        Germany, West",DEUW,0,--,--,--,--,--,--,--,--,--,--,--,--,--,--,--,--,--,--,--,--,--,--,--,--,--,--,--,--,--
        Ghana,GHA,6.780043193,6.842801737,7.230540548,6.915747901,6.926358105,6.855524153,7.057984241,6.774741066,5.170387445,6.130193277,7.367577745,7.230826785,6.458741959,5.77062936,6.649506132,6.663742624,6.319170713,5.811722218,6.692176678,7.503921157,7.542755649,9.255352472,9.27527415,9.525453948,9.446695829,9.478964708,9.092487629,8.817124517,9.897067388,
        Gibraltar,GIB,0,0,0,0,0,0,0,0,0,0,0,0,0,0,0,0,0,0,0,0,0,0,0,0,0,0,0,0,0,
        Greece,GRC,97.32144665,97.82009337,100.5702151,100.5264888,103.1772566,106.0020866,110.0992101,110.3479072,116.3612201,116.6440551,122.6924548,124.1192865,125.2851989,131.8557716,131.4562326,131.7831601,135.1585856,136.6713335,134.1085474,127.4184047,121.8597073,118.9798544,110.9576753,106.459791,103.3418602,104.8497727,103.7910269,108.5159667,108.2582221,109.157998
        Greenland,GRL,NA,NA,NA,NA,NA,NA,NA,NA,NA,NA,NA,NA,NA,NA,NA,NA,NA,NA,NA,NA,NA,NA,NA,NA,NA,NA,NA,NA,NA,
        Grenada,GRD,18.61993149,18.59406564,19.03200878,21.63988141,24.53998693,22.14040916,23.54042078,30.97918006,26.74403216,26.63827354,28.62980502,29.68087115,30.3825728,32.02608368,30.99777734,32.49822842,33.53511481,35.51874008,37.66980085,36.46050532,37.76429823,37.57255663,37.95506649,42.53482673,36.06114253,36.8926684,37.77609185,40.84336852,40.01758203,
        Guadeloupe,GLP,52.973914,54.31573812,51.10133219,57.96450573,59.67120549,60.87061534,59.92941459,60.62082333,60.03290783,59.54888073,70.51717751,73.86492579,76.70858112,80.64473314,80.14327689,79.86932235,82.75131924,85.92535524,79.7730423,78.70046508,83.56313068,91.45040979,69.53708232,69.24080899,68.09466422,76.99514899,72.16086304,72.89971743,73.36255359,
        Guam,GUM,199.9282199,219.0907321,257.3874659,333.7631962,475.8285149,346.7242977,302.1925251,339.1129633,276.6782311,304.2096581,307.153987,422.3558828,292.1272853,246.4693511,285.8255176,334.0656527,351.7638942,253.7961125,159.6237641,253.2835448,225.4686181,198.9253905,212.6073078,178.818971,172.4070787,182.2368552,170.5441429,155.227352,154.2531794,
        Guatemala,GTM,8.634494032,8.200327471,8.817690222,9.202928904,10.03922545,10.49780426,10.61326892,11.20976509,12.89187153,13.58172989,13.94958909,14.20532027,14.02406262,15.03847456,13.8630217,13.9851177,14.49406918,15.19366572,13.80257657,14.17958296,14.02600449,13.98830013,14.32630649,14.97157838,15.43106168,16.74379072,17.97257763,19.06400567,19.19453799,
        Guinea,GIN,3.433989686,2.634424362,2.641963005,2.690317116,2.650597787,2.568156357,2.513740732,2.584470515,2.574031297,2.619790186,3.221475574,3.455625694,3.529424938,3.363676147,3.567008064,3.532244044,3.515371992,3.649292983,3.601434676,3.694822538,4.134295653,4.119165228,3.909194741,3.400981764,3.433580953,4.06419447,4.45914023,4.365219521,3.869530232,
        Guinea-Bissau,GNB,3.957939392,3.867845072,4.01742272,4.305983938,4.214260701,4.126325721,3.880777593,3.962630871,3.885559154,3.811429323,2.831301225,2.816024447,2.811183519,3.19538294,3.234001575,3.205708577,3.194396477,3.30883835,3.143650309,3.179148756,3.186347258,3.144424532,3.120763795,3.111510416,3.186395036,3.21462978,3.260157904,2.572099023,2.520614524,
        Guyana,GUY,12.51580306,14.72841087,16.26652044,20.60011827,20.46235821,17.31926394,18.88524463,20.16881693,26.22377147,31.65235915,31.67180108,31.0181833,31.39297077,32.32910214,31.53792735,28.45028193,25.4549958,31.4910919,29.92690391,30.7827399,32.59522581,33.75609701,38.05918743,36.92065194,36.69313887,37.3216021,41.66861485,41.0479106,41.44692192,
        Haiti,HTI,1.99234041,1.976503686,2.095554363,1.555902076,1.306356744,2.007948146,2.290754288,2.724268129,2.629603422,2.797461074,2.817912882,3.01399965,3.24648787,2.954278713,3.346812522,3.434687389,3.459575918,3.671979844,3.641521814,3.408248982,3.113734687,3.224464456,3.493097743,3.622481438,3.848825299,4.330160089,4.433685358,4.33819843,4.474569277,
        Hawaiian Trade Zone,HITZ,--,--,--,--,--,--,--,--,--,--,--,--,--,--,--,--,--,--,--,--,--,--,--,--,--,--,--,--,--,--
        Honduras,HND,11.90256755,11.55311368,11.59046451,11.23807948,10.91812407,11.4728981,12.47251817,12.44516153,12.97918309,13.52256056,12.65322293,13.43154438,13.21178985,14.13437149,14.6768566,14.68568866,13.80403655,16.71781353,16.20285728,15.0360928,15.74079071,15.65354361,16.48792736,16.35181719,16.84147856,18.36941251,17.46425827,18.37975462,20.17179905,
        Hong Kong,HKG,92.59191116,95.9165418,104.3944028,110.5931546,108.8175702,111.3036463,110.8671736,107.8321369,111.3262993,139.0913665,129.9827561,130.5292199,134.9016559,139.3277638,154.7196741,151.3409161,159.0789646,168.7493683,157.6856636,181.044938,192.1823559,179.5800475,168.3926336,170.3679147,163.7783625,177.3458216,180.0027528,182.7552491,181.97079,
        Hungary,HUN,0,107.4235634,97.73453742,99.92674244,99.60574238,100.6929488,103.9689375,101.9053381,101.6843279,101.4860583,99.06903168,102.655099,102.5812053,105.2702353,106.2206449,114.116107,112.9934607,109.8926294,109.5425951,101.8867671,104.1743517,101.7154324,95.66502623,93.19255417,95.13870913,99.70290238,101.8176927,106.5992736,108.3111491,108.3920485
        Iceland,ISL,NA,NA,NA,NA,NA,NA,NA,NA,NA,NA,NA,NA,NA,NA,NA,NA,NA,NA,NA,NA,NA,NA,NA,NA,NA,NA,NA,NA,NA,NA
        India,IND,8.475244044,8.71346167,8.974558391,9.132938359,9.597931856,9.98180023,10.23186004,10.56552165,10.50117582,10.97324891,11.52842273,11.52968159,11.86512013,12.09203665,12.89810318,13.42283265,14.31203203,15.27062565,15.886795,17.04260117,17.95816758,18.4587102,19.14672115,19.42049494,20.55356797,20.73694172,21.37343648,22.09850831,23.14484557,
        Indonesia,IDN,12.72261111,13.93064958,14.11833678,14.75272884,15.40636243,15.99440682,17.09993733,17.77565415,16.81582858,18.42080575,19.81505718,18.87089675,19.09543792,19.39290008,19.89469155,20.50619443,20.88229614,22.52110119,23.22883598,23.95918041,25.7838174,25.00040676,25.59698452,25.83778208,26.06047357,25.79678184,25.88782146,26.67909589,29.6501578,
        Iran,IRN,53.43118337,55.87297732,57.05332547,58.16630774,60.58580422,62.09816006,62.80156357,70.08850653,71.58279333,71.12364595,78.40031336,83.9041068,87.89091438,90.30549167,93.12774096,105.289956,110.3224899,112.8583515,115.398947,127.3782813,124.8554084,125.2775799,129.4526366,130.9561977,137.2579217,137.2058917,140.3242104,143.8882656,146.7179213,
        Iraq,IRQ,52.53266067,33.49204069,45.48484233,50.76641337,56.32384957,55.93396287,54.05472803,48.42863231,47.57671795,46.95909626,42.92928901,42.24482071,41.74475762,31.91861966,38.50432318,40.80951013,39.25593552,35.30666887,38.65989592,45.36063851,45.6789035,45.61091561,51.00490223,52.13034234,48.3410303,40.3349512,48.3015088,62.96773553,68.37419431,
        Ireland,IRL,104.4306686,107.8517757,106.9627156,111.1079685,115.5659969,117.6313939,125.1420287,130.9767808,140.2394953,149.2441859,157.2613069,160.8632582,157.4237891,153.508736,157.1029984,159.9730904,162.1677018,155.3566396,152.9029413,136.7140719,139.9511628,127.8342074,125.0868323,124.0876254,122.638746,127.3627555,132.3590035,133.0750409,135.3072091,
        Israel,ISR,106.4348147,105.3694717,106.7390772,114.3788961,117.4564564,122.1397697,121.6567809,124.7722116,123.5672164,122.7347173,131.028941,127.2900545,132.5506196,134.1342113,133.2589636,125.2330333,126.577518,128.7796754,122.7720593,121.4694085,127.8483594,123.9758533,131.3899782,119.0642309,123.7644389,127.0930929,127.4626442,126.8365655,118.5300829,
        Italy,ITA,118.5612309,121.165671,121.164262,120.2752203,119.2921534,124.488207,125.2182045,126.6020621,130.1649171,132.1843935,133.1545964,134.1310211,134.353431,138.014151,139.9946182,140.2530812,139.066807,136.3714441,134.5852464,124.8261644,129.5311127,126.7718535,121.5281331,114.6591898,110.196704,111.5769675,110.8347767,112.0356833,112.978029,
        Jamaica,JAM,42.13946802,43.63421645,46.78094554,47.03732745,48.03027198,53.02278379,54.11375585,55.95777755,56.66936176,57.50836439,55.54054288,55.93173222,55.30813521,57.28735219,55.72223413,57.14310108,64.93691325,65.80968846,55.69251775,43.56719711,39.81746953,41.95311093,39.0784376,42.26435294,41.39685361,42.45112662,43.70063653,39.28777946,40.32583714,
        Japan,JPN,154.8762012,158.161764,158.360908,160.0542308,165.3412109,170.1480779,172.8389263,175.5050321,171.9827629,175.0326342,176.8871508,175.0479545,173.4500616,174.4781312,176.6695818,177.5686271,178.7073435,177.3138737,169.2025505,161.7207586,170.3113266,165.0922113,161.3580834,161.3752799,157.1725202,154.2164586,154.1212712,152.3269387,151.3259693,
        Jordan,JOR,40.3383562,36.26373106,40.40647374,37.84270021,41.42939919,41.73807922,43.49182596,41.03047665,43.03461056,42.72047077,44.18955733,41.67179418,42.88040747,45.82036323,48.47525475,50.93755587,50.68132592,46.68595595,42.90849714,42.44278215,41.93586677,41.61337535,41.82730188,39.49624447,38.77899981,40.22274607,41.65388361,42.08883522,40.54157865,
        Kazakhstan,KAZ,--,--,272.7173953,227.1499748,202.3489459,167.5931741,163.1430341,149.8945537,144.2545718,131.3770169,145.4428003,146.5825973,154.9193634,150.3551954,171.1458023,168.4171426,174.9107664,205.1646974,231.2610871,185.9614019,196.5285523,211.7874568,205.7130442,203.7604046,190.4547817,189.5092409,196.2937928,189.6373663,185.7166928,
        Kenya,KEN,5.168163789,4.636903091,4.861672194,4.859833256,4.816529288,4.966586355,5.047248829,4.560282717,4.886343368,4.510422819,4.872093793,4.826909596,4.739847425,4.388714245,4.591633447,4.855873446,5.18208987,5.077479377,4.874974208,5.180492045,5.470719166,5.494493314,5.269748358,5.402116645,5.465700784,6.374025999,6.503123851,6.417994544,6.762826083,
        Kiribati,KIR,3.557796585,3.544244089,3.463963582,3.407496587,3.360179383,3.314158294,3.265425131,3.203856199,3.151413396,3.100809947,5.879101558,4.924217819,7.08656958,7.236773506,7.616043294,9.808559516,10.66557443,9.523323358,10.43754277,8.919928567,8.700419994,7.911700542,7.697590762,7.670543961,7.610305164,8.090772652,8.550253341,8.418466559,8.291748674,
        Kosovo,XKS,--,--,--,--,--,--,--,--,--,--,--,--,--,--,--,--,--,--,47.73580931,53.26987257,52.3914925,52.22108536,51.49438882,48.97340619,45.50531199,52.77403781,55.10428764,48.973126,49.99896982,
        Kuwait,KWT,194.3075702,105.9822281,183.1498831,268.0845979,344.1025041,367.0981655,384.5080153,466.9863572,461.7448775,470.3517017,403.1614145,400.3087361,416.1074645,445.958101,455.802959,515.7659595,489.7765526,493.4818781,499.3183236,504.0643262,468.3877482,463.3431821,450.1159429,438.2216,427.2824978,436.9870306,428.7473612,399.7843645,398.4523771,
        Kyrgyzstan,KGZ,--,--,63.38138719,55.14660887,48.40928947,40.80697599,50.11626831,46.49459038,45.87087529,48.59160626,48.51633335,45.64437136,38.75113725,40.77102427,41.40317055,38.70441762,39.06549651,42.37612909,39.91579414,39.69864642,37.39409505,41.83200692,46.45105179,42.78555593,42.69342328,37.58458837,37.63403163,38.25530268,39.4469294,
        Laos,LAO,2.390214015,2.5299693,2.455662254,2.460817213,2.387627737,2.761976839,3.082988485,3.062682807,3.827741305,4.446657712,7.263629576,7.596405588,7.440119504,7.145620557,7.300024239,8.309690728,9.25714387,8.93068597,9.948725298,10.27025223,15.96888152,20.68441993,21.24633649,24.67796591,24.70737771,35.74817265,59.87645334,59.5107814,60.99102189,
        Latvia,LVA,--,--,84.15089229,72.34510351,71.41265425,67.48422398,64.96799535,67.88980434,66.46533232,64.04162102,64.89867119,70.89138109,70.38441528,73.3202232,79.82437057,83.96476707,83.01798748,83.10244145,77.74831776,82.0585481,88.90207566,80.97831429,85.05632432,82.32418704,78.52030571,80.14463833,84.62349472,90.12081022,83.76162299,
        Lebanon,LBN,25.41849356,40.156207,39.02844743,46.40073134,49.83676612,51.61613546,53.49194442,60.44909107,60.41848906,61.03621835,53.81442241,55.13919074,53.03231922,51.13580302,48.87484498,45.44086948,41.5846414,36.74813757,47.46950718,58.11289758,54.55539182,52.46015261,55.15584516,51.49958387,50.12240213,53.00754984,53.04141423,55.74491517,52.55468713,
        Lesotho,LSO,1.762343312,1.750545495,1.781987903,1.800918101,1.959986193,1.946660434,1.933814785,1.86756307,1.600834785,2.31036896,4.166025674,4.231935684,4.382074528,4.490348297,4.476188041,5.325289876,5.65515061,7.383856579,6.191119554,7.060603069,7.532112406,6.772721322,7.06759927,7.131224319,7.261273647,7.149522078,7.50613641,8.72386431,7.87057335,
        Liberia,LBR,3.948367597,2.230781639,2.346321027,2.597198206,2.60511298,2.61307614,2.516352427,2.339048657,2.266117883,2.130574025,2.265137552,2.354777406,2.265572204,2.421411717,2.564909379,2.933359981,2.8839605,2.587843171,2.207507585,1.9427957,2.952988429,3.192677219,3.441311001,2.960671581,3.794727819,3.709709027,4.156235957,3.502785308,3.882347191,
        Libya,LBY,114.5084475,116.712496,106.4167761,107.828106,109.1912286,111.8486259,116.1590411,120.3620132,114.0766827,101.4356014,135.6136164,134.5614984,136.5098231,132.3542695,133.4625804,135.9186622,122.7617886,120.1563955,123.0156904,139.0597451,145.1378355,94.49773367,117.0267492,125.1792227,121.4532072,95.80410208,92.70648069,90.53248719,93.78042389,
        Lithuania,LTU,--,--,129.5790541,105.622901,91.76439738,98.71090198,102.6504643,101.3821841,113.525456,86.41320353,80.601073,91.26408567,99.29566787,103.1367988,105.4469116,100.563284,98.45034102,109.8347128,114.9806805,102.2148062,86.89026679,92.29836561,93.0484921,93.56934483,88.20960881,88.79526395,92.45912272,101.1648339,102.6339371,
        Luxembourg,LUX,385.8136228,408.2914729,401.8783098,402.0993597,387.8231361,342.5538331,345.5090431,337.5623047,326.309649,338.6463263,356.0756137,367.2787175,383.3060931,395.9517928,438.2714808,437.0539497,424.6909535,410.8674803,401.5578965,372.4305245,388.541826,373.8239103,356.6287557,338.229783,320.8597586,309.9190314,302.7704279,307.0006633,313.2113947,
        Macau,MAC,44.36019205,42.50813411,42.90845364,46.09265068,48.20680314,48.92489355,52.96833484,53.2353271,55.74467302,57.95459641,55.04517237,55.38796589,58.21852934,58.29418993,67.56432232,67.80115988,70.60295512,70.75380867,61.67949913,64.42522278,65.01685523,63.89290707,62.8670631,62.28775016,65.83963315,70.39029412,70.299954,85.00126361,78.10973252,
        Madagascar,MDG,1.440637274,1.449427594,1.523100393,1.494233754,1.575904495,1.603556649,1.598400216,1.584742196,1.559818181,1.51528125,2.074787782,1.974189184,1.479116316,1.836715499,1.938936155,1.82188024,1.742508001,1.806737518,1.860338414,1.595663366,1.645014546,1.793347021,2.060902973,2.104186214,2.224302221,2.367910838,2.440014211,2.089793837,2.05250229,
        Malawi,MWI,1.707631486,1.912095812,1.92240098,1.874967953,1.982946055,2.044300866,2.037330714,2.000890077,2.06502767,1.981956944,2.084581509,1.997375136,1.926223752,1.975293608,2.054999258,1.948347299,1.958578057,1.898935248,2.103832278,1.9028741,2.217304824,2.169401546,2.117179724,2.092683901,2.094266685,1.962280855,2.012504781,1.982124284,1.654519468,
        Malaysia,MYS,46.62973936,49.92332934,51.93408963,58.30650626,66.85351328,70.95584076,73.2021928,75.24479131,73.69977946,72.21817395,78.16756226,81.22675024,86.09204486,84.22988009,84.23083612,91.75002149,97.40692818,101.2593623,101.4315963,101.9875402,105.2333039,106.794654,106.7988343,111.7476867,114.6633301,109.281736,108.2362705,112.025427,120.4375061,
        Maldives,MDV,6.451326545,6.266443724,6.107980182,6.941283038,13.59572192,18.27471072,18.75104291,15.91368651,17.22449066,16.90480802,34.95056375,28.59840484,33.2787584,28.11988655,35.76880338,31.53865542,39.00533752,39.48826486,41.89559199,43.25816683,42.25137596,43.89052612,53.51188945,53.93605798,69.02862124,49.36190247,50.03074462,49.64551354,47.51752202,
        Mali,MLI,1.001450956,0.981950106,1.032218761,1.01382146,0.989291353,0.966546066,0.975752153,0.963489158,0.959841945,0.935009819,1.372450631,1.348592074,1.325250879,1.289531929,1.297069573,1.438771733,1.605131399,1.7875076,2.068919276,2.490299502,2.638114775,2.761726959,2.85317828,2.931140622,3.122116354,3.14480597,3.108015042,3.053014334,2.929256843,
        Malta,MLT,77.71751345,81.04605524,84.3752608,88.22605044,91.94372023,88.75123991,91.33395459,96.72415583,100.7213446,110.9921925,161.4007842,176.3412391,170.9063672,197.3472834,205.7363395,174.5111823,178.07195,192.9298522,198.3030558,209.7383125,249.7959828,236.0366489,222.4364962,207.7469074,207.6882052,221.8216738,241.2728363,265.9169357,267.5827321,
        Martinique,MTQ,60.8502024,50.50583277,55.30963072,75.02266902,73.72670333,74.27200809,73.83769753,74.03493105,72.69503133,71.95808639,82.95383691,82.62015636,85.60953006,83.95424003,83.90043895,82.10869986,81.98680441,85.1311102,85.60422352,85.69856898,85.87467708,89.89806251,92.18757506,93.75315344,98.02326388,85.15311483,86.29080891,82.73796689,84.47040447,
        Mauritania,MRT,6.677118204,6.798600118,21.46130339,21.41001905,20.82328187,20.6183202,20.30676118,19.79882792,19.37334254,18.8958668,6.543570193,6.631285645,6.916459931,6.958378684,7.298787021,7.349538187,6.947011887,7.678068001,9.174699912,8.853741737,8.551671105,8.921094891,9.579104331,8.418624951,9.81832224,9.680304402,8.731873827,13.14086298,11.72035358,
        Mauritius,MUS,25.67540873,25.70137193,30.31037141,30.10140095,29.58134559,31.27010014,30.96493303,30.95666187,31.51344238,34.4555514,46.26483159,46.87231526,45.74302985,46.45748824,47.6156664,50.76351971,52.72738829,54.46877224,55.81085254,53.62958617,57.60037919,58.89456427,59.26932782,60.00170295,61.74091529,63.92917463,66.33190409,71.60149825,74.2797278,
        Mexico,MEX,56.09629926,58.97923979,58.51456376,60.75125061,63.62142231,60.76328722,61.20319177,61.27332345,64.71619116,63.79845606,65.5284626,64.36614195,63.60788138,64.91089148,65.63627787,66.78504875,68.6101555,68.74710779,68.49907902,67.01486071,65.87130513,66.7585878,65.55209571,65.23506504,63.52741842,63.72392445,64.38513553,63.64277753,63.28907957,63.1857254
        Micronesia,FSM,0,0,0,0,0,0,0,0,0,0,0,0,0,0,0,0,0,0,0,0,0,0,0,0,0,0,0,0,0,0
        Moldova,MDA,--,--,48.76669524,36.42743784,25.44800348,26.06156331,29.89415407,32.98850566,36.24219098,29.6454994,30.85283332,30.25694137,33.38811978,37.17748639,34.81368577,38.18412501,40.52769245,35.35301832,36.60197184,33.03252581,32.70908173,31.72256866,43.39415689,42.69197345,40.85621219,36.54256799,36.54112469,37.21470244,39.6633285,
        Mongolia,MNG,89.20531453,91.15866702,80.51690691,73.24569199,67.76497121,64.10273755,65.46898707,59.32987303,59.84248903,59.67755077,61.71509088,61.02860565,64.45780752,60.55793658,58.78886369,60.25544037,64.07695275,66.35212931,64.5985496,64.43959302,61.71222931,63.0618157,66.46485437,69.13801102,66.36820741,64.73336425,67.61115178,71.89567753,76.75794243,
        Montenegro,MNE,--,--,--,--,--,--,--,--,--,--,--,--,--,--,--,--,84.78315635,76.04955137,85.70050878,73.72876303,91.85743006,75.64930736,73.40859424,79.00336175,70.53091096,72.51731561,72.37765767,67.54562117,80.69888219,
        Montserrat,MSR,0,0,0,0,0,0,0,0,0,0,0,0,0,0,0,0,0,0,0,0,0,0,0,0,0,0,0,0,0,
        Morocco,MAR,12.00356524,12.1018951,12.73975376,12.8163099,13.95530513,13.78911708,13.77985907,14.1308851,13.98499475,14.54405438,14.38659108,15.04338437,15.14269202,15.23414731,17.31282166,18.46353058,18.92130316,19.80551234,20.22182144,21.05461935,22.31675484,22.81050319,22.9263391,23.1396973,23.38498876,23.25407368,22.72284879,23.78577001,23.73075725,
        Mozambique,MOZ,1.435630616,1.435565592,1.367767462,1.417408075,1.317924682,1.341274561,1.360035136,1.574686994,1.906557489,4.5109309,6.026491994,7.411865035,7.072446672,6.970573551,6.910259648,7.367937045,7.805351216,8.472682503,7.668034906,8.028459899,7.881238436,8.619325691,9.041154145,9.346481637,9.922943111,10.31661356,10.07981971,10.22238487,8.09557333,
        Namibia,NAM,24.19028544,12.47336421,11.29512907,13.85605879,12.90505539,19.8407606,18.85085942,17.83829142,19.21734437,25.26303999,24.11396183,27.46367703,26.00951305,27.01875305,27.74342393,28.78203366,28.20311575,28.51281806,29.50995026,29.41431509,29.86667946,30.62882952,31.31718772,31.35397774,32.77545616,33.69368385,33.15128399,32.52339996,30.92819234,
        Nauru,NRU,0,0,0,0,0,0,0,0,0,0,0,0,0,0,0,0,0,0,0,0,0,0,0,0,0,0,0,0,0,
        Nepal,NPL,1.000708103,1.111676549,1.140855936,1.134274242,1.239949984,1.337346155,1.481969772,1.564509151,1.864018182,2.06587808,2.096862715,2.17571201,2.255838799,2.339266117,2.305437011,2.363667881,2.30307952,2.259084454,2.474691446,2.808341581,2.980429673,3.1726874,3.342381641,3.5424902,3.828998499,3.414435141,4.97285521,5.589194645,6.035332398,
        Netherlands,NLD,227.0328621,236.3856206,232.3292562,235.6192489,236.1476842,241.7021829,253.3539043,248.3052517,247.8078782,244.0486927,247.0642357,252.3429253,253.8282862,257.0762063,262.3623635,263.0688235,262.1491223,261.3162543,257.7660035,247.028845,257.4830145,245.3182961,240.2048688,235.0962897,223.3574998,224.4770963,226.6356991,227.7820211,222.1673619,
        Netherlands Antilles,NLDA,NA,NA,NA,NA,NA,NA,NA,NA,NA,NA,NA,NA,NA,NA,NA,NA,NA,NA,NA,NA,NA,NA,NA,NA,NA,NA,NA,NA,NA,
        New Caledonia,NCL,0,0,0,0,0,0,0,0,0,0,0,0,0,0,0,0,0,0,0,0,0,0,0,0,0,0,0,0,0,
        New Zealand,NZL,203.7993195,200.7082434,201.3424666,201.9577211,210.8764138,212.533405,211.4933386,208.3410592,201.4971774,206.782524,210.4255486,211.5575808,215.5794904,202.7926249,205.1178133,197.2577263,196.0900269,194.6927326,194.2175771,191.3947421,194.6162014,192.3755261,189.8740642,192.0946729,199.3862786,194.2523072,194.4192041,192.545527,186.9315612,185.0081465
        Nicaragua,NIC,8.825528102,8.256671009,9.105376182,9.16446902,9.146471931,9.589717746,9.917917483,10.01805502,10.65612079,11.24141221,10.96903978,11.47148575,11.52653748,12.06169729,12.3823021,12.41407243,12.30449662,12.64172935,12.61976778,12.45296881,12.70118745,13.18183408,13.12856674,13.74946912,14.35579105,15.54865223,15.3614413,15.15882252,14.84394074,
        Niger,NER,1.585717766,1.554244098,1.467950469,1.494971379,1.459090425,1.452561382,1.409792907,1.367988094,1.370509602,1.23097456,0.998943096,0.943238408,0.966977671,1.024795283,1.083709483,0.983767293,0.953405847,0.988144487,1.057541639,1.198555226,1.427529572,1.378457808,1.778911428,1.933399292,1.762710597,1.785835841,1.601883567,1.5437872,1.583329544,
        Nigeria,NGA,7.322138839,7.847201553,7.845285241,7.767620433,7.06428453,7.6633278,7.659419809,7.474125713,6.990889588,6.84150206,6.263814415,6.913035311,7.03885485,7.23400007,7.317751001,7.799896736,6.774884222,6.049291837,7.08553537,4.329391801,5.246313354,7.267390606,7.056932309,8.837553668,9.395496128,8.650635107,8.616268351,8.159516664,8.443997559,
        Niue,NIU,0,0,0,0,0,0,0,0,0,0,0,0,0,0,0,0,0,0,0,0,0,0,0,0,0,0,0,0,0,
        North Korea,PRK,48.35455029,47.39483189,39.21311714,42.47921927,41.02982366,47.74292897,45.47843374,43.50856566,38.24613776,48.42067822,42.72682242,41.18749281,39.89919553,39.39199126,40.73973398,39.77243405,37.46132711,34.15266446,36.59931255,30.81516488,29.27564291,21.76681872,20.70053915,16.22750893,15.18372076,13.37583686,15.40497659,12.52410856,12.96395033,
        North Macedonia,MKD,--,--,52.30167512,53.75582647,46.85772587,48.30015104,52.959711,48.81322641,56.37600581,52.90708767,50.7088931,46.82494486,46.33833095,50.10263929,52.30637503,53.28493563,53.07755523,53.62119631,52.63361264,51.2884922,55.5550945,57.79386808,53.15090034,52.51115621,52.16932921,53.47463343,52.85542803,51.00945352,51.08869067,
        Northern Mariana Islands,MNP,0,0,0,0,0,0,0,0,0,0,0,0,0,0,0,0,0,0,0,0,0,0,0,0,0,0,0,0,0,0
        Norway,NOR,405.0466234,381.4999613,401.4379744,397.4948668,388.2373415,411.0083321,386.496651,396.8733832,408.470538,421.9831791,441.680929,420.6752732,428.1288141,398.2630875,413.2421779,429.4357954,385.4138085,417.1905846,405.8058525,395.5929919,382.4354186,366.6711449,384.6434912,371.8007912,376.553128,368.0803457,368.2519152,360.2955161,356.8594341,
        Oman,OMN,100.9558701,101.5779917,102.5489141,109.64899,110.2075193,101.3539789,102.9182014,118.5788289,153.2213381,133.6651293,161.5869786,168.0452301,177.3582392,167.9454822,163.712925,204.9538473,227.1910931,227.8356918,277.0181069,263.0086271,291.6966152,279.2211042,306.5051827,285.1310628,291.3683069,282.6737371,261.3576209,266.3211522,292.5628414,
        Pakistan,PAK,10.87775239,11.22949574,11.44511941,11.83904791,12.67535043,12.71301851,13.08498921,12.88983724,12.8477373,12.82401803,13.28603543,12.48457776,12.31483389,11.92324487,12.56349857,13.46461942,14.84721546,14.99162123,14.58543273,14.34199288,14.49795671,14.02742644,14.59448298,14.10095992,14.43762068,14.88690812,15.86016587,16.47576841,17.34158104,
        Palestinian Territories,PSE,--,--,--,--,--,--,--,3.24629563,4.935927287,4.828423527,6.10068792,8.099646297,7.342066301,7.713552699,11.49497088,13.80877771,11.87557896,11.92076624,11.15102782,11.16134816,10.89312454,11.83585769,11.57588679,12.02469448,12.69292153,13.78517961,14.05155019,13.76244272,13.67588875,
        Panama,PAN,72.87138992,70.55399477,70.32444139,69.17027343,75.48551365,77.86599861,68.65177172,69.14951223,71.38319345,48.755622,75.51812222,75.28004358,72.96662055,72.21162352,72.2784337,70.8333353,75.54794934,70.04854604,80.59748936,76.71390694,85.5075968,84.76614664,92.49610901,89.48953415,89.96832591,96.61972356,100.3630149,106.0828854,104.4469186,
        Papua New Guinea,PNG,8.267001301,7.988378108,8.226711528,8.167249105,7.643831561,8.662273457,8.825196995,8.160997563,8.020554817,7.927570713,8.830405552,9.884428706,10.13351145,11.27453895,12.34057709,11.66659333,11.68491334,12.29406391,11.97245671,12.05126654,11.35390085,7.90633804,10.92437491,11.48004627,11.6604297,10.67467476,12.82193387,11.2921162,11.73971854,
        Paraguay,PRY,54.67234415,56.47185783,51.93208849,57.22144881,64.53031643,72.69126536,74.34492774,80.05295562,79.78538658,81.74780302,79.92764141,69.69951955,71.26732538,74.19909805,72.40049009,69.79638658,71.97802963,71.25447742,72.48876651,70.8812283,70.71596075,73.49582759,74.40114974,74.01153491,69.10478486,69.93825079,78.97046664,74.73323643,73.88475221,
        Peru,PER,17.51859896,16.89678057,16.28820286,18.2933801,18.90614915,19.45856776,20.41778276,19.19029967,19.47802382,20.19738612,20.47884786,19.89295783,19.90180954,19.74245603,21.42817332,22.29740614,22.87328291,23.45110467,27.01344531,26.7630313,29.77925957,30.91989048,32.52504175,33.16527583,33.44321924,34.34796865,35.0728017,34.7832616,35.54864222,
        Philippines,PHL,10.80264853,10.62851263,10.96245289,11.63332646,12.13783083,12.72095475,13.35741895,13.97117912,14.28877156,14.42181016,14.48136438,13.65787576,13.62445261,13.52428219,13.83629661,12.9907283,12.6835104,12.76598476,13.31182026,12.52171073,12.89060584,12.94553001,13.32535494,13.97144759,13.65807371,15.70744782,16.43859144,17.45275841,17.97799488,
        Poland,POL,112.1095735,109.1590026,104.2799527,105.8241837,103.4924096,104.1415119,110.2111945,108.0617379,101.3564214,99.15811827,96.99630243,97.60471753,95.53290597,98.95303433,100.7999496,100.9449896,102.4715339,104.0628299,104.7046526,101.8196151,108.0099451,107.8442672,108.2607584,108.4160532,105.6912963,108.4615203,111.1695149,116.7823529,115.9239409,
        Portugal,PRT,73.52499568,74.39462163,76.26737679,76.96447655,80.80718692,83.72153484,86.87442312,89.40967495,95.64943506,99.46258013,103.2735181,104.1961791,103.4768107,106.2561255,105.4891057,105.3522342,104.0269279,104.9589101,101.0997828,100.6987548,105.3495904,100.96307,93.44609192,99.80701678,100.2349855,100.2521125,104.4460157,103.6979716,103.5985175,
        Puerto Rico,PRI,66.97388218,66.0867574,65.7903805,65.11070096,64.6219837,64.06159351,63.66614128,63.17055236,62.83916929,62.26554813,120.3285643,130.9247719,134.6323301,140.5452555,145.6328612,141.4550547,128.7491618,124.5103395,116.8259178,109.7099288,93.45472036,101.7664642,107.9057925,95.52362689,92.23031449,94.29775107,91.05574725,91.86299563,98.33780529,
        Qatar,QAT,599.6524199,688.5790637,1053.222783,1110.320147,1101.179716,1095.358362,1106.792855,1139.320598,1127.238553,1082.594019,1115.45434,817.6338773,939.3900682,928.0768434,960.5579417,1027.044351,946.0903776,863.9806477,794.5404201,726.0977323,675.9202904,675.4085238,871.6975028,885.0076531,851.4832754,776.8529088,724.527942,770.8733807,706.0704051,
        Reunion,REU,37.56592644,40.33284104,41.07907932,49.03949412,49.6406773,48.14217207,47.41057131,46.91153671,57.20753652,56.27204604,52.67026098,52.04458017,52.11567076,51.87732567,56.86291901,53.39512322,49.85968753,48.07513748,52.14256794,52.78656233,56.97915613,54.4024531,51.86907001,50.98020263,51.30024985,54.32814125,54.84285685,54.32924269,53.91736785,
        Romania,ROU,121.823168,95.93802756,90.59979974,86.94528468,81.90342134,88.3677352,89.88140635,89.20174273,76.74968502,69.21464949,68.98003081,77.73866951,76.55149432,75.69689923,78.43878164,77.85933805,80.88024977,81.1788841,80.77073759,69.45715988,71.59577572,73.371439,71.91220833,67.64679324,68.97514594,68.49254521,69.36196878,72.25330912,72.68807074,
        Russia,RUS,--,--,244.6848502,220.412449,200.1775549,197.3103279,185.022949,175.2402166,173.7785096,176.3107045,182.8837409,183.8393919,187.2849752,192.6593186,196.675012,195.4758099,204.6524961,203.2871683,209.5266542,189.0375295,213.0911173,220.928182,220.3680252,216.9477134,217.9858559,215.0878467,214.0712713,223.0969017,228.5365064,
        Rwanda,RWA,1.648506423,1.727113975,1.834197373,1.796583123,1.93790836,2.006140506,1.926116436,1.828828954,1.711346441,1.539588788,1.163655055,1.101693606,1.084946704,1.074039703,1.022819506,0.966454174,0.913793488,0.917984637,0.944180462,0.972100461,1.029610604,1.131783571,1.202022885,1.257641922,1.315570651,1.469802095,1.48318936,1.509651508,1.607289068,
        Saint Helena,SHN,0,0,0,0,0,0,0,0,0,0,0,0,0,0,0,0,0,0,0,0,0,0,0,0,0,0,0,0,0,
        Saint Kitts and Nevis,KNA,18.59011454,24.73657007,24.5727743,29.70388293,34.54206781,29.19080495,34.01324915,33.60294221,33.2914516,32.98568282,59.69613037,60.94137633,65.85280862,65.16029794,69.63053114,64.10468889,65.82315085,68.96451077,68.26851107,69.23843764,70.30885822,71.78023226,70.79560776,69.92633825,70.18662583,71.23787204,72.5575176,72.49981772,72.53490423,
        Saint Lucia,LCA,18.09612761,17.83993998,17.6619859,17.41683824,20.3326661,20.08472195,19.86804143,19.5458733,19.27725373,19.03308011,31.89280144,34.26937875,30.73012576,33.76352024,33.61313028,34.33592962,34.22376252,34.90522352,35.37532816,34.06449656,35.22167053,35.45485494,35.07040579,34.81231983,34.99614551,35.07245613,35.27511907,38.04228258,34.79859579,
        Saint Pierre and Miquelon,SPM,0,0,0,0,0,0,0,0,0,0,0,0,0,0,0,0,0,0,0,0,0,0,0,0,0,0,0,0,0,
        Saint Vincent/Grenadines,VCT,11.62519286,10.05815885,12.69746609,10.97251745,18.21402453,19.99055725,18.2680089,21.07765025,23.10388109,23.11943895,22.19333401,25.6594287,27.68997107,28.95588314,31.92583307,32.01962197,31.76734212,32.39647913,32.46503979,43.69918951,32.30840926,29.93426035,36.24989776,29.60778719,30.43392235,31.12209844,30.96508696,35.54164711,32.59875476,
        Samoa,WSM,12.48415511,12.37800765,11.4402793,12.4563593,12.35026898,12.30493972,12.51698756,12.57986637,12.80794131,13.04385475,15.66975013,16.94623749,17.85614303,17.75324747,17.45166667,17.78295623,18.39976393,19.19258096,19.52361418,20.10069161,20.12582759,20.69457308,19.60205776,19.26032187,19.35285333,26.06557578,23.77487731,23.31494815,23.2417616,
        Sao Tome and Principe,STP,8.024430409,8.269726144,8.107748924,7.928705031,9.427296938,9.265754855,9.142024338,8.976694079,8.76999988,8.785599154,7.005129098,6.433061371,7.147937525,7.806819507,8.640089569,8.916302136,9.236297441,9.343722406,9.797586108,10.1349857,10.64828985,10.77248208,11.14815291,10.93522939,10.73029843,11.01237371,11.16488749,11.1427054,10.75983303,
        Saudi Arabia,SAU,205.9193677,208.2149201,213.1065429,212.6120734,212.8093011,204.8566049,215.7024989,224.4331695,229.1825094,240.5780329,249.1107882,252.4628688,256.3306739,261.5690352,278.9055457,285.7865513,287.7489917,287.1124289,298.7413818,300.9861777,319.5650061,324.58105,335.4580095,326.4646265,336.670553,343.3657598,329.6818466,335.6445969,304.5122785,
        Senegal,SEN,4.823322385,4.321996196,5.081616878,5.146030778,6.03517977,6.359918805,6.254056561,5.575916275,5.795002011,6.233968744,6.932930439,7.375951735,7.46959213,7.34638571,7.578968894,7.665392578,7.334384821,7.702328087,7.685898423,7.094830164,7.160727589,7.306978214,6.960878223,7.053770989,7.623955761,8.599865,8.072849299,8.344783054,8.362399694,
        Serbia,SRB,--,--,--,--,--,--,--,--,--,--,--,--,--,--,--,--,94.48407955,94.49175994,94.54458208,90.62361491,93.88374257,95.61139637,90.48249187,90.62421521,81.11922345,90.27524449,92.87058192,96.04540496,96.61617119,
        Seychelles,SYC,87.2700807,97.74062887,95.29136423,96.09859432,94.3497283,96.13331569,95.21649447,99.87337939,98.98032429,97.9399592,158.4349,167.5026294,142.9720367,139.7448084,191.5176691,171.9646074,180.9120369,147.8174748,160.478969,174.2742372,156.765692,133.7130212,152.6503452,136.720073,158.5005791,162.9427581,179.3711467,185.7107696,179.974422,
        Sierra Leone,SLE,3.378393725,3.555066443,2.570224989,2.577146599,2.457261392,2.82984419,2.782636745,2.910094647,2.8794299,2.827234251,1.288444656,1.587624709,1.530741112,1.506194219,1.524725838,1.24393652,1.557535298,1.400612713,1.428887873,1.431207592,1.544297448,1.916474529,2.08268929,2.37604325,2.558713381,2.036595412,2.048355854,1.972776315,1.980707837,
        Singapore,SGP,262.3876519,264.4967562,295.7315263,312.2981755,346.1990135,322.9102937,367.6004046,381.1403986,391.6053976,411.2990953,408.924938,422.352619,414.9804322,464.1997042,494.4781531,499.5486027,523.165794,544.0911255,535.1818357,519.8811682,575.3389354,603.268691,593.6326893,591.6735785,589.3707124,593.5897262,623.1957073,651.9249894,662.2972076,
        Slovakia,SVK,--,--,--,162.5089408,151.6801648,161.5107892,156.2462036,151.3821643,148.8338365,147.0388889,148.6766873,156.4466064,157.2043019,154.3230732,151.5361588,155.7018692,154.5724729,150.0098764,151.7371643,136.1113716,143.8865698,139.6553763,134.0524327,133.8070922,126.864922,130.6720728,131.0436594,135.110137,133.7820225,
        Slovenia,SVN,--,--,113.3667585,120.3412085,125.698324,135.0207726,149.1795672,141.8631104,142.3780039,140.4571316,139.1067991,144.3128621,144.3020916,142.3580516,150.7870893,150.8005796,151.2360502,150.9588292,161.4026925,145.6320452,146.938866,143.7497275,140.8713277,136.9392317,138.3796805,129.0932755,136.0981291,139.1019745,141.4005704,
        Solomon Islands,SLB,7.702143115,7.48816068,7.296192099,7.075265378,6.877312793,6.68583393,6.515999474,6.32124293,6.148060852,5.981397538,6.232377861,6.172186513,6.009389023,6.051136626,5.913153185,5.770092825,5.74990245,6.190951145,5.90016305,5.754614482,5.824064299,5.601456842,5.501224405,5.682742763,5.613208342,5.435152049,4.683744788,7.11813626,5.3291437,
        Somalia,SOM,1.92140072,1.136611861,1.048605058,1.095653128,1.087800658,1.080058501,1.044519668,1.005908866,0.972525305,0.941286751,1.140754226,1.119935223,1.170576064,1.143338869,1.098587737,1.075771841,1.051823773,1.036193162,0.996511413,0.966788771,0.964672061,0.937384634,0.914577868,0.890093681,0.866947149,0.876660395,0.870528685,0.84573946,0.82531466,
        South Africa,ZAF,103.3728274,100.8468176,98.81592523,97.69361542,97.83639574,101.2594472,102.86957,104.9256182,105.4477377,101.0570412,102.2418073,100.0619318,102.711044,106.3689589,106.936723,107.6655896,107.7300422,112.3773251,112.2575755,108.768832,109.584554,106.4028798,106.1745966,105.0990907,102.5121261,100.8493711,98.7493732,100.4363472,95.04069117,
        South Korea,KOR,94.56510124,104.2859485,114.831336,123.2963651,130.8007535,141.1987735,151.1122324,161.232198,147.2217042,160.2083127,170.7235004,174.1819231,175.3946854,181.3246479,184.0408186,189.3537486,191.9884003,198.6360219,201.1296761,202.5349205,219.2455783,226.9169972,229.7785033,227.9850513,228.9062409,234.4045109,241.0884942,241.8005353,243.0325255,238.7840969
        South Sudan,SSD,--,--,--,--,--,--,--,--,--,--,--,--,--,--,--,--,--,--,--,--,--,--,2.013704094,2.080286483,2.111413221,2.548096531,2.52255472,2.115564303,1.732496378,
        Spain,ESP,102.9011953,107.3953721,107.1768234,103.8668313,107.3054643,111.9761532,114.231015,120.2060295,125.5437111,128.8110844,135.7322666,140.7330906,141.172001,144.5962004,148.8300435,149.6123115,147.5267734,148.645967,140.7882566,130.3394112,133.3509411,126.4030677,123.5678326,121.6749881,120.5930572,120.5683808,123.490571,123.8015045,125.5037299,
        Sri Lanka,LKA,6.138660492,5.963279325,5.995704978,7.008024877,7.577334205,7.960987003,8.035500755,8.783497855,9.048259249,9.555612984,10.54224975,10.20419965,10.23300997,10.41283443,10.7194915,11.18615474,11.14955969,11.33316491,11.17705701,10.54207456,12.10661497,13.26290604,13.7298019,13.87810946,14.7975432,16.61595057,17.40987972,17.25316489,17.72252074,
        Sudan,SDN,3.154845267,4.22993112,3.760353242,3.434631278,3.047458641,2.723153204,2.691500976,2.677432134,2.619128865,2.767256868,3.890585404,4.075931936,4.702125776,4.750903834,5.079783684,5.756850331,6.709309743,6.967819467,7.433453048,7.836717085,8.67936536,8.181787874,7.71032623,7.900522202,7.908670901,7.980679343,9.048214262,9.025097345,8.752508343,
        Suriname,SUR,84.69105164,85.27307035,81.70673169,82.32478703,81.11417044,76.68344972,74.69255768,75.36208356,74.3873405,73.95568568,60.59243035,59.11361162,64.80346285,56.73889686,63.55885355,63.93135219,68.87336414,63.64481115,74.43353529,74.83452144,88.86386107,71.4839455,76.5100273,71.28006411,67.89072423,63.45750175,63.43262777,70.57716302,71.12281642,
        Sweden,SWE,258.6034956,257.2836191,261.5611735,257.2965281,258.1182002,262.0244467,258.1217473,263.0203243,272.1319024,267.1725914,256.1745761,271.0068544,256.4477044,243.4084116,259.4711993,261.3027853,249.15627,249.216507,244.9058705,223.2878605,237.7930782,230.125325,235.4084694,222.8713389,218.2514338,219.6670378,217.1362782,219.9974576,208.8516069,
        Switzerland,CHE,172.0850941,176.7880774,177.1181837,174.4287093,176.1980815,174.0726133,170.0580712,173.1103665,175.9233281,183.6987142,178.6916655,185.7351939,174.2044019,174.9267016,172.6612879,167.7419153,169.7956492,167.844729,169.8468509,164.1084431,165.9455398,154.3428526,158.6235268,159.5304797,150.9028041,145.432755,140.8523844,138.5111478,139.6978056,
        Syria,SYR,44.96663314,40.49977028,40.55343477,43.7429846,45.2104035,42.3004431,44.34827374,45.82132935,47.98222064,48.11295762,45.28020975,43.79621533,46.52017039,44.31845354,48.16305671,52.83335148,53.04362867,52.47039055,51.23369994,46.71910678,47.99482983,44.0715874,35.29701341,26.8883372,24.98972317,23.13073272,23.22070743,23.86966172,27.71838889,
        Taiwan,TWN,99.40113561,100.881669,105.5776092,111.3837945,118.5361167,126.8899651,135.9066159,139.6249312,146.816029,152.1416235,161.4566373,165.1968846,171.752695,179.5154533,185.7908591,188.4085431,191.5460346,199.7776068,191.7286593,188.1094317,200.6387724,198.5962881,195.0158797,195.4756651,200.6009818,199.6809406,203.5675324,189.926072,200.3587815,
        Tajikistan,TJK,--,--,51.34668474,46.65678389,44.55289254,36.24171447,39.31626759,36.83153806,37.46117317,41.66750089,32.28062614,33.24328124,33.62567222,34.74354519,34.74533934,34.85811424,33.4384567,30.90740348,29.18108658,25.64567918,25.92715446,25.03932207,25.8587776,26.17632208,26.11513936,25.52692776,25.64231738,25.88951722,26.73385228,
        Tanzania,TZA,2.161405866,1.916398996,1.945370871,1.96049816,1.705436411,1.642065776,1.693209814,1.537584162,1.736029999,1.782545577,1.781168373,1.998768736,2.140170805,2.103333796,2.492705537,2.558911017,2.559512511,2.694266317,2.73099715,2.615076216,2.937219857,2.89678148,3.378858944,3.424766754,3.474485793,3.475437507,3.704621935,3.285047232,3.418517489,
        Thailand,THA,22.00110027,23.76793491,25.30479502,28.69829462,31.64838443,35.44007476,39.55608829,41.81039855,38.79719396,39.19342685,40.64795112,42.65951469,47.25281773,51.31526828,55.05908877,56.26715538,57.03839745,58.60758063,58.78053447,60.76533131,65.64806708,67.02510356,70.96961945,74.69363669,74.73976456,75.03450207,77.16015914,78.51840254,80.30466038,
        The Bahamas,BHS,159.9614598,139.2855785,115.6190687,119.8165513,130.7993522,153.8998069,171.1750475,164.8747334,185.1493273,160.9331215,188.4749954,189.1840968,192.9985113,132.4554408,144.1557294,136.0689184,155.0903689,175.2405398,168.1081646,124.2413616,127.5018172,111.1182553,127.014141,117.0141624,113.8256971,107.7724158,111.7154341,131.8822591,141.8611446,
        Timor-Leste,TLS,--,--,--,--,--,--,--,--,--,--,--,--,--,2.51871498,2.657788883,2.60475355,2.601742867,2.641162516,2.850352586,3.133539212,3.204236621,3.266059309,3.794467096,5.615167902,6.328643558,6.091332369,5.841924399,5.843810824,5.806984538,
        Togo,TGO,2.690994966,4.353200129,3.163344332,2.662228734,2.698789139,2.887088084,2.689590624,2.466093505,2.617650379,3.582070345,3.286526382,2.757015164,3.041977268,3.563142824,3.46983768,3.291997441,2.823328575,3.313154423,3.851103651,6.626769191,6.14597928,5.581372907,4.895314171,4.655628822,5.384552242,5.081904756,5.230286581,5.205459434,4.613228322,
        Tonga,TON,14.09932047,14.29525529,13.57002414,13.51805514,18.33599816,16.53285018,18.73164976,19.52959848,19.77217481,19.6834655,15.26193406,13.6737732,14.74548682,18.06427341,16.62574192,17.58292274,19.62135296,16.65685669,17.84725737,19.27567184,17.53001732,16.65649127,17.01842915,16.67280605,18.15454626,18.95892042,20.01040112,23.44469993,19.97049197,
        Trinidad and Tobago,TTO,NA,NA,NA,NA,NA,NA,NA,NA,NA,NA,NA,NA,NA,NA,NA,NA,NA,NA,NA,NA,NA,NA,NA,NA,NA,NA,NA,NA,NA,
        Tunisia,TUN,24.32540378,19.6685111,22.21261443,24.83062663,26.3788415,23.41132789,24.7685714,28.38479737,30.14441338,30.04293941,31.30767233,34.44888889,33.8308011,33.09954187,33.48816973,36.04223237,33.67715023,29.70707121,33.99633532,28.05533814,28.49087798,26.91109759,29.28393849,30.71782646,33.51546388,34.25190454,33.81266332,35.39372716,35.54528339,
        Turkey,TUR,35.84716617,35.96209121,37.41201198,40.38625654,39.15794023,43.15162276,46.59529296,48.00987173,48.80239095,47.01626511,50.10531934,45.15055043,48.34278213,50.22427785,52.15822844,54.76888182,59.14263814,62.83283202,60.60204114,60.52282755,62.16673229,65.43818384,67.61573474,66.82917893,67.41335794,73.21896782,75.62383291,79.56548928,77.52725148,
        Turkmenistan,TKM,--,--,76.65409183,70.47683589,67.33472954,70.77844546,68.91251569,69.58785475,63.42195308,71.14272995,100.9956097,117.1807414,137.0944245,170.7699103,177.4084469,185.8010574,142.4776148,134.6964014,108.4903794,174.776994,201.9509885,230.721913,260.553487,262.3704101,263.5254081,315.9506479,309.8921429,301.8215101,297.5016897,
        Turks and Caicos Islands,TCA,0,0,0,0,0,0,0,0,0,0,0,0,0,0,0,0,0,0,0,0,0,0,0,0,0,0,0,0,0,
        Tuvalu,TUV,0,0,0,0,0,0,0,0,0,0,0,0,0,0,0,0,0,0,0,0,0,0,0,0,0,0,0,0,0,0
        U.S. Pacific Islands,USIQ,0,0,0,0,0,0,0,0,0,0,0,0,0,0,0,0,0,0,0,0,0,0,0,0,0,0,0,0,0,
        U.S. Territories,USOH,0,0,0,0,0,0,0,0,0,0,0,0,0,0,0,0,0,0,0,0,0,0,0,0,0,0,0,0,0,
        U.S. Virgin Islands,VIR,NA,NA,NA,NA,NA,NA,NA,NA,NA,NA,NA,NA,NA,NA,NA,NA,NA,NA,NA,NA,NA,NA,NA,NA,NA,NA,NA,NA,NA,
        Uganda,UGA,1.122674812,1.148184301,1.256653927,1.226329333,1.228874369,1.20124786,1.214615414,1.253482172,1.30313231,1.268491007,1.493484449,1.476405934,1.466304765,1.497844638,1.545719341,1.702304563,1.600025368,1.870518817,1.906200583,1.88621467,2.10390335,2.120915581,1.982673896,2.23023622,2.515428789,2.384998683,2.553235502,2.667264405,2.456884619,
        Ukraine,UKR,--,--,176.2321098,168.4656347,143.4596896,134.8131149,122.9091261,121.422229,118.1995274,123.0682251,120.6115856,119.2815797,124.1197928,135.1589885,124.102162,124.9537465,130.8970859,138.1491894,136.1323712,101.3605757,112.3047606,123.5081238,113.3144651,107.6589604,96.47927222,89.57275819,90.76800146,86.33407345,88.32897811,
        United Arab Emirates,ARE,671.2475558,764.6463816,782.0055373,692.3780273,647.972643,664.4549128,652.4873597,654.1537043,645.653491,623.207821,666.9481084,662.5319838,638.3770555,609.7063664,601.3820865,581.3281374,523.8221146,502.2893079,514.2064095,452.7904209,425.6482195,465.1210681,452.6294674,465.2300359,455.4458977,509.3534279,504.0930014,493.1090142,478.9479961,
        United Kingdom,GBR,162.2414759,166.9681279,165.2445333,167.3035164,167.2668992,167.283198,175.8827772,168.3598512,168.6081392,168.5865682,168.1063719,168.695616,165.7187536,165.8918684,165.6139495,163.9104301,161.0420062,154.0972182,151.1606997,141.4911875,146.2268903,136.0506289,137.3151912,136.0293846,127.9449951,128.2716863,126.2630645,125.4593995,124.5627718,
        United States,USA,338.3854726,333.741643,334.3519008,335.884129,338.3163955,341.6146116,348.7963183,346.7393481,344.2103009,346.1102935,349.940629,337.2181314,339.2030365,337.2854558,341.6177132,338.8294698,333.2068578,335.0191533,324.8365144,306.2945256,315.2970364,310.760213,300.383633,306.7792521,307.9951798,302.7662895,300.3149337,299.0338156,308.1240586,303.8775701
        Uruguay,URY,43.26748842,38.13028043,43.69022172,44.35204375,43.50133921,38.31475807,39.77009287,43.18755417,53.72210313,47.93444909,49.40951776,54.01069026,47.9558539,48.19217759,46.39144549,50.08375635,45.60248673,53.87339933,57.08466255,59.69460677,62.26153847,60.81067749,60.82327336,63.29783514,64.90871422,66.64736505,67.45549572,64.88466281,66.31551487,
        Uzbekistan,UZB,--,--,78.39109121,95.68629478,78.88351586,82.02311042,80.69828264,79.44475373,76.7939896,75.87065963,78.73988901,80.86460687,81.55846488,82.08221022,85.08305552,78.98585684,78.74885953,77.52727922,78.58923149,70.09626233,68.05187437,72.82211759,71.34878722,63.92202577,68.60355817,64.78559148,56.08368682,57.84714087,56.05598286,
        Vanuatu,VUT,11.26497925,9.159703552,4.665680146,4.521216977,4.400423837,4.29488861,4.216150514,4.12900269,4.05778379,3.98472131,7.045553783,7.671268584,7.142481843,8.169275965,6.408637299,6.250737887,5.65993876,8.963586364,8.632470925,9.736442489,9.809308182,11.04618309,9.013087454,8.488914595,9.427763385,8.642372156,8.492966722,8.951709648,11.29809599,
        Venezuela,VEN,106.0033557,110.1003241,108.0528537,109.2454254,113.3490458,112.7689533,114.9260823,116.6291522,120.8359921,111.4038875,112.9347516,121.5805301,113.7457194,102.9173358,113.9424389,113.6715101,117.9935564,109.7891389,114.8477585,111.0054907,109.3220885,108.5425544,115.7675715,108.0431302,101.7596837,101.7204102,98.28216466,93.86399094,91.86867677,
        Vietnam,VNM,3.25331805,3.517807902,3.79993914,4.346574635,4.773489876,5.711759544,6.68431296,6.740649251,7.065065761,7.797724305,8.33221791,9.485378307,10.81983037,11.75339793,14.58784282,15.35210091,16.09014027,17.35788335,18.77041333,19.95952064,21.46996868,24.22320817,25.61530669,24.92585894,27.84393516,30.47750173,33.50276976,35.08767511,37.60329926,
        Wake Island,WAK,0,0,0,0,0,0,0,0,0,0,0,0,0,0,0,0,0,0,0,0,0,0,0,0,0,0,0,0,0,
        Western Sahara,ESH,0,0,0,0,0,0,0,0,0,0,0,0,0,0,0,0,0,0,0,0,0,0,0,0,0,0,0,0,0,
        Yemen,YEM,13.71265414,13.50782753,13.44612496,10.52661488,9.506348618,10.10625583,9.800962939,9.791647001,10.29607393,7.515403754,11.78678009,12.32301355,12.07695937,13.45164998,13.79923925,14.13313868,13.72492374,14.16541897,14.46030729,15.57523155,14.69744039,12.01045336,10.12405148,13.90494126,12.81746907,6.743885591,5.26422758,4.741718398,4.336396133,
        Zambia,ZMB,13.98912464,13.1183824,13.13025139,12.25369953,11.89684543,11.14557929,10.32652586,10.87192779,10.35400103,9.772926361,9.563079068,9.750101255,9.824759,9.921032221,9.958023035,10.2117578,10.28295391,9.454338735,9.511737214,9.404529178,9.574452142,10.40715581,10.84024604,11.13935985,11.58874895,10.87594639,10.00600701,11.18503552,12.20761432,
        Zimbabwe,ZWE,20.03811433,20.0113746,18.02930401,17.09386873,16.11610043,15.7617741,16.00993107,15.64510951,15.6433224,17.90404995,16.71995716,15.72982641,15.60311147,15.12160444,13.96480387,14.36995513,14.31058745,13.94183107,11.50146597,11.23952415,12.39586888,13.30789764,14.17390694,14.15380183,13.71300957,13.53829047,11.37110905,10.94727248,10.90466514,
