Fossil fuel energy consumption (% of total),,,EG.USE.COMM.FO.ZS,,,,,,,,,,,,,,,,,,,,,,,,
Country,Code,1990,1991,1992,1993,1994,1995,1996,1997,1998,1999,2000,2001,2002,2003,2004,2005,2006,2007,2008,2009,2010,2011,2012,2013,2014,2015
Aruba,ABW,,,,,,,,,,,,,,,,,,,,,,,,,,
Africa Eastern and Southern,AFE,50.07072273,50.49355346,47.96650668,49.28068471,48.8116183,49.4445246,48.65646674,48.60843976,47.73347751,47.92847167,46.94725174,47.43574595,46.19521812,47.27177854,48.86205833,48.60696669,48.24439321,49.55117156,50.8885624,49.88287297,49.03532859,48.30386239,47.57241299,46.89518023,49.30429209,
Afghanistan,AFG,,,,,,,,,,,,,,,,,,,,,,,,,,
Africa Western and Central,AFW,20.73615135,21.59448259,22.46633088,21.97567824,18.63309325,18.59759806,20.02825379,20.41243335,19.51588133,20.49925163,20.85686294,21.99654048,22.23309518,23.28590336,22.57797875,22.67614909,21.33475188,20.67407703,21.40878212,19.98877361,21.9468786,22.61050613,23.05394242,23.08163489,23.47127803,
Angola,AGO,25.48038842,25.48286109,24.09807593,24.96466182,24.43968302,22.78019633,23.49809695,23.87447372,22.12486544,24.71441292,25.22005192,26.67929998,28.14780415,31.72142412,31.56163719,27.08377147,31.67467436,34.74247582,37.96075957,41.79933124,42.99251503,43.8497839,48.01005977,46.50855392,48.30559301,
Albania,ALB,76.59397508,69.82499607,56.07929065,53.47897796,54.8469148,49.54164119,45.45376374,41.44934024,45.2948183,58.23879385,58.71509801,60.95582784,63.23313038,64.52837122,65.57827326,66.48668055,64.4559899,65.12239247,63.84717579,63.4217264,63.23900375,61.50276527,57.75408172,56.39533881,61.42180139,
Andorra,AND,,,,,,,,,,,,,,,,,,,,,,,,,,
Arab World,ARB,93.85562463,92.74238734,94.14939376,94.46996178,94.15898926,94.87096635,94.8639233,95.00692383,94.85585825,94.64784845,94.99382528,95.19902384,94.78076732,95.19202299,95.19132121,95.17014527,95.44927661,96.12584384,96.46673111,96.21598654,95.89111881,94.96438725,95.01932949,96.22709585,95.47834279,
United Arab Emirates,ARE,100,,99.85522171,99.88737141,99.90964437,99.91496754,99.93960629,99.94282166,99.94641398,99.94752516,99.9463267,99.95791015,99.95756782,99.95686804,99.94023556,99.93717685,99.92993397,99.92517547,99.92683097,,,91.67558547,90.10453743,93.6148829,86.12834902,
Argentina,ARG,88.65260513,88.85473896,88.80594542,87.68722886,87.00193544,87.09209567,87.69628353,86.89501343,86.78511763,88.27912241,88.38751029,85.99454411,85.80340795,86.01471381,89.32496763,89.05328415,88.65322796,89.22537849,90.65178935,89.61199315,89.50324321,88.85381112,89.02490707,88.96606441,87.72240748,
Armenia,ARM,97.04405518,96.51656694,92.71928489,82.06376731,76.96840312,84.25106362,57.65082395,70.63609757,72.12610749,65.2516387,70.04899236,71.1767448,61.80609664,65.7106213,66.90142761,68.09841787,67.49580824,70.552564,73.28613291,68.2054583,67.40110849,71.54992989,77.33294329,75.49284382,74.56186571,
American Samoa,ASM,,,,,,,,,,,,,,,,,,,,,,,,,,
Antigua and Barbuda,ATG,0,,,,,,,,,,,,,,0,0,0,0,,,,,,,,
Australia,AUS,93.91128569,93.68871804,94.34266007,93.75834561,93.88648312,93.83177017,93.64822076,93.51265089,93.87865071,93.92791207,89.32816819,98.05308843,95.89021479,93.88602451,94.06821267,94.21585218,94.28316545,94.29310395,94.35148823,95.51005853,94.42474222,94.42165586,94.37700612,93.70804882,93.38683566,89.62563011
Austria,AUT,79.13234543,79.12700716,77.23721117,77.01114249,77.58570758,77.98279868,78.19818694,78.41612405,78.51556371,76.60732845,76.53529223,76.89638903,77.31087417,78.1444293,77.69929366,77.03042943,74.69833424,72.62977854,71.5548631,69.83650772,70.26705703,69.1541834,67.30250679,66.25380351,64.81315647,65.66182199
Azerbaijan,AZE,99.90499422,99.90295269,99.32101065,98.58502553,98.66479606,98.65973318,98.39426687,97.89809801,98.23795384,98.0526344,98.28790192,98.39211829,97.31467397,96.94923599,97.13499898,97.11654376,97.60562064,97.76469853,98.30247707,97.91653071,96.93249161,97.86257155,98.47670157,98.21123272,98.36599003,
Burundi,BDI,,,,,,,,,,,,,,,,,,,,,,,,,,
Belgium,BEL,75.81586996,76.39700683,75.93220102,75.93501516,77.64937481,77.40569753,77.64448379,75.89831874,77.04852705,75.7901429,75.8540864,75.62829263,74.47018148,75.23284587,75.01945859,74.76394898,73.94251149,72.66654993,73.39363209,72.64002312,72.79361704,70.25449593,71.11571411,70.8203058,72.65250484,75.87078435
Benin,BEN,4.838998023,3.854705081,3.93128468,3.835510654,3.865559423,3.780880657,13.33205008,17.32187486,17.33049548,21.00728423,25.48618782,27.46527702,29.64712259,32.0774443,32.8223794,31.04976023,36.32541119,39.66925034,39.07586139,39.80167892,41.55418574,39.43086778,36.17277074,36.47506881,36.72458133,
Burkina Faso,BFA,,,,,,,,,,,,,,,,,,,,,,,,,,
Bangladesh,BGD,45.52428698,44.67103918,46.72802762,49.45684214,50.25109694,54.40918593,56.07741741,56.57335085,57.62886784,57.27512604,57.94291987,60.7230371,61.04664093,62.3942704,62.48464734,63.34035291,65.33087795,66.41712545,67.58003802,69.00602698,70.96940448,71.64883909,72.68378039,72.86167193,73.76893795,
Bulgaria,BGR,84.12115557,81.87300483,82.48892414,81.91968186,79.84780036,78.77100169,77.48124012,76.82164659,76.14153183,74.73726206,72.38504117,73.14546314,70.46655611,74.09060224,73.97692939,72.96125478,72.47924391,77.72065833,76.14213638,73.02381788,73.16454291,75.0439513,72.18710039,70.20847929,71.04592252,
Bahrain,BHR,99.82209057,,99.91785255,,99.97064929,99.99998445,99.94205771,,99.93882341,,,99.954494,,99.05888346,,,,97.83177195,,99.78244843,,98.78594551,,,99.36584717,
"Bahamas, The",BHS,0,,,,,,,,,,,,,,0,0,0,0,,,,,,,,
Bosnia and Herzegovina,BIH,93.92556938,93.78245011,91.17220052,89.58488974,67.39492788,67.98200762,72.99470787,84.74508396,85.61244939,84.80497789,87.89389885,87.29585731,87.74904709,88.87669927,89.0009852,88.50970947,90.49292978,91.07144944,92.31931424,92.60429081,91.65263533,93.99664295,91.94780332,92.50400217,77.52204497,
Belarus,BLR,95.61863185,95.30931291,95.28447313,94.8614641,94.6243203,93.09691962,92.16835137,92.38222568,91.2963115,92.24416123,91.6224497,91.230334,92.02802138,92.19085063,93.5856553,92.67264293,92.58393391,92.34180176,93.18677185,91.77907181,91.99553597,91.3924706,91.04727046,90.67204031,92.44037502,
Belize,BLZ,0,,,,,,,,,,,,,,0,0,0,0,,,,,,,,
Bermuda,BMU,,,,,,,,,,,,,,,,,,,,,,,,,,
Bolivia,BOL,67.20305862,66.51871394,69.20822225,68.57968935,71.49556907,74.22273214,76.49405639,78.34940725,78.77728042,78.1339915,82.55108852,77.19835064,80.86023884,81.99133613,81.62470717,83.27413782,85.95852752,82.04786586,82.60450095,80.95941748,82.32042868,82.99562133,83.52557303,84.18089928,84.15328999,
Brazil,BRA,51.21583027,51.95474511,52.68438588,53.26424997,53.26672895,54.60825221,56.26743393,56.68118402,57.34050814,57.28867439,58.23206392,58.94968977,57.15399761,54.64132844,54.6982243,54.25232116,53.42289188,52.66064026,52.56946061,51.31850799,53.48790284,54.56870942,56.54889227,58.01808225,59.10753264,
Barbados,BRB,0,,,,,,,,,,,,,,0,0,0,0,,,,,,,,
Brunei Darussalam,BRN,99.86999736,99.92175021,99.96137488,,,100,,,,,,,99.9999073,100,100,100,100,100,,99.99993427,,99.99563633,99.9955353,99.99437899,99.99518847,
Bhutan,BTN,0,,,,,,,,,,,,,,0,0,0,0,,,,,,,,
Botswana,BWA,64.83448563,62.16777964,65.3100088,63.96703942,61.95490733,63.05320083,60.17227447,60.63283851,63.70149532,64.85003416,65.11338653,64.7836332,65.37722141,64.14482681,65.6905938,66.83188661,66.82997336,66.00371814,66.6560959,63.05156961,64.83608167,62.26252518,65.78999287,68.82603295,74.68798407,
Central African Republic,CAF,,,,,,,,,,,,,,,,,,,,,,,,,,
Canada,CAN,73.60549156,72.29038202,73.43636302,72.57768592,71.6982666,72.52018144,73.23708495,74.7361058,75.88275618,75.63775473,76.10257181,76.15495344,75.16336686,76.54703877,75.19713565,75.74513789,74.56307191,74.73558379,75.07600268,75.06600051,75.38539269,74.69174698,74.43947915,73.17351572,73.19287432,74.08906202
Central Europe and the Baltics,CEB,89.25330505,88.74399056,88.52183425,87.65971908,86.96654717,86.79288364,86.35280844,85.71687481,85.45168272,85.16067309,84.74255216,84.67572611,83.91131137,83.95075142,83.26790699,83.18497664,83.39174072,83.06888313,81.70598525,79.88391258,80.25491985,80.09576321,78.56672776,77.70767866,76.24536377,79.36373837
Switzerland,CHE,58.47535736,58.67384013,58.75908141,57.53645147,57.52886307,55.90274102,56.14527062,57.20746852,56.88829482,55.80758728,54.35917144,56.01906198,54.45185282,53.7761111,53.96556489,55.46078234,53.83805101,51.49093203,52.51119511,53.23807768,51.55355017,50.38877908,50.91662817,52.10555859,48.74185988,50.16822548
Channel Islands,CHI,,,,,,,,,,,,,,,,,,,,,,,,,,
Chile,CHL,72.15647687,68.03674236,66.35600413,68.074028,69.82379099,70.00781441,72.39165888,74.6555643,75.52716036,77.1642196,74.51149695,73.10697125,73.20071836,74.56344116,75.18353618,74.24470723,74.00914851,76.0264465,75.18426695,73.47402668,77.60667223,76.67911718,70.03944215,68.64980209,73.25054383,74.64721226
China,CHN,75.70916065,74.8319676,75.43198361,76.46878729,77.04504013,78.42785838,78.98587561,78.93511417,78.99403588,79.4000084,79.84135584,80.19740227,81.20212523,83.22975774,84.79645465,85.872736,86.82834222,87.40785733,87.22405182,87.63569469,88.25519867,88.89836293,88.41916221,88.23749257,87.67043077,
Cote d'Ivoire,CIV,23.70435049,23.32147422,27.59821797,28.55316939,28.24525708,25.15002986,32.01815313,32.10809865,30.82691939,40.89197809,37.13014926,34.29839715,37.84871563,32.50144051,24.9305733,25.39125672,21.44916428,24.25328525,24.61665796,22.71780363,23.23150743,20.86776164,24.68015408,26.6581215,26.49233002,
Cameroon,CMR,18.7105213,17.38854825,16.11054363,16.65420131,16.90453879,16.07419445,15.68953898,16.15444972,16.36026926,14.6517909,16.30728639,15.52265808,15.81143353,16.64589756,16.68841249,15.33399116,17.04219421,28.88515826,27.62178047,30.89290482,31.16396337,29.73959214,35.27203752,35.7817563,38.31785719,
"Congo, Dem. Rep.",COD,11.1623528,8.779668507,7.866010165,7.351352329,4.710080753,5.493197164,5.815207924,4.766045299,4.125985415,3.086504486,2.036553247,1.639733291,1.714585084,2.015286661,2.112644231,2.546349612,2.678500494,2.873759641,3.067486181,2.742569362,3.078211005,3.691647321,2.87171647,4.17663824,5.355814142,
"Congo, Rep.",COG,34.25540049,35.2060367,33.01862048,32.09623019,20.37155024,29.64774282,22.03410396,18.56354688,15.8249149,16.68382563,26.22458697,29.376962,24.25694895,32.50949847,32.29916434,33.30971621,28.97443254,35.15468123,35.49801146,40.25490475,42.0429919,36.59055252,41.47229036,41.60714156,40.48060338,
Colombia,COL,67.37966457,68.22121389,70.80867713,70.36132127,69.18074733,69.51032207,69.90407976,75.85067815,77.26166214,73.52906728,76.01413926,76.67612827,74.94785653,73.97276515,74.9256406,75.92287113,75.27958214,74.41022167,74.9778164,77.30712698,76.95310387,75.71843548,75.54988015,76.76212718,76.68569263,
Comoros,COM,0,,,,,,,,,,,,,,0,0,0,0,,,,,,,,
Cabo Verde,CPV,0,,,,,,,,,,,,,,0,0,0,0,,,,,,,,
Costa Rica,CRI,58.51363363,59.397972,58.76441408,58.57040387,57.93665153,59.28411092,57.25565494,58.91862494,63.72876919,61.00568975,59.02715912,57.21194443,55.00195317,56.59465626,47.9928658,46.89102785,47.72020792,49.06389155,48.9982241,48.07062372,47.51590421,48.26480979,47.88482987,49.37779479,49.88027273,
Caribbean small states,CSS,78.32422446,93.78304838,94.27459011,94.26527033,94.12479015,94.37856994,94.91917317,94.56333523,95.53296224,95.90112139,94.64854451,95.62352157,96.39054312,96.79430727,86.56211106,87.54199013,88.48887803,88.89179662,97.01075123,96.79487151,97.33297609,97.17518204,96.93591366,96.94117852,96.90434258,
Cuba,CUB,61.68943237,59.47544771,54.9412599,61.61673999,62.83147458,68.85471624,66.95607493,68.90243617,71.65304375,70.47882818,70.90016328,69.7332787,72.62938506,75.27021054,75.43884757,81.0269063,84.23232078,84.97962141,86.92784489,87.26589083,89.88459214,87.59646004,87.46447104,87.50883462,85.59641456,
Curacao,CUW,,,,,,,,,,,,,,,,,,,,,,,,,,
Cayman Islands,CYM,,,,,,,,,,,,,,,,,,,,,,,,,,
Cyprus,CYP,99.55043982,99.60232746,99.64979694,99.67524793,99.27721577,97.36608426,97.59309465,97.58644257,97.6772923,97.69161926,97.8604881,97.82739383,97.77565525,97.81017484,97.50079665,97.43157066,97.50689329,96.71664611,96.1058446,95.78148443,95.39065382,94.89409483,94.16552487,92.99080984,92.90621503,
Czech Republic,CZE,91.62584689,91.7465883,90.47874402,89.70098405,88.48359884,89.26306987,89.26163926,89.55314042,88.81523707,87.93101343,89.96283546,89.02093783,86.87193923,84.24960425,83.69024338,83.67512072,82.97817308,83.06227734,81.42330557,79.65769772,80.55980081,79.28733913,77.20089283,77.18176944,75.27852225,77.73458706
Germany,DEU,86.83788464,87.09636477,85.95284872,86.00930916,86.02180942,85.81095471,85.90869753,84.62946066,84.92246199,83.93137164,83.62197514,83.60503302,83.27815679,83.18231409,82.56602162,81.85567627,81.27188318,81.27195016,80.80225178,79.96746885,79.56035026,80.37020876,80.62522298,81.08826801,79.71052694,78.86255106
Djibouti,DJI,0,,,,,,,,,,,,,,0,0,0,0,,,,,,,,
Dominica,DMA,0,,,,,,,,,,,,,,0,0,0,0,,,,,,,,
Denmark,DNK,89.59051862,94.08441927,90.72488798,91.75701497,94.63847163,92.36304094,98.52626246,94.36666382,92.6766256,90.89289458,88.2800504,88.2707013,87.98990847,89.67967719,85.47478824,82.18730305,86.63662222,82.03661355,80.13136834,79.57580426,78.27422571,74.82227821,70.86237066,70.25938711,67.70455812,64.92708947
Dominican Republic,DOM,76.45631322,76.17839989,78.78107052,81.03756104,83.56493018,84.91800504,85.56770281,87.17742176,85.26174313,85.30557383,87.14808017,87.70129559,88.26308159,85.49507746,86.62648881,86.42435374,85.40245101,86.89827457,87.11289573,84.87242119,85.40274143,86.48453225,84.82242766,86.76671153,86.56359598,
Algeria,DZA,99.93829643,,,,,99.87245929,99.8415349,99.76407728,99.71309035,99.7444924,99.81505213,99.77568248,99.74042914,99.73160646,99.73793913,99.61031383,99.74001863,99.75208391,99.82113635,99.81061946,99.84783479,99.88747563,99.85891737,99.910365,99.97791672,
East Asia & Pacific (excluding high income),EAP,71.96879141,71.44935912,72.06793179,73.42362727,73.95347028,75.34927239,76.01504027,76.14940146,75.94768766,76.32184864,76.68428394,77.14802927,78.2122792,80.1321257,81.79183147,82.99371948,83.91060117,84.54844309,84.39751332,84.68017523,85.5202536,86.12799823,85.69478095,85.68097946,85.49959455,
Early-demographic dividend,EAR,71.19373647,71.31681632,71.82451965,72.40467574,73.03720214,73.88446255,74.19710849,74.48672398,74.79100824,75.2384177,75.21748328,75.58610673,75.8525551,76.1853126,76.82659727,77.17107389,77.66972724,78.22968464,78.82466983,79.21596225,79.28369723,78.87501665,79.37942532,79.00253667,79.50189014,89.53660154
East Asia & Pacific,EAS,77.04204665,76.68828066,77.26621616,77.7750635,78.34240101,78.80392076,79.1743446,79.21677269,78.65015111,79.13821678,79.19559548,79.84971035,80.57916429,82.02433639,82.81005273,83.25583853,83.9015836,84.74013956,84.54008587,84.54991929,85.1620154,86.59731781,86.74263228,86.72373005,86.396153,87.88536415
Europe & Central Asia (excluding high income),ECA,93.03832828,92.91598638,92.21347323,91.66138472,91.44559777,91.06532445,90.45269485,90.05709673,90.04929188,89.67666476,89.52518041,89.48695811,89.40798618,89.72240647,89.47083854,89.3841842,89.45589204,89.53850031,89.69124164,88.84451015,88.97931638,89.52638166,89.37533303,88.30652965,89.39678118,86.84318766
Europe & Central Asia,ECS,86.71457387,86.40307843,85.50897922,84.61249467,84.10059852,83.79051085,83.3616273,82.84719652,82.84127009,82.50011398,82.34366636,82.13178803,82.09195172,82.27396695,81.9615428,81.77460714,81.71437698,81.61764451,81.35234459,80.2614845,80.14902806,80.21061628,79.76864035,78.80862161,78.37981506,71.57049154
Ecuador,ECU,78.20974884,78.64847381,81.81159194,79.68356687,80.38830216,84.11476233,83.41052993,85.75095066,84.96531851,83.1562901,84.10732733,85.86363431,85.43973825,85.2379539,83.95550578,84.88932983,84.94441186,85.5949458,83.14892818,87.01507558,87.84865451,86.24184617,86.06629324,86.77054519,86.88466036,
"Egypt, Arab Rep.",EGY,94.07344273,93.88800278,94.04718146,93.96157784,93.38439842,93.81627817,94.07725083,94.15809928,94.44745481,94.01790377,93.88155107,94.22360415,94.87049143,94.97358,96.81736276,96.23115195,96.28099188,96.04047938,96.16210914,96.40166314,97.21176113,96.7923892,96.81680023,98.46009119,97.92892979,
Euro area,EMU,79.56676723,79.33162429,78.54812658,77.85387056,78.01743193,78.06609718,77.74822463,77.37886921,77.80392056,77.34870958,76.83885377,76.77614419,76.60436832,76.44328633,76.32204327,76.11145753,75.5805138,75.21275897,74.39048733,73.47282059,72.78119997,72.33455766,71.69580202,70.84715102,69.41660494,69.95485443
Eritrea,ERI,,,19.35538288,23.18490009,25.5312677,26.79251562,27.86632445,25.12114757,28.8034706,29.27836551,28.26607486,28.37351209,26.8514906,29.6708356,35.21806958,34.40924565,25.86075752,26.08490665,19.10593817,22.20619754,21.5776664,21.88379983,22.53636526,22.60559937,23.1334477,
Spain,ESP,77.38649914,77.95235701,79.25417767,77.6916953,78.59018687,79.60094521,77.85351034,80.06129405,79.52609681,80.97590441,80.63494269,79.84999602,81.46071287,80.82302302,81.83202563,83.4668124,82.50958877,83.18621648,81.80831582,79.71021292,76.00086331,76.50008869,75.0081484,72.55135063,71.53112185,72.95554612
Estonia,EST,43.73658072,43.02973221,31.77362212,31.65620666,31.37207382,28.00473057,27.97456242,27.51803402,31.24086431,32.2073056,28.65162331,31.87495347,29.58705583,28.30689005,29.24585849,30.28470368,31.41138672,28.59866481,28.07201921,23.28809432,20.57485777,18.87797812,19.55974938,17.19862975,14.49029111,13.05621534
Ethiopia,ETH,3.55033136,3.400891522,2.244968,2.736625394,3.04826749,3.343246354,3.51351176,3.311723269,3.325111178,3.225670428,3.427088548,4.132048222,4.186229952,4.3988355,4.474102441,4.093588189,4.247062388,4.648887741,4.905288427,4.856801682,4.579117972,4.573411803,5.007566884,5.78827082,6.56980663,
European Union,EUU,80.88078633,80.36281508,79.71374395,79.01289444,78.88216124,78.90350032,78.71049398,78.165039,78.2794776,77.77490589,77.3691622,77.23596398,77.08983525,77.0638213,76.67393906,76.40953637,76.12642815,75.72293358,74.83150619,73.80373833,73.18514518,72.82949596,71.86365253,71.03358642,69.67524016,69.88602617
Fragile and conflict affected situations,FCS,52.21618621,51.76152184,51.73723734,51.36296979,51.749635,50.86239919,50.70204807,51.4469547,49.64703158,47.89610033,48.35936425,49.0528823,49.0298795,48.09805334,48.31648131,48.17013189,48.10317213,46.68138047,48.20306188,47.95983005,49.24893558,44.87493835,46.21070416,47.56506363,39.95254924,
Finland,FIN,55.47017689,56.56220558,53.92849134,54.80545497,56.88474415,52.9464572,55.65215756,53.26542931,51.49752183,50.79324858,49.78670138,50.33441953,51.34684724,54.42239575,53.33484352,49.1854771,51.70609552,49.82068829,47.71862236,48.47891187,48.80002881,46.98862802,43.03336372,42.62672305,42.18252679,40.20798299
Fiji,FJI,0,,,,,,,,,,,,,,0,0,0,0,,,,,,,,
France,FRA,58.15395849,57.94478445,56.15970578,54.19402551,53.31348303,53.57382198,53.84750116,52.90067538,54.79426487,54.01870151,52.80593885,53.40057813,52.81353407,52.69399252,52.41503854,52.29710794,51.89245198,51.68550601,50.8434655,50.85168259,49.83637832,48.67698651,49.01202707,48.54358131,46.22592306,46.48797087
Faroe Islands,FRO,,,,,,,,,,,,,,,,,,,,,,,,,,
"Micronesia, Fed. Sts.",FSM,,,,,,,,,,,,,,,,,,,,,,,,,,
Gabon,GAB,32.01095306,31.89974999,34.47956965,36.75772049,28.36983752,32.61049644,34.51410634,34.23558004,36.77855125,33.55452859,32.43088502,35.1822772,28.07896353,23.57891739,20.96227187,20.376564,18.70251161,18.20739896,17.11377036,16.4621275,18.90264227,26.22884402,30.69468887,22.05960039,22.78651631,
United Kingdom,GBR,90.65258583,90.1991746,89.21274479,87.79016543,87.79003822,87.71102814,87.56976162,86.71951891,86.77063541,87.23515523,88.41036373,87.82897536,88.53442838,88.82498255,88.61973186,88.15744775,88.6059099,89.61975501,90.17869547,87.36773537,88.16810568,85.56318573,85.13981223,83.5597408,82.7165785,80.35177127
Georgia,GEO,88.84092501,87.17870041,84.56582791,77.98328005,80.45060381,68.2929448,60.53852119,59.865222,59.13704991,55.69596734,59.01220076,55.090437,49.58947522,52.14468848,53.77327276,64.41339158,70.40866076,70.69078883,66.78923596,66.99368733,64.70334463,72.76506637,74.46282328,68.93449555,72.20953534,
Ghana,GHA,18.2359664,16.5625589,16.08869506,17.40874908,17.61105115,18.78593182,19.3233444,20.49129177,26.62183133,25.87802464,28.35021093,32.17571931,36.02899109,36.76213635,36.9201097,37.602505,43.03432272,45.75724713,42.95207948,46.00239359,49.67778841,49.82103972,52.6160022,52.49759344,52.54306013,
Gibraltar,GIB,,,100,100,100,100,100,100,100,99.99917964,100,,,100,100,,100,100,100,100,,100,,98.96050914,99.51281724,
Guinea,GIN,,,,,,,,,,,,,,,,,,,,,,,,,,
"Gambia, The",GMB,0,,,,,,,,,,,,,,0,0,0,0,,,,,,,,
Guinea-Bissau,GNB,0,,,,,,,,,,,,,,0,0,0,0,,,,,,,,
Equatorial Guinea,GNQ,,,,,,,,,,,,,,,0,0,0,0,,,,,,,,
Greece,GRC,94.56338072,94.05584414,94.32196258,94.16119401,94.2701135,93.85006004,93.46299999,93.51094723,94.08694815,94.17983504,94.59119325,94.38734266,94.07165972,93.98922592,93.7794444,93.41073803,92.88599171,93.02602135,92.78015423,92.37083311,90.38560276,90.85296404,90.14823363,88.00125276,86.04931718,82.57463513
Grenada,GRD,0,,,,,,,,,,,,,,0,0,0,0,,,,,,,,
Greenland,GRL,,,,,,,,,,,,,,,,,,,,,,,,,,
Guatemala,GTM,27.86725739,28.59310409,30.94750409,31.69115918,35.56152207,36.61796529,37.7069844,38.25351654,42.21660727,40.31014636,42.27666514,43.24444527,44.30087278,42.48637456,42.97532709,44.16831872,43.1870956,43.40464972,40.36716288,39.04930283,32.66035575,30.92107225,30.87615772,32.65370676,37.37859696,
Guam,GUM,,,,,,,,,,,,,,,,,,,,,,,,,,
Guyana,GUY,0,,,,,,,,,,,,,,0,0,0,0,,,,,,,,
High income,HIC,83.8859886,83.33151325,83.3551148,83.21719415,83.17888146,82.91473189,82.92624604,83.2408656,82.99873258,82.88357985,82.88732141,83.21622109,83.09863282,83.41105239,83.02046961,82.71636686,82.48181227,82.86056178,82.39722862,81.52831669,81.22394326,81.77434986,81.71893892,81.50677231,81.15703718,79.08190062
"Hong Kong SAR, China",HKG,,,,,94.22567014,94.54430039,93.48240804,93.16714027,94.88346803,94.79721817,93.89153113,94.34455014,94.33330219,94.88612059,94.98405042,95.10334385,95.34356585,95.34312627,94.72453161,94.92692513,93.97148468,94.31188883,93.28220408,93.63823815,93.17288162,
Honduras,HND,30.01649454,29.86986801,32.28274902,33.22425374,36.95167983,41.23647126,40.32338557,38.10993023,42.86878071,49.08964853,48.27216358,52.81255222,53.55272814,54.73352653,56.48111791,54.86179356,50.47652387,54.82596042,54.27791449,50.80048492,51.16665966,52.14850779,51.48488363,51.35134251,52.47931253,
Heavily indebted poor countries (HIPC),HPC,14.00577955,13.29639732,13.16750795,12.93206617,13.04862045,13.94363134,14.57267036,15.0491588,15.34313109,16.5815664,16.2494672,15.64216285,16.8288848,16.7949858,17.04783908,17.31736386,18.3374391,19.02340517,19.14419789,19.19003398,19.67985049,19.83541338,20.68542916,21.04939111,22.33194466,
Croatia,HRV,81.05127699,74.12737689,77.82279284,78.27105074,77.18587761,76.86405106,74.48571793,77.13221449,78.23251372,78.27437077,77.90850016,77.78750801,79.7087522,79.5043878,78.03952996,77.03280172,77.64003638,79.65827107,78.05160612,76.12965427,74.29497196,74.63709828,72.23776212,71.30324629,70.70366234,
Haiti,HTI,19.73422144,18.64176316,16.76037583,14.37212363,4.393470013,17.76927447,17.86149782,22.45268361,20.65677739,22.03207181,23.30767712,24.88890945,24.96273559,24.55431938,27.713821,19.49572623,19.38001494,20.99531346,20.72857308,19.2931334,17.77460884,17.96016537,18.04955731,18.69779908,22.01589404,
Hungary,HUN,81.60450845,81.6714475,81.0604298,81.89985324,81.13193176,81.60281715,81.9531038,81.88620888,82.16912862,81.74121511,80.53891348,80.98183667,80.79182568,83.13716845,81.82083907,80.36822766,80.06276464,78.97654983,77.82372613,74.1696087,74.2719228,73.29380076,71.78642365,69.54963749,68.1924014,69.54979369
IBRD only,IBD,80.89764041,80.52355725,80.06631299,79.94570987,79.60766534,80.07610284,80.11500259,80.08155145,79.93037489,80.00964938,80.09789143,80.36104571,80.66006805,81.45459441,82.15993182,82.67257034,83.14020915,83.46345445,83.58534511,83.67222637,84.1594808,84.59590055,84.48457586,84.23489797,84.42221479,88.08939589
IDA & IBRD total,IBT,77.61569835,77.20161204,76.60944012,76.44456755,75.94062142,76.36655134,76.40090018,76.32929968,76.12345522,76.21700711,76.27889906,76.5036235,76.7853124,77.6291092,78.37299622,78.92780644,79.46302723,79.84503241,80.02918162,80.06400295,80.62783613,80.99603342,80.87730478,80.64154594,80.8474315,88.08939589
IDA total,IDA,40.37175924,40.65162901,39.61881829,39.45361661,38.09476991,37.67505226,38.33305741,38.59501153,39.29632682,40.05038227,39.82817435,39.93380829,39.92883712,39.8899549,39.88241517,39.88316718,40.03651653,40.39391606,40.53657372,39.09477225,39.0610408,36.76106107,36.80912869,37.59511632,33.45047184,
IDA blend,IDB,49.18669902,49.67001351,49.09711372,49.28574839,47.71848806,46.69969263,47.21953203,47.16287852,47.57047025,48.25453764,47.8962375,47.77532549,47.564767,47.15768445,46.97706027,46.23826925,45.97695444,45.78371761,45.69741086,43.77065741,43.46766321,43.9275537,43.39486519,42.29595784,34.38481098,
Indonesia,IDN,53.43061152,54.81096836,55.70209753,59.07520986,57.46947569,60.59168122,61.50844393,62.04562742,60.66479567,62.21294558,61.95226725,61.4567562,62.54925387,62.44202269,64.31644718,64.9962453,65.17708139,64.58463741,63.80707707,65.52072458,67.15478782,65.3021442,65.34475065,65.26568681,66.08947546,
IDA only,IDX,29.12557787,28.82801779,27.06592351,26.08979001,25.36091574,26.29546592,27.0454363,27.79770165,28.88983221,29.66178367,29.64764369,30.15029591,30.52040677,30.94602561,31.27018811,32.39174665,33.11572305,34.16251574,34.60493348,33.92098801,34.17070158,28.00597187,28.87905385,32.4355267,32.56583822,
Isle of Man,IMN,,,,,,,,,,,,,,,,,,,,,,,,,,
India,IND,53.76395973,55.0634924,56.07028245,56.95683361,58.01455003,59.98794193,60.8251558,61.77329025,62.01581767,63.46040016,63.72739451,63.64796634,64.32920579,64.51923944,65.58374371,65.98980361,66.80567371,67.88343297,69.00512159,71.14349792,71.40469516,71.4717185,72.41907946,72.28545864,73.57697909,
Not classified,INX,,,,,,,,,,,,,,,,,,,,,,,,,,
Ireland,IRL,85.0618938,85.43300874,84.55978425,86.15562457,86.85399375,88.05593925,89.44904115,89.30314855,90.06428158,91.79905469,92.51571911,92.52159191,91.45913918,92.00226307,93.27692993,90.91552416,90.97299115,90.9317823,89.92434427,88.88512334,90.00309943,88.32246225,86.85564461,86.27790247,84.43758716,85.34281977
"Iran, Islamic Rep.",IRN,98.93136159,98.9182856,98.67888866,98.73988174,99.05873121,99.13064471,99.10415006,99.27119703,99.32626206,99.5767324,99.66519654,99.58503846,99.40728349,99.22623308,99.33232805,98.89005329,98.81113575,98.89622235,99.57303916,99.55557913,99.44489988,99.41712857,99.32468489,98.95888776,99.02258055,
Iraq,IRQ,98.76920404,99.37018628,99.64271263,99.75337386,99.79052925,99.7758246,99.77318585,99.80444018,99.71909612,99.62792002,99.67868431,99.70763948,99.72099519,99.72154385,99.27219718,97.5112546,96.8269499,97.16701666,97.84255722,97.58238974,97.55356735,97.67302488,97.57448177,96.68062348,95.98417678,
Iceland,ISL,28.63991379,27.83866607,29.76385459,30.04565618,29.98211422,29.28917095,30.73641907,29.75087974,28.02535708,24.46796246,22.62222591,22.89112189,23.08597581,22.8737876,24.08945105,23.65901196,19.71346012,16.15127411,13.16704987,12.17035433,11.51979151,10.25495259,10.3307143,10.40420687,10.92848727,11.28886875
Israel,ISR,97.00507659,97.02558513,97.15457349,97.11977185,97.23903624,97.26433977,97.25290474,97.3075124,97.15872967,97.16622168,97.20731488,97.15410338,96.91014223,96.9267106,96.66153647,96.62279159,96.95279432,97.07304487,96.53851268,96.39583377,96.35144842,96.48398605,96.6586088,96.57471452,91.74963606,97.38212413
Italy,ITA,93.43818883,92.89537208,92.58124189,92.27029006,92.08793745,93.02465207,92.61465541,92.44346418,92.28589095,91.84137185,91.73009539,91.40342479,91.03586734,90.2161117,90.40624236,89.80144618,89.19087872,88.18304312,86.8421531,84.85132567,84.62877402,84.46479721,82.20135574,79.96433459,78.58642262,79.94845474
Jamaica,JAM,82.59663876,82.63879671,83.53538021,83.98332316,83.86518635,84.90323689,85.25520123,84.87780925,86.69319415,86.64970853,84.55707037,86.91941096,88.97377256,89.34119113,89.03311744,88.91524035,90.11589565,90.32654003,85.97681496,82.31687106,82.65261778,82.49309604,80.82174271,81.40787349,80.97134481,
Jordan,JOR,98.13195698,98.19656571,98.52817198,98.45020586,98.46758004,98.55367271,98.58591983,98.57261674,98.5627864,98.53940472,98.4559407,98.00084863,97.98188052,96.96364962,97.67449453,97.89825814,97.89538437,98.41011895,98.00535382,97.96266522,97.34740255,95.99311455,97.32109121,97.61826839,97.60844665,
Japan,JPN,84.55205339,83.88476789,83.95401954,82.42967512,82.68251329,81.47549791,81.21932811,80.35858715,79.39872966,80.61843812,80.67376563,80.60163834,81.83018977,84.31138174,82.70647334,81.61186176,81.4531167,83.48271492,83.21545458,81.22805604,80.91095442,89.76594207,94.62155285,94.63330153,94.4074689,93.02645511
Kazakhstan,KAZ,96.95140293,97.24331096,97.55977451,98.09382002,96.58277851,97.26043248,97.19461595,97.37035736,97.63797078,97.61159254,97.25212234,97.48459332,97.93442453,98.51095824,98.96164693,98.67108722,98.84731326,98.8877292,98.9466038,99.05367536,98.78505276,98.93383169,98.87645395,99.19265774,99.17390731,
Kenya,KEN,17.84136137,16.83812837,16.54686215,15.95823285,14.78755106,15.59160211,16.31727244,15.54813956,16.52475081,16.95928355,18.23986293,16.421786,15.67695128,12.99901109,14.09902397,15.43874425,17.06526414,16.64351131,16.96466644,18.85477295,19.41168608,19.06401864,17.11461578,18.26607228,17.37957261,
Kyrgyz Republic,KGZ,93.52393516,92.62683953,87.77939669,82.00145465,71.09036609,64.67421508,68.08947638,69.24585569,70.77945339,63.08087685,62.78335226,60.34194236,65.88786629,65.0494745,67.12009192,66.02258082,66.5907126,70.29172582,74.40930313,72.98543958,70.51697531,70.10080255,73.86900016,72.20951787,75.47621896,
Cambodia,KHM,,,,,,18.02464871,17.92264811,18.41723741,18.41302261,19.51302766,20.33628847,21.64185631,18.62144657,19.54712898,24.43280442,27.19978905,29.42880446,32.96813121,32.73455606,27.94399482,30.05983124,28.98069106,29.04509302,28.61223426,30.6290814,
Kiribati,KIR,0,,,,,,,,,,,,,,0,0,0,0,,,,,,,,
St. Kitts and Nevis,KNA,0,,,,,,,,,,,,,,0,0,0,0,,,,,,,,
"Korea, Rep.",KOR,83.78013157,84.3380946,85.82812264,86.92320801,87.73615025,87.08372533,87.06887757,87.56412074,84.15197468,83.59460003,83.96860009,83.75121502,83.43111204,82.21699509,82.48511384,80.61091994,80.54716817,81.81923465,81.1693777,81.65563805,82.86953009,82.74552314,83.22136322,84.16471753,82.3950038,81.02847581
Kuwait,KWT,99.93540595,99.78131982,99.90828691,99.97008028,99.98470424,99.95523925,99.97471677,99.99998639,,,100,99.99999499,,100,,,100,100,100,99.99609681,,95.78056162,92.57270197,96.49017476,93.68988945,
Latin America & Caribbean (excluding high income),LAC,68.57976934,69.22748022,69.68643611,69.95892086,70.2951924,70.23641927,70.77416805,71.42675924,72.18666736,72.07359273,72.66812163,72.93451728,72.10998765,71.54923058,71.65932054,71.72568642,71.55511128,70.88124076,71.07129854,70.9465682,70.80764589,71.36696178,72.32094839,72.64022093,72.81043195,90.42620791
Lao PDR,LAO,,,,,,,,,,,,,,,,,,,,,,,,,,
Lebanon,LBN,92.54197385,93.63553061,93.1507263,95.13552148,95.16874689,95.31599545,94.60972911,95.14532135,95.12335334,95.71276746,94.03613655,94.73888812,95.20036763,94.80203398,94.6481866,93.99382539,93.38075006,92.60099912,95.57159729,95.59789134,94.97296041,95.51802998,96.36924729,95.74186308,97.62110111,
Liberia,LBR,,,,,,,,,,,,,,,,,,,,,,,,,,
Libya,LBY,98.88036099,98.8963449,98.89077532,98.93127773,99.05348346,99.1060089,99.13991781,99.13522232,99.12668698,99.09551629,99.11828373,99.12458505,99.14797725,99.16231644,99.17569271,99.13547579,99.14138804,99.0961876,99.15229268,99.20403228,99.28147735,98.90275075,99.08135299,99.18550597,99.11129636,
St. Lucia,LCA,0,,,,,,,,,,,,,,0,0,0,0,,,,,,,,
Latin America & Caribbean,LCN,70.75953405,71.29772811,71.88772812,71.93402608,72.49866498,72.25884466,72.92941352,73.40695999,74.20481754,74.0941306,74.49533258,74.78302219,74.30389892,73.68151213,73.64484459,73.58924735,73.64012249,72.94927444,73.34611014,73.1863337,73.49142096,73.64050076,74.28230334,74.27159893,73.34633718,87.8803885
Least developed countries: UN classification,LDC,16.90821003,16.68974202,16.54414501,16.66571984,16.93202282,18.39435209,18.72308302,19.19517206,19.333198,20.45297503,20.31693551,20.96264299,21.06094526,22.12353233,22.91194085,23.03388794,24.26504939,25.04647492,25.63709054,25.9853425,26.49544809,26.26947824,27.12556911,27.93096529,28.22410489,
Low income,LIC,48.63282416,47.8517015,44.45673742,42.19926861,40.32473957,39.6102525,38.06842146,37.92544474,37.82501884,39.02664165,38.61396472,38.58179393,38.10916811,38.19391649,38.55608222,40.45149439,41.00797307,39.88852595,40.85307533,37.04215327,35.91597155,21.34529552,20.70267342,27.10114193,23.0152275,
Liechtenstein,LIE,,,,,,,,,,,,,,,,,,,,,,,,,,
Sri Lanka,LKA,24.11358073,25.13374657,24.79726535,29.80516926,31.698369,33.06375348,37.55152811,37.67683864,38.92736154,39.8370321,43.0245776,43.35644415,44.58774447,46.37187614,45.79686823,45.29383381,43.43980102,45.38813774,44.86267171,43.55871971,43.08771554,48.84018447,47.31202305,45.87418024,50.54557398,
Lower middle income,LMC,64.4480264,64.22386191,63.42866182,63.22583536,62.5648619,64.13665061,63.81586405,64.3081301,64.13385453,65.15575238,64.86153033,65.10370755,65.59014365,65.83583596,66.47579185,66.94145068,67.16003295,67.68337922,68.25738245,68.73960463,69.22335673,68.92272495,69.25171619,69.06856714,69.862067,
Low & middle income,LMY,77.00343993,76.60562795,75.94246362,75.85996494,75.31169994,75.78579523,75.75489337,75.6949584,75.48641239,75.60720278,75.7276035,75.96601318,76.2535662,77.15867222,77.9680362,78.58065901,79.12473129,79.53728978,79.74593083,79.75626399,80.31366153,80.7351516,80.66617522,80.45173627,80.72758956,88.96048145
Lesotho,LSO,,,,,,,,,,,,,,,0,0,0,0,,,,,,,,
Late-demographic dividend,LTE,83.14285458,82.71497328,82.36297709,82.25332309,81.72365107,82.13897888,82.28884488,82.15374545,82.02306105,81.89191073,82.23099479,82.53427109,82.57737774,83.59668447,84.2210632,84.75466219,85.32363796,85.6788214,85.58686813,85.29799264,85.66001194,86.48750074,86.04695794,86.08624935,86.18233309,78.99368881
Lithuania,LTU,75.75342627,77.72702809,65.05710605,61.01380459,66.80929516,59.9704725,58.61733395,60.17216697,59.25243502,60.26766649,58.67376983,57.44371638,53.45321369,52.15905904,53.3631103,59.88021109,61.14546618,60.9706202,60.25067732,55.37100449,74.29750942,73.87595173,72.89319445,70.02233644,67.99374947,
Luxembourg,LUX,89.17085254,89.30698436,89.32659978,89.34209305,87.94841452,84.91984748,85.62631275,84.28297119,82.71809006,83.01312235,83.44341262,84.98340818,89.84916727,89.7010317,91.2583383,91.16899273,90.33412984,88.08548398,87.11638336,88.70503581,87.95743151,87.00863719,87.21562043,84.50600181,83.33175267,80.56229521
Latvia,LVA,81.76807897,79.82075961,76.61425697,73.37090452,70.50862837,66.42518378,65.23375847,65.08488454,64.9938205,63.32951944,63.38829031,63.67106267,63.41260314,63.63404893,62.98706756,63.18156672,64.808012,65.12969688,65.08767982,61.12606339,65.84999642,62.89389927,58.04189359,58.92421248,56.71742757,
"Macao SAR, China",MAC,,,,,,,,,,,,,,,,,,,,,,,,,,
St. Martin (French part),MAF,,,,,,,,,,,,,,,,,,,,,,,,,,
Morocco,MAR,85.48591037,84.59571682,85.26846527,86.03306542,86.66987802,87.01038278,86.36749359,86.51610121,86.3863488,86.95095375,86.52996649,87.5474677,87.79692606,87.1469071,81.49044646,84.22703751,84.82306217,85.3389983,86.37394812,86.37173258,87.0983164,88.65514878,89.1059794,88.2493003,88.46886281,
Monaco,MCO,,,,,,,,,,,,,,,,,,,,,,,,,,
Moldova,MDA,,,99.72865677,98.33243531,97.27127802,94.68961838,94.2949714,93.23919865,92.8344921,92.18524724,91.48474834,90.97027158,89.48375959,87.804714,89.2940718,89.42114872,88.00969053,89.55525253,89.06282699,92.64322527,90.35400377,91.14389049,90.57070791,86.33121226,88.68802224,
Madagascar,MDG,,,,,,,,,,,,,,,,,,,,,,,,,,
Maldives,MDV,0,,,,,,,,,,,,,,0,0,0,0,,,,,,,,
Middle East & North Africa,MEA,98.00302802,97.80624459,98.07520486,98.16853176,98.2552553,98.44957494,98.41188579,98.48588398,98.44363934,98.45905246,98.52798719,98.58170733,98.51893833,98.48056672,98.44004941,98.21281463,98.26444993,98.38465761,98.70906947,98.6498579,98.59763254,97.6595248,97.39753557,98.04267104,97.35902122,97.38212413
Mexico,MEX,87.35333816,87.40530593,86.95013786,86.97184566,88.19844199,86.18629766,86.24386972,86.65881761,87.16154776,87.09443948,87.24953199,88.27885622,88.52239253,88.87888768,88.76018436,88.63817568,89.10735085,88.9004847,89.69529199,90.57949073,90.49508897,90.4646097,91.05699581,90.57104538,90.27848997,90.42620791
Marshall Islands,MHL,,,,,,,,,,,,,,,0,0,0,0,,,,,,,,
Middle income,MIC,77.74473417,77.36705363,76.76741256,76.72417459,76.23468961,76.71850674,76.71036531,76.6608056,76.46566587,76.57623473,76.72070669,76.98054285,77.27744728,78.16429843,78.94731662,79.5277986,80.05431074,80.45553217,80.65173922,80.74217781,81.28190682,81.75691814,81.7029962,81.46359241,81.78734561,88.96048145
North Macedonia,MKD,98.00382611,96.75839988,89.49238325,89.13723963,89.27533877,88.79046111,90.88161349,89.48667797,90.86549994,88.69793802,87.31846763,89.80575158,88.40655003,86.21784957,85.01390723,84.62103432,83.88108279,85.06010882,83.78533711,84.4008056,81.11916478,82.10861197,82.13128882,81.14316459,79.42591466,
Mali,MLI,,,,,,,,,,,,,,,,,,,,,,,,,,
Malta,MLT,100,100,100,,,100,100,100,99.99985523,100,,,99.96740761,99.96233326,99.95104033,99.94039645,99.92246629,99.91016083,99.89146247,99.88027152,99.67246958,99.23845358,99.03840897,98.75759659,97.78846166,
Myanmar,MMR,14.56584076,14.76492089,13.81262624,17.85300663,19.96683244,21.44538998,22.54497228,22.78799021,24.02577866,26.03412628,27.18147717,23.62617621,24.07386239,27.11698557,30.13469387,29.47735243,29.81559402,31.70408856,28.4497335,23.27886531,21.22355916,20.8796747,26.92943816,30.72995313,44.28989524,
Middle East & North Africa (excluding high income),MNA,97.07518942,96.78392613,96.89043598,97.0696931,97.28381842,97.6490615,97.55305252,97.73134338,97.66899137,97.74743193,97.7477652,97.79525777,97.85988424,97.74188768,97.71515338,97.41637437,97.40923708,97.45246968,97.98065834,97.9978065,98.07114473,97.96442994,97.99512501,97.99423712,97.94704973,
Montenegro,MNE,,,,,,,,,,,,,,,,52.57607573,57.39371306,53.96094304,60.74167315,52.38013371,62.0834407,63.24611022,61.20010204,63.86902391,64.664697,
Mongolia,MNG,97.17144606,97.79786588,97.34990495,96.81020805,96.2540297,95.71534597,94.90562231,94.9800156,95.00062696,95.63205483,93.92703293,93.11310304,92.9921114,92.78071902,92.9924887,93.913775,94.506703,94.49723449,94.52912193,94.80693401,94.84840752,95.25304607,90.17163403,92.69368408,93.19938283,
Northern Mariana Islands,MNP,,,,,,,,,,,,,,,,,,,,,,,,,,
Mozambique,MOZ,5.46214727,4.924536039,5.505030538,6.146608654,5.370786232,5.672039512,5.552479913,6.487632185,5.321251042,5.595292913,6.737874855,6.559086197,6.001886409,6.846046436,6.705884109,6.010092175,6.258186511,7.342438644,7.008780099,7.651357912,7.960892565,9.031287519,8.269956258,9.081396974,12.61995347,
Mauritania,MRT,,,,,,,,,,,,,,,,,,,,,,,,,,
Mauritius,MUS,55.45924661,58.4556701,59.04804362,62.67835257,65.87272524,63.29552877,65.39378726,63.78766491,65.49165738,75.80217542,73.86310096,73.52793677,75.42063183,75.84136424,75.46381545,77.39820195,79.50369519,80.32569535,79.38891754,81.0468331,81.65630027,82.43970836,83.15324465,83.78117107,84.5423603,
Malawi,MWI,,,,,,,,,,,,,,,,,,,,,,,,,,
Malaysia,MYS,89.91071804,91.68185756,92.45778839,92.85170483,92.37407241,93.04961026,93.94502111,95.04526803,94.59444279,94.13802834,94.97309691,95.17806383,95.62841973,95.99111004,96.21646697,96.82708398,96.69407555,96.94482833,96.76022577,96.66434839,96.89621303,96.81165029,96.74023319,96.75188109,96.6281989,
North America,NAC,85.16273729,84.37540828,84.37671795,84.76258577,84.46847061,84.15351636,84.2655793,85.26775456,85.06429697,84.76685524,84.89943075,85.31926455,85.1404,85.26115788,84.9794936,84.94152034,84.46896566,84.4874968,83.91108998,83.17238742,83.21454517,82.71849533,82.4412671,81.8593566,81.97940165,81.50228693
Namibia,NAM,,54.32241847,55.4312669,58.75398028,62.6810745,63.21802241,63.82023608,64.07791843,62.82448842,61.75233161,62.15209574,66.80570478,62.95989214,63.58198054,63.19754578,63.08334792,62.35730164,62.88920727,66.60771692,66.96951434,67.1141655,66.43282063,66.08277236,66.77395228,66.71909083,
New Caledonia,NCL,,,,,,,,,,,,,,,,,,,,,,,,,,
Niger,NER,,,,,,,,,,,14.36867867,13.80433317,14.28510482,15.08263153,16.11641133,14.02573608,13.71825457,14.26757216,15.30266416,17.32369964,21.10587693,24.19286423,29.68773614,26.73111821,24.06036815,
Nigeria,NGA,20.51768012,21.92551198,22.84478998,22.04813297,17.83639168,17.75230101,18.83061648,19.19587406,17.36211024,17.77524748,18.44829849,19.88929351,19.76045888,21.59307672,21.28080087,21.65634079,19.69781069,17.58053836,18.42963788,15.85414335,18.08149657,19.08190495,18.76894492,18.58926314,18.87676676,
Nicaragua,NIC,29.3416169,28.54961932,32.37296763,32.87800972,35.19308478,37.3343302,37.77282165,38.90686218,43.85809129,46.82640182,46.0214318,48.3090423,46.68975231,48.11023452,47.5385989,47.88554163,48.05702699,49.17254082,46.51945855,47.33217314,46.90267642,48.59859287,43.28520999,40.50976851,40.69539206,
Netherlands,NLD,98.04491406,96.5459019,96.8895722,97.60032633,97.83544978,95.46345923,95.16427457,95.50036081,95.01434889,94.15364099,93.84683253,94.19989599,93.98505598,94.33435195,94.01767963,93.05623663,92.75138984,92.72577938,92.32417383,92.88726258,93.67450023,92.18561,91.23393806,91.5543679,90.92188386,93.46100461
Norway,NOR,52.05300531,52.94426708,53.59213645,54.75824815,53.37250154,53.03900926,52.45721104,54.56681449,54.03449739,55.19582227,54.34401885,55.65629207,53.53006357,58.8882846,55.89155597,54.9821628,56.68576092,56.18881465,61.6708969,63.11011116,63.043064,57.32151683,57.80716859,61.84011851,57.97823335,56.95162865
Nepal,NPL,5.051140337,6.00982988,6.287240979,6.70178264,7.853936128,8.558693458,8.668709029,9.655923565,9.930467687,12.50624334,11.97369419,12.35246277,10.15772763,10.61004296,9.705238305,10.64679652,8.831053568,8.615627482,9.886058056,11.03913918,12.59690416,12.98683099,15.19158127,13.67799323,15.4826794,
Nauru,NRU,,,,,,,,,,,,,,,,,,,,,,,,,,
New Zealand,NZL,66.74634658,67.04698353,69.03009346,68.30793359,68.45249392,67.89192434,69.8094031,72.0513633,69.59774064,70.81706549,69.4632629,71.80383968,69.77397777,70.01993546,68.2581754,68.18112115,67.62940924,67.57928702,66.85097419,64.13140864,61.05375011,59.75881495,62.23657981,60.83265377,59.84684405,59.74916854
OECD members,OED,83.53234741,83.00683121,82.86645792,82.68605773,82.6412669,82.29607639,82.32527574,82.67672581,82.44102317,82.33440919,82.31077171,82.57116384,82.54052143,82.76916034,82.38486465,82.14809475,81.84983695,82.06535962,81.5527841,80.78008996,80.61930747,80.99242273,81.03145233,80.52744996,80.16115894,79.67629802
Oman,OMN,,99.99996575,,100,,,100,100,99.99995584,100,100,100,100,98.13631877,99.01366105,,,100,99.99999361,99.99999368,99.99999466,100,,100,99.96316865,
Other small states,OSS,62.05532218,67.26052056,74.00262516,66.30874274,,76.16526173,,68.89797315,77.39170989,71.58866965,69.09562531,77.56184169,,68.19906244,69.720871,68.1801061,,73.52516082,70.40598159,77.3916718,,,,76.3795714,81.44851892,12.14959887
Pakistan,PAK,52.68279885,52.30527133,53.54954133,54.90888337,55.00240608,55.84915936,57.01361919,57.15228034,56.93917328,58.66169495,58.57436279,58.13013279,57.64561976,58.02194753,59.82735442,60.08080078,60.92952138,62.47639073,61.63521395,61.03428807,60.27256849,59.6873876,59.48637101,59.2801424,61.58536145,
Panama,PAN,58.41255958,61.99114705,65.4853125,64.15330779,66.56331616,69.12634516,67.05937856,67.29565474,74.49978508,71.41295155,70.20179471,75.43774895,70.49667179,72.88872012,69.85745041,73.66243438,74.5382043,75.88296165,70.71913247,75.09389561,81.35094146,82.6356057,80.55434357,79.90275682,80.71266196,
Peru,PER,63.28006275,62.65214326,64.20497478,65.57455066,66.3603423,68.62247109,69.5043471,68.61724901,69.76566572,71.19740134,69.90923825,67.54891157,67.40480063,66.54729184,69.74942824,71.55882901,68.949293,70.35520249,76.57105976,73.40752337,68.26017768,73.87026165,76.65912386,76.24394606,79.55568357,
Philippines,PHL,43.07913246,44.28030631,48.22953063,49.27312265,51.77030533,55.37105066,56.33445817,57.72249015,55.92492408,53.2161268,53.0686073,54.30490275,55.87291963,57.21562393,56.38303464,57.81258936,56.18237608,57.27483545,57.62975477,56.26292371,60.11116976,59.88098622,59.48380294,61.41213905,62.43489629,
Palau,PLW,0,,,,,,,,,,,,,,,,,,,,,,,,,
Papua New Guinea,PNG,,,,,,,,,,,,,,,,,,,,,,,,,,
Poland,POL,97.80680713,98.05065913,98.04603324,95.58676875,95.33847707,95.45551646,95.8970463,95.89721099,96.10865234,96.31842864,96.21984177,95.98089994,95.87003044,96.24775866,95.97875648,95.99393989,95.82033864,95.2120656,94.11388884,93.15405779,92.45120757,92.11514123,90.97851871,91.14640642,90.0879643,90.29137544
Pre-demographic dividend,PRE,27.91709262,26.18298346,29.51920727,31.56937092,31.11487981,30.30742708,30.61316758,32.64239011,27.65542671,25.97962161,27.06084201,28.053771,27.56867461,27.20039158,26.99007278,26.87200927,25.84075047,25.56821597,26.81146852,27.43046328,29.15393957,29.89873793,30.69040708,31.10089854,31.74205253,
Puerto Rico,PRI,,,,,,,,,,,,,,,,,,,,,,,,,,
"Korea, Dem. People's Rep.",PRK,93.08860022,92.88730556,92.07253149,91.64576079,90.63293697,89.86262835,89.17157857,89.67865696,89.13749094,89.76591755,90.45489209,90.56717781,90.12492776,89.83704464,89.70140566,89.81569661,90.08915272,87.98892582,88.73478549,67.72732473,66.51085379,63.55991563,64.84206245,59.93944795,62.05199476,
Portugal,PRT,80.4466775,80.59660962,83.56345603,81.96160608,80.82210984,83.17811229,80.55177441,81.02220836,83.49736504,86.50723681,84.03616853,83.3853754,85.25673275,81.77346366,82.756091,84.12212742,80.81644951,79.24051752,78.63659453,78.08765699,75.12558465,75.65654081,75.81242014,73.34962913,72.8127263,77.02412256
Paraguay,PRY,21.33364923,20.14417156,23.88374303,26.57009985,28.47486673,29.52426611,28.57716823,29.13696859,30.96400691,32.43509629,28.20042304,28.78706276,30.51362043,30.97286644,31.1140686,29.00937874,30.10551898,30.25417669,30.01931931,30.70985011,32.58028855,33.63711167,33.8169346,33.61510405,33.70331205,
West Bank and Gaza,PSE,,,,,,,,,,,,,,,,,,,,,,,,,,
Pacific island small states,PSS,0,,,,,,,,,,,,,,0,0,0,0,,,,,,,,
Post-demographic dividend,PST,83.88847535,83.34238932,83.09098246,82.84818725,82.72842629,82.38093183,82.26179146,82.55210663,82.27421132,82.19224356,82.12178738,82.37188412,82.36047136,82.60721409,82.20346185,81.89351363,81.52179969,81.74777789,81.2190938,80.33249911,80.2191256,80.58865993,80.64624889,80.136539,79.66363018,78.9955219
French Polynesia,PYF,,,,,,,,,,,,,,,,,,,,,,,,,,
Qatar,QAT,,99.99998615,99.99998676,99.99998724,,100,,99.99999017,100,99.99999116,99.99999084,99.99999171,,,100,100,,100,99.9999956,100,,,,100,99.99502672,
Romania,ROU,96.14829081,94.98322938,94.81981938,94.69313868,94.48810757,93.15785781,90.95449502,85.93158748,85.2305912,84.3297836,84.81660272,86.5352964,86.74474721,86.86267929,84.48008926,83.86668462,85.05886129,83.17948136,79.84316277,76.59493576,75.07095149,77.6518382,76.42720092,73.49376345,72.52369457,
Russian Federation,RUS,93.39615055,93.38487761,92.57095042,92.39747196,92.57572233,92.30322627,92.32698337,92.07337205,92.11536568,91.30937924,91.12638418,90.88612897,90.75278983,90.91553397,90.69042026,90.68845507,90.62145855,90.54975259,90.94758109,90.16257724,90.52974766,90.90831563,90.86580943,89.51180164,92.14287582,
Rwanda,RWA,,,,,,,,,,,,,,,,,,,,,,,,,,
South Asia,SAS,52.1472592,53.22043079,54.26389705,55.29819456,56.27345827,58.18549369,59.10565167,59.93966481,60.17093587,61.60024493,61.82295583,61.80624073,62.32808439,62.58626423,63.63679312,64.04593451,64.88514028,66.04972487,67.03846248,68.93593001,69.18918431,69.31305408,70.22646035,70.04817635,71.52352351,
Saudi Arabia,SAU,99.97888612,99.98186197,99.98948221,99.99263451,99.98474927,99.98764355,99.99535367,99.99551494,99.99512132,99.99520676,99.99541575,99.99480235,99.99530971,99.99536305,99.99562196,99.99571843,99.99559706,99.99573835,99.99617989,99.99641029,99.99677609,99.20369244,99.51085197,99.5705625,99.92801862,
Sudan,SDN,17.4486057,16.08395273,14.83784348,11.11627808,13.75249687,13.18438534,12.97350681,14.20811847,14.54359799,22.42723685,17.57416471,16.1799102,19.12148701,18.56270054,20.27671661,23.31137,27.7225468,30.95160602,32.76289949,32.22585684,31.02909896,29.56457524,32.82946215,31.19913848,31.72652659,
Senegal,SEN,43.25662537,42.38659571,45.40540692,44.83930045,44.03001348,45.6487035,45.42344856,47.06853974,48.44878568,49.71395543,50.30181179,53.25673854,52.27381622,51.18695546,54.57289084,55.16465543,54.76652331,53.6172629,53.48385073,44.52371819,46.08066251,47.4972165,45.7736917,52.17270771,53.90911721,
Singapore,SGP,99.39173803,98.45369745,98.63729761,98.91353109,99.08538294,98.92796508,98.97307486,99.08530818,98.98800802,98.88756527,98.91780933,98.16821256,98.15511935,98.4042485,98.71373917,98.17112737,98.30136458,98.12869974,98.24675267,97.93284225,97.68803286,97.70145037,96.3290894,94.00615626,90.57887358,
Solomon Islands,SLB,0,,,,,,,,,,,,,,0,0,0,0,,,,,,,,
Sierra Leone,SLE,,,,,,,,,,,,,,,,,,,,,,,,,,
El Salvador,SLV,31.43620294,36.70770562,38.14089544,41.6350877,44.51157973,46.74147468,43.12577744,47.65365459,49.22261006,46.52849402,44.93850096,44.19638329,44.20870069,45.02381535,44.53408677,44.0880532,44.29105096,47.82811692,44.61572394,47.2286276,46.45622974,47.38176679,48.4643047,47.89684352,48.42958734,
San Marino,SMR,,,,,,,,,,,,,,,,,,,,,,,,,,
Somalia,SOM,,,,,,,,,,,,,,,,,,,,,,,,,,
Serbia,SRB,90.81891937,89.24646378,89.03507307,88.11244319,87.35427722,87.31650768,87.17251628,89.1056065,89.19775396,83.67748488,84.75161165,85.16230488,86.16732762,88.64159952,90.40940247,89.60711039,90.1464364,89.93497052,90.25827926,87.81702574,86.9419507,89.07430958,87.08940817,88.48592488,83.87126164,
Sub-Saharan Africa (excluding high income),SSA,40.65650863,41.18037467,39.42396489,40.26172866,39.14675344,39.6513645,39.41852574,39.454579,38.5511896,38.89943231,38.23631544,38.89767095,38.01463962,39.0826787,39.93340248,39.64842661,38.96025228,39.63581505,40.96648795,39.85679104,39.59751226,39.1740675,38.70217196,38.27411642,39.78936584,
South Sudan,SSD,,,,,,,,,,,,,,,,,,,,,,,70.06846986,72.3759876,72.22263478,
Sub-Saharan Africa,SSF,40.65091812,41.18037467,39.42396489,40.26172866,39.14675344,39.6513645,39.41852574,39.454579,38.5511896,38.89943231,38.23631544,38.89767095,38.01463962,39.0826787,39.90807249,39.62651794,38.93769166,39.61722475,40.96648795,39.85679104,39.59751226,39.1740675,38.70217196,38.27411642,39.78936584,
Small states,SST,65.9240361,73.8848302,78.83146647,74.69747547,73.36615577,80.36995445,73.81289612,76.24824936,82.00001298,79.48220735,78.1141433,82.99840311,,78.91949142,74.35802887,74.07539838,,77.33190405,79.0558075,82.46059807,,75.74619174,,81.49641303,84.64713126,12.14959887
Sao Tome and Principe,STP,0,,,,,,,,,,,,,,0,0,0,0,,,,,,,,
Suriname,SUR,,,,,,,,,,,75.58484307,76.65678528,70.28982743,74.30399282,77.41734327,82.21256075,78.0812888,74.93191271,73.5682269,73.81323222,79.41492194,79.29074198,80.30943598,76.88419915,76.25349582,
Slovak Republic,SVK,81.62379661,80.71671496,80.83385367,78.56660561,76.223125,78.58278383,78.20464219,78.18582716,78.48092331,75.94364348,72.5158525,73.07818429,72.44125421,72.18103991,72.21614512,72.1099316,70.89196269,70.92913787,70.3379735,70.02843872,70.23777339,68.51136317,66.83286849,66.42439974,63.94609543,64.0914951
Slovenia,SVN,71.27504039,69.50208358,72.09984456,73.48132995,71.73326247,72.87552557,73.96249704,74.28475384,73.50536815,74.16533385,70.13821351,70.39380715,69.86246617,69.74644079,69.29592992,68.57141995,69.4799432,69.28048987,69.50734524,67.4233935,66.67921436,64.93527416,65.082019,63.74931631,59.66320668,61.11419949
Sweden,SWE,37.29495717,35.52821961,36.9083497,36.87733538,36.90247961,36.85322789,36.71648711,35.63736882,35.0473152,34.84981229,34.82918337,33.98788812,37.44624962,36.52181032,34.83201035,33.81150917,33.41258419,32.45247195,33.11264006,31.98399534,34.4232514,34.21418705,30.99915578,30.01601561,29.77474727,25.11709613
Eswatini,SWZ,0,,,,,,,,,,,,,,0,0,0,0,,,,,,,,
Sint Maarten (Dutch part),SXM,,,,,,,,,,,,,,,,,,,,,,,,,,
Seychelles,SYC,0,,,,,,,,,,,,,,0,0,0,0,,,,,,,,
Syrian Arab Republic,SYR,97.73626326,97.93493477,97.87203752,97.92008101,98.03966957,98.17625649,98.24575303,98.35336113,98.4666401,98.44791916,98.16794991,98.11642759,98.68775889,98.66358482,98.16494913,98.45937933,98.71576473,98.49869618,98.9208739,99.252788,99.08168246,,,98.12460862,97.79178143,
Turks and Caicos Islands,TCA,,,,,,,,,,,,,,,,,,,,,,,,,,
Chad,TCD,,,,,,,,,,,,,,,,,,,,,,,,,,
East Asia & Pacific (IDA & IBRD countries),TEA,71.32276919,70.82294871,71.5755489,73.03492028,73.64162125,75.11197114,75.83226907,75.97224779,75.78664996,76.15018793,76.50319148,76.97204609,78.07126294,80.02687867,81.71376203,82.92942352,83.85605812,84.52437505,84.36508025,84.79810468,85.63468126,86.22295973,85.78078331,85.75901448,85.57760364,
Europe & Central Asia (IDA & IBRD countries),TEC,93.26899629,93.14349045,92.53043621,91.87299823,91.66273269,91.33532679,90.81706129,90.47952166,90.46900329,90.13511151,89.96115264,89.90527415,89.82742941,90.13388128,89.86812066,89.78462827,89.85256742,89.88846972,89.93664948,89.08076391,89.14323527,89.61960492,89.38185917,88.40710317,89.32874706,88.29755709
Togo,TGO,15.06127102,13.32723259,9.53505206,6.379327641,13.23687827,12.53977638,17.79794155,12.64141296,15.00369709,17.20828446,14.85860856,12.60388831,13.41792319,15.83807438,14.73829053,13.79788385,12.01933416,12.7893877,14.29407395,24.10151513,22.03570898,19.90908937,17.21810261,17.38589745,17.80063303,
Thailand,THA,63.83794084,65.09220971,66.86594733,71.73378721,75.1366778,75.98236301,77.8356255,78.83596274,78.56600058,78.70113772,78.74346474,81.19440353,81.92836084,82.03147041,82.05719879,81.81330376,81.56143348,81.15233515,80.57079085,80.13354249,79.99305669,80.19388911,80.16213661,80.66699695,79.83902265,
Tajikistan,TJK,71.32121897,69.64150942,65.21123031,57.72791179,44.0401253,41.02735229,39.37050942,44.52407976,45.0036564,41.45829331,38.52974549,36.9233903,35.52144569,35.1677466,38.76343657,36.72646903,38.30304763,42.58706321,41.55518769,35.64235152,34.60580974,36.25452584,42.33052238,33.94033873,45.98414186,
Turkmenistan,TKM,,,,,,,,,,,,,,,,,,,,,,,,,,
Latin America & the Caribbean (IDA & IBRD countries),TLA,71.27240365,71.6724994,72.34395906,72.16387439,72.70926966,72.33231945,73.06415653,73.50735841,74.25637937,74.16913344,74.57433995,74.89006728,74.33637198,73.65160385,73.73270768,73.59008989,73.59486209,72.89144696,73.14614885,72.96474897,73.22674146,73.43299714,74.08801549,74.08753462,73.16127163,87.8803885
Timor-Leste,TLS,,,,,,,,,,,,,,,0,0,0,0,,,,,,,,
Middle East & North Africa (IDA & IBRD countries),TMN,97.07518942,96.78392613,96.89043598,97.0696931,97.28381842,97.6490615,97.55305252,97.73134338,97.66899137,97.74743193,97.7477652,97.79525777,97.85988424,97.74188768,97.71515338,97.41637437,97.40923708,97.45246968,97.98065834,97.9978065,98.07114473,97.96442994,97.99512501,97.99423712,97.94704973,
Tonga,TON,0,,,,,,,,,,,,,,0,0,0,0,,,,,,,,
South Asia (IDA & IBRD),TSA,52.1472592,53.22043079,54.26389705,55.29819456,56.27345827,58.18549369,59.10565167,59.93966481,60.17093587,61.60024493,61.82295583,61.80624073,62.32808439,62.58626423,63.63679312,64.04593451,64.88514028,66.04972487,67.03846248,68.93593001,69.18918431,69.31305408,70.22646035,70.04817635,71.52352351,
Sub-Saharan Africa (IDA & IBRD countries),TSS,40.65091812,41.18037467,39.42396489,40.26172866,39.14675344,39.6513645,39.41852574,39.454579,38.5511896,38.89943231,38.23631544,38.89767095,38.01463962,39.0826787,39.90807249,39.62651794,38.93769166,39.61722475,40.96648795,39.85679104,39.59751226,39.1740675,38.70217196,38.27411642,39.78936584,
Trinidad and Tobago,TTO,98.90358254,99.01763244,99.1045608,99.11163552,99.02652613,99.31263045,99.40369198,99.33086834,99.42760424,99.48945887,99.78154823,99.81939342,99.63349547,99.71246787,99.72202118,99.75418531,99.8276264,99.86390029,99.86072753,99.86222469,99.92966889,99.92924194,99.92804798,99.92994946,99.91950642,
Tunisia,TUN,87.02331061,86.45564171,87.67513435,86.75515322,86.88950456,86.97489785,86.91700265,86.77077281,87.32132332,87.16586711,87.11753909,87.31853169,87.07320457,86.80593229,87.04397267,86.32363633,86.58578737,86.59359205,86.69977823,85.96209387,87.68649948,88.07194404,88.26464636,88.22942854,88.8703881,
Turkey,TUR,81.76598213,81.41887116,81.37420133,81.38847423,81.61678501,82.59288875,83.23558002,83.78303176,83.63248921,84.53000919,86.24798514,86.07294035,86.07008772,87.04065847,86.70136114,88.05963778,89.00397079,90.49675228,90.56269753,89.89750931,89.12433057,89.96939746,89.41051234,88.15732151,89.5439509,86.84318766
Tuvalu,TUV,,,,,,,,,,,,,,,,,,,,,,,,,,
Tanzania,TZA,6.903459487,6.752668158,6.102430568,6.643225124,6.566011793,8.937296356,8.29084495,7.68539637,6.592101915,5.541691497,6.05724193,6.32556028,6.922504864,6.989792393,9.173357755,10.06711978,10.43942003,9.856552098,9.799409682,9.287739044,10.61036898,12.58251877,14.90683811,14.88110912,14.38061695,
Uganda,UGA,,,,,,,,,,,,,,,,,,,,,,,,,,
Ukraine,UKR,91.83020981,91.66389453,90.68260921,89.00327145,88.14691048,88.01869734,85.45754145,84.68459874,84.28477495,85.10097241,84.18054993,84.35759414,84.28883846,84.77998969,83.56075041,83.2777787,82.00252166,81.3841921,80.85074966,78.97070523,80.45380003,79.55403602,79.25760905,78.23185225,75.34950578,
Upper middle income,UMC,83.31672602,83.00649766,82.5667131,82.61512375,82.28236006,82.47417374,82.55604653,82.4446569,82.36118476,82.23232147,82.55349117,82.8327306,83.01708869,83.90865736,84.57811846,85.09062307,85.586203,85.86039123,85.90749959,85.90323803,86.29326284,86.935736,86.7594393,86.43480341,86.42984875,88.96048145
Uruguay,URY,58.66997934,61.7111467,64.06373654,60.27272659,56.91651974,60.72254361,65.50947333,64.14710309,64.62242243,70.24568939,65.17284417,58.88739939,55.79019449,55.63445262,63.25076306,63.27733022,67.70578307,61.87527325,64.71136225,60.64908997,50.03140418,56.0551124,58.40715674,52.91635378,46.27030789,
United States,USA,86.43783832,85.69473785,85.57482233,86.11796479,85.91212906,85.46933598,85.51006132,86.45649442,86.08659433,85.78460105,85.88083054,86.34598091,86.24908436,86.27838541,86.12431287,86.01853539,85.62647253,85.61470518,84.96822169,84.15425372,84.15058807,83.71405277,83.43717762,82.94050969,83.08904242,82.42782825
Uzbekistan,UZB,99.15937667,98.98168628,98.89159939,98.72247356,98.74462613,99.00529376,98.50890456,98.70808544,98.81818344,98.83999358,98.78137827,98.90765794,99.00809293,98.70796227,98.45395169,98.40074276,98.33889215,98.82436971,98.01541608,98.15981526,97.81508659,98.11594607,97.98497238,97.73849947,,
St. Vincent and the Grenadines,VCT,0,,,,,,,,,,,,,,0,0,0,0,,,,,,,,
"Venezuela, RB",VEN,90.48743392,89.26867946,89.88168262,89.16327703,89.96488328,89.22769882,89.4540747,88.78911256,89.20859888,88.21105706,88.12157238,88.89082508,89.85294105,88.86864737,87.95176294,86.96036766,87.55630584,86.42837627,87.33395011,87.47998877,89.81249696,88.126095,89.25856921,88.37797322,,
British Virgin Islands,VGB,,,,,,,,,,,,,,,,,,,,,,,,,,
Virgin Islands (U.S.),VIR,,,,,,,,,,,,,,,,,,,,,,,,,,
Vietnam,VNM,27.62789723,26.82560313,28.10543211,30.36653496,33.61244562,37.03708171,39.58945312,42.450669,44.66937137,44.47201564,46.27348735,47.91381219,52.27151552,53.51507155,58.26328476,60.53286039,60.72421328,62.72987523,64.56385219,66.79639429,70.32817751,68.49888991,66.97810449,69.82183655,,
Vanuatu,VUT,0,,,,,,,,,,,,,,0,0,0,0,,,,,,,,
World,WLD,80.76166867,80.30420835,80.08244068,79.98313226,79.7929832,79.81737201,79.83418788,79.97706843,79.75976103,79.7272245,79.78384868,80.03830701,80.0570412,80.55352271,80.65153869,80.72447732,80.83571448,81.19416166,81.05485546,80.61346858,80.77812583,81.2305623,81.16535015,80.94272897,80.91140772,79.67629802
Samoa,WSM,0,,,,,,,,,,,,,,0,0,0,0,,,,,,,,
Kosovo,XKX,,,,,,,,,,,83.92267429,86.39372469,86.27717104,86.95110426,86.76230643,87.2096316,87.30212011,88.08794969,87.57461411,88.18078596,88.37101082,88.64308127,88.63153032,90.21079131,86.121582,
"Yemen, Rep.",YEM,96.92171379,97.4705837,97.68411455,97.3245358,97.43748464,97.73591321,97.78253409,97.91312374,98.04680785,98.26955808,98.37001186,98.48775256,98.39393456,98.51316611,98.59995437,98.65035831,98.70680334,98.64531297,98.68384422,98.63936666,98.32089009,98.44509359,98.24042053,98.48850274,,
South Africa,ZAF,86.15600715,86.27079087,85.15415756,86.6501108,86.15283213,86.30137004,84.99355588,84.90715771,84.45705296,84.65273181,84.24342648,85.6780845,84.89834277,86.02328015,86.99483553,87.15671805,87.11379816,87.71745546,88.14866881,87.67566973,87.46124141,87.03964201,87.15523381,86.57530458,86.79143169,
Zambia,ZMB,15.48989469,15.92778686,15.34888041,13.36135061,11.97584735,11.53935246,9.645147764,12.02351769,11.57938756,9.179157126,8.844863799,9.030562777,9.394503206,9.777850804,9.716384369,10.0872178,9.337160783,6.736324796,7.33559878,7.563086385,7.756579135,8.55911776,10.68849046,10.5633241,,
Zimbabwe,ZWE,44.80302541,47.31743108,47.34249117,45.77838931,43.72705893,43.56407322,42.06930092,40.05997364,39.7790053,41.53161734,37.02200249,37.0955744,34.41240043,29.84642334,28.16103313,30.30676864,28.54720354,27.99876891,23.67195544,23.93083087,24.8557054,28.49274324,28.86087341,29.0957594,,
