Report generated on: 11-03-2021 14:09:38,,,,,petroleum and other liquids CO2 emissions (MMtonnes CO2),,,,,,,,,,,,,,,,,,,,,,,,,
,1990,1991,1992,1993,1994,1995,1996,1997,1998,1999,2000,2001,2002,2003,2004,2005,2006,2007,2008,2009,2010,2011,2012,2013,2014,2015,2016,2017,2018,2019
    World,9719.141388,9822.578035,9865.384274,9879.82392,10089.1509,10249.54071,10448.24268,10698.28986,10756.99545,10964.20868,11077.74379,11136.73512,11245.76268,11470.57699,11868.24115,12059.68109,12133.93196,11809.75012,12069.07988,11943.72772,12293.06672,12422.52777,12619.78852,12748.28517,12867.8099,13124.07133,13294.20811,13447.61986,13493.6274,7468.881629
        Afghanistan,2,1.9,1.1,1,1,0.9,0.9,0.8,0.8,0.8,0.7,0.7,0.7,0.6,0.6,0.7,0.6,0.609637601,0.7,5.2,6.106799808,7.904472453,7.028628913,4.989296713,3.941469027,4.912399562,3.654527768,3.302956852,3.204096052,
        Albania,3.2,2.7,3.2,2.5,2,2.2,1.8,1.8,2.2,2.8,3.1,3.4,3.6,4.1,4.2,4.5,4.4,2.931691361,4.2,2.6,3.324997882,3.428806533,3.084717014,3.575098629,3.672343193,3.584554,3.816463,4.186072188,3.74718581,
        Algeria,24,25,26,25,25,25,24,23,25,24,25,26,28,28,30,31,31,33.51901482,0,41,42.9051,45.654043,49.303305,52.176213,53.048467,59.268298,57.660778,55.136495,56.5947672,
        American Samoa,0.577441663,0.577441663,0.594548215,0.578368968,0.562878486,0.547388003,0.548879294,0.562878486,0.562878486,0.562878562,0.550420816,0.550420816,0.559929816,0.559929816,0.559929816,0.59155027,0.601936254,0.601936254,0.603585394,0.601936254,0.601936254,0.35542766,0.356401475,0.35542766,0.35542766,0.35542766,0.355427692,0.35542766,0.35542766,
        Angola,3.8,3.9,4.1,4,3.9,4.2,4,4.6,3.7,4.6,4.3,6.3,6.6,7,7.1,7.2,8.1,8.8,9.5,11,14.994773,15.824531,16.888822,19.313511,21.290396,21.394483,22.294072,19.676979,19.524073,
        Antarctica,0.2,0.2,0.2,0.2,0.2,0.2,0.2,0.2,0.2,0.2,0.2,0.2,0.2,0.2,0.2,0.3,0.3,0.2,0.3,0.2,0.2,0.014352207,0.014382064,0.01434261,0.014342885,0.014228501,0.01422098,0.013782287,0.013782287,
        Antigua and Barbuda,0.4,0.4,0.4,0.4,0.5,0.5,0.5,0.5,0.5,0.5,0.5,0.5,0.5,0.5,0.6,0.6,0.7,0.690569119,0.7,0.7,0.7,0.690076094,0.707217069,0.705863443,0.719317413,0.751413,0.762758,0.7159054,0.7348894,
        Argentina,57,58,59,67,61,59,64,67,71,73,70,64,58,63,63,69,71,68.16655186,78,80,98,96.03284994,100.3141954,100.9449954,101.0262161,118.285955,115.573158,95.44094293,90.16178809,
        Armenia,--,--,7.1,3.9,2.8,3.9,4.5,4.9,5.1,5.2,5.6,5.8,6.1,6.2,6.4,6.9,6.9,7.11914633,7.3,7,1.236825608,1.170579003,1.17819559,1.077722737,1.076822704,1.001925,1.038209,1.142606,1.102585,
        Aruba,0.6,0.6,0.7,0.7,0.8,0.9,0.6,0.9,0.9,0.9,1,1,1,1,1,1,1.1,1.024105112,1.1,1,1.1,0.991091715,1.259022487,1.19798201,1.213408516,1.221647,1.201636,1.251577,1.20493081,
        Australia,106.2183511,103.6239412,103.828733,107.5108219,111.5402617,114.0960677,116.2893688,117.6909614,119.084167,122.3648929,122.3388108,123.9342446,127.0179826,129.7198058,131.3638206,133.3246504,135.0496242,137.8918277,139.5403925,141.7269524,148.2784586,153.9051167,158.3331312,159.8666244,159.0296624,157.880366,157.0951736,164.9549552,167.2665086,165.4665395
        Austria,33.693727,36.67541,36.21492,37.558967,37.058542,36.842263,40.415629,40.750791,41.996921,40.001522,39.360402,42.123987,43.400735,45.399595,46.91419628,46.18933928,47.09684452,46.32647052,44.91990552,42.39899628,44.25324228,41.66057776,41.583891,42.242524,41.15568876,41.04608876,41.61779376,41.331275,42.634555,43.437652
        Azerbaijan,--,--,29,29,28,28,21,20,24,24,20,18,17,16,17,17,18,13.7,15,10,10.47970796,11.86232063,12.50568169,12.8993127,12.84424651,12.87571355,12.83157079,13.196646,12.584779,
        Bahrain,2.9,3,3.1,3,3.1,3.2,3,2.8,3.2,3.8,3.5,3.3,3.3,3.6,4,4.3,5.6,5.43673315,6.2,6.4,6.3,8.127910608,8.115816023,7.921291,8.10461,8.408209,9.088786,7.764037,7.511175,
        Bangladesh,5.4,5.7,5.8,6.1,7,7.9,8.1,8.5,8.8,10,10,12,13,13,13,13,14,12.21914633,14,15,12.20411443,15.7490777,16.46583318,16.02477401,17.19900713,17.193589,17.108472,18.69086,21.225703,
        Barbados,1.2,1.3,1.3,1.3,1.2,1.3,1,1.4,1.4,1.5,1.6,1.6,1.6,1.6,1.1,1.5,1.4,1.372890131,1.4,1.5,1.4,1.894548284,1.773627162,1.808879,1.581981,1.676749,1.699599,1.551197701,1.66228089,
        Belarus,--,--,52,45,37,35,31,28,25,23,20,18,17,20,22,24,25,18.72218395,25,26,21.62930558,25.11392351,23.70521476,21.08294411,21.43540477,17.678352,17.860923,16.814272,18.3591,
        Belgium,75.585388,81.178558,82.55924,81.674778,94.789502,95.296441,103.235353,104.122893,105.820375,103.816581,108.121939,107.53091,109.398967,113.730775,115.953738,116.157483,111.667082,111.938784,121.349273,110.987967,117.056344,107.600607,106.462383,111.021887,110.362184,112.489524,115.386721,115.909948,120.260073,115.151087
        Belize,0.3,0.3,0.3,0.3,0.3,0.3,0.3,0.4,0.4,0.4,0.7,0.9,0.8,0.8,0.9,1,1,1.073313812,1,0.5,0.5,0.423049876,0.476432412,0.516362349,0.505700203,0.597846,0.591488,0.676589459,0.577712955,
        Benin,0.6,0.7,0.8,0.8,0.9,1,1,1.1,1.2,1.3,1.7,1.7,1.7,2.1,2.4,2.5,3,3.295630943,3.4,4.5,5.1,4.716966088,4.368430007,4.535651237,4.751106013,5.278207,6.420621,6.619871,6.631707,
        Bermuda,0.7,0.5,0.4,0.5,0.5,0.5,0.5,0.5,0.5,0.5,0.5,0.5,0.5,0.6,0.6,0.6,0.6,0.768531146,0.8,0.7,0.7,0.527135539,0.559253927,0.580391832,0.747555419,0.638996,0.813297,0.775416033,0.797279806,
        Bhutan,0.07744,0.07715,0.08126,0.08108,0.09223,0.1,0.1,0.1,0.1,0.1,0.1,0.1,0.2,0.2,0.2,0.2,0.2,0.171893392,0.2,0.3,0.323057991,0.381013666,0.434420977,0.459001396,0.429118119,0.45724348,0.52496449,0.5701351,0.5701351,
        Bolivia,3.3,3.4,3.5,3.4,3.9,4.4,4.4,4.5,5,6.3,6.3,6.1,6.9,6.8,7.2,7.1,7.8,6.172890131,8.1,7.2,8,8.548488478,9.238645607,9.207521756,9.919693004,10.650584,11.011997,11.857834,12.066285,
        Bosnia and Herzegovina,--,--,5.3,3.4,3.1,3,2,2,2.3,2.4,3,3,3.1,3.3,3.8,4,3.7,3.660609904,3.9,3.8,4.838649171,4.882621172,4.479675104,4.330383566,4.403228438,4.536242,5.108585,5.008164914,4.845129,
        Botswana,0.9,1,1.2,1.1,1.1,1.1,1.1,1.3,1.3,1.3,1.9,1.6,1.5,1.5,1.9,2,2.1,2.143661503,2.2,2.6,2.7,2.757641297,2.754874253,2.979473563,3.085495082,3.4256,3.233526,2.920058816,3.056143816,
        Brazil,197,199,192,213,225,243,257,273,271,280,258.5370958,260.6216802,257.1503092,250.1948555,255.8529714,260.37905,261.3055107,272.2420652,285.1226908,289.6834905,303.6838564,322.0879854,340.9090914,352.933481,365.9255096,359.3387163,342.2284974,346.5527526,328.4764347,
        British Virgin Islands,0.05039,0.05039,0.0541,0.05411,0.05413,0.05406,0.0604,0.06039,0.06036,0.06036,0.06038,0.06038,0.06039,0.0699,0.08895,0.09531,0.1,0.11115615,0.1,0.1,0.2,0.17865226,0.177708728,0.177212161,0.179863623,0.183908,0.186382,0.174258053,0.216635316,
        Brunei,0.9,1.4,1,1.2,1.4,1.4,1.8,1.8,1.6,1.6,1.6,1.6,1.6,1.8,1.9,2,2,1.933440321,2.2,2.3,2.401380684,2.574352624,2.471166688,2.43935757,2.347091784,2.480328,2.285271872,2.138225064,2.247313971,
        Bulgaria,30,19,20,18,20,19,17,15,14,13,14,13,14,13,14,15,15,11,15,14,11.40311303,10.92037263,11.14967479,10.26810305,11.39393192,12.517573,12.657792,12.8070401,13.03321872,
        Burkina Faso,0.5,0.6,0.6,0.6,0.7,0.7,0.7,1.1,1.1,1.1,1.1,1.1,1.1,1.1,1.2,1.1,1.2,1.347805637,1.4,1.7,1.7,2.120689116,2.453215462,3.050219119,2.860502377,3.711134,3.006024,3.720961857,2.970056033,
        Burma,2.3,2.4,2.5,2.5,2.9,2.8,3,3.8,4.5,5.6,5.6,5.1,5.3,5.4,6.1,6.5,6,5.330293104,5.6,4,3.849288667,3.495448412,6.404576898,8.611399581,13.25252965,16.50476006,12.49459791,19.694049,20.467959,
        Burundi,0.3,0.3,0.3,0.4,0.4,0.4,0.4,0.4,0.4,0.4,0.4,0.4,0.4,0.4,0.4,0.4,0.4,0.209395776,0.4,0.2,0.2,0.264970514,0.233810047,0.283664742,0.239258433,0.390188,0.468876,0.52089837,0.44352004,
        Cabo Verde,0.09635,0.09921,0.1,0.1,0.1,0.1,0.1,0.1,0.1,0.1,0.2,0.1,0.1,0.1,0.3,0.3,0.3,0.360745456,0.3,0.4,0.4,1.003405603,0.844979104,0.840027485,0.909728098,0.905513,0.951232,0.997356969,1.001529634,
        Cambodia,0.5,0.5,0.5,0.5,0.5,1.4,1.5,1.9,2.1,2.1,2.2,2.5,2.7,3,3.4,3.6,3.9,4.089236749,4.2,4,4.962414048,5.017795423,5.278816874,5.257842498,5.458399137,6.067213,6.906744,7.121152,7.794608,
        Cameroon,3.4,3.5,3.6,2.8,3.1,3.1,3,3.1,3.1,3.2,3.3,3.2,3.2,3.4,3.4,3.4,3.8,4.276585321,4.1,4.8,5.4,6.041916501,5.363625332,4.416440359,6.061463355,5.946235,5.507901,5.28505,4.929033,
        Canada,254.1939945,242.5236298,252.2428696,253.7500517,257.788887,262.5517917,270.4244221,279.2554388,283.7333794,290.2850639,289.6693716,296.16974,314.2980691,333.2835519,343.7567416,357.8462469,358.8567061,375.5558377,359.3726445,346.1787353,361.9713622,361.3531689,364.9005296,362.3383616,356.3146885,366.7967064,368.6229265,361.3301974,371.1332409,354.0419109
        Cayman Islands,0.3,0.3,0.3,0.3,0.3,0.3,0.3,0.3,0.3,0.3,0.3,0.3,0.3,0.4,0.4,0.4,0.5,0.469614249,0.5,0.6,0.6,0.640238431,0.591050963,0.581374714,0.59238264,0.637089,0.626893,0.717927,0.667298,
        Central African Republic,0.2,0.3,0.3,0.3,0.3,0.3,0.3,0.3,0.3,0.3,0.3,0.3,0.3,0.3,0.3,0.3,0.3,0.354199611,0.3,0.3,0.3,0.39045643,0.401034275,0.404893391,0.408906323,0.415213,0.418203,0.413368647,0.417437019,
        Chad,0.3,0.3,0.3,0.2,0.2,0.2,0.2,0.2,0.2,0.2,0.2,0.2,0.2,0.2,0.2,0.2,0.2,0.297427198,0.3,0.3,0.3,0.327842743,0.316141067,0.334930921,0.333739735,0.957926,0.97189,0.968868791,0.997569791,
        Chile,20.905775,21.581802,23.537491,25.805691,27.634957,30.630844,33.231807,35.275031,36.538094,38.326484,35.616556,34.712821,36.564172,37.702428,41.218487,43.073213,43.77893,53.799369,56.634789,53.089212,48.155777,50.06345,50.253331,51.294959,49.084122,49.789722,52.111127,52.204177,53.377308,54.31057
        China,335,364,375,426,444,476,482,539,536,572,643,658,693,717,850,889,928,783.5,995,1107,1180.219213,1257.167642,1328.880916,1392.550812,1446.7761,1493.438926,1553.972028,1606.267592,1662.494164,
        Colombia,26.40311721,27.1346247,30.77743009,31.20992658,31.68026658,29.99596736,31.40278587,33.42676603,31.91941987,30.12025493,30.00560617,29.32896286,29.29643553,28.31067723,30.62963093,29.95016881,31.54931797,30.37301624,31.11968784,30.70595194,32.40495293,38.08637511,41.9020752,43.24057473,43.73765927,44.128775,47.050113,43.875749,45.816049,
        Comoros,0.07,0.06686,0.06749,0.0675,0.07069,0.08324,0.08346,0.08346,0.08661,0.08661,0.09636,0.09954,0.1,0.1,0.1,0.1,0.1,0.12101908,0.1,0.2,0.1,0.15132232,0.154672246,0.191959712,0.170729892,0.185697,0.218082,0.253686309,0.231873529,
        Congo-Brazzaville,1,0.9,0.9,0.8,0.8,0.7,0.7,0.7,0.8,0.6,0.6,0.8,0.7,0.9,1,1.1,1.2,1.386826081,1.4,1.7,2.5,2.180008554,2.07884107,2.488601088,2.53044314,2.430184,2.414699,2.03944,1.70713,
        Congo-Kinshasa,3,3.2,3.7,3.9,2.9,3,3.2,3.1,2.9,2.5,2.1,1.4,1.2,1.2,1.7,1.7,1.7,1.748578384,1.651114179,1.7,2.4,2.779647673,2.674933097,3.984351725,5.402108766,3.137905,2.361898,2.566063454,2.556642454,
        Cook Islands,0.04738,0.03862,0.04785,0.04783,0.0478,0.04763,0.04775,0.04775,0.04774,0.04774,0.05729,0.05729,0.05729,0.05728,0.06365,0.07001,0.07469,0.070105621,0.09059,0.07309578,0.0782276,0.0877292,0.093050737,0.0924799,0.0975472,0.0902632,0.093490855,0.09957866,0.1000789,
        Costa Rica,2.6910752,2.837850293,3.577531496,3.935262231,3.998367711,4.592163329,4.340589425,4.465104193,5.04020188,5.509119911,5.391587364,5.321156954,5.437998141,5.535909585,5.326839709,6.177888048,6.656301553,7.222929559,7.14564738,6.743454787,6.961416366,7.080506921,7.03164314,7.314636,7.455906,7.141522,7.721484,7.894798,7.922236742,
        Croatia,--,--,9.7,9.6,12,14,12,12,14,14,13,13,14,14,14,14,15,12.30316914,14,13,11.0758518,10.88611214,10.00251593,9.415334533,9.211140732,9.591954,9.526353,10.611656,10.316187,
        Cuba,35,32,29,28,29,31,30,32,32,32,31,32,33,32,32,28,24,17.9,27,27,26,23.11137079,26.43233971,25.082107,25.56727604,27.817894,20.917252,18.983948,20.656989,
        Cyprus,4.9,5,6,6.1,6.8,6.7,6.7,6.7,7.2,7.8,7.4,8.1,7.9,8,8.5,8.7,9.2,8.825739809,9.7,9.2,8.506922317,8.433691851,7.92339795,6.967086965,7.033255743,7.309827,7.953099,8.197774536,8.225635437,
        Czech Republic,--,--,--,24.41758628,24.98731928,22.507045,24.123485,23.761489,25.038721,24.986161,23.615084,25.199283,23.514115,25.057264,27.87632,29.020021,28.371709,28.460982,29.669637,28.500256,28.315467,27.694878,27.531874,26.851926,28.89232,27.438308,24.629889,31.257393,31.478381,32.018241
        Côte d’Ivoire,4.6,3.8,3.9,4.4,4.6,4.5,4.7,4.1,3.8,4.4,4.7,3.2,3.3,3.3,3.9,3.9,3.8,3.2,3.4,3.5,3.7,3.350619423,4.731532168,5.543805597,5.971603927,6.345646,6.924189,6.898578,7.057397,
        Denmark,29.909273,30.236505,29.959835,31.200389,33.509971,33.009026,33.611178,31.62419,31.610009,31.181622,29.648515,31.315787,28.515937,29.662181,29.24639,28.948285,30.265116,30.297767,28.693959,26.225922,26.214173,25.787376,24.658425,24.579301,24.573901,24.917433,25.281813,25.228668,25.54771,26.442479
        Djibouti,1.7,1.7,1.8,1.8,1.8,1.8,1.8,1.8,1.8,1.8,1.9,1.9,1.9,1.9,1.9,1.9,1.7,0.982168865,1.7,1.2,1.2,0.642204383,0.851072193,0.913989133,0.926809265,0.817987,0.742559,0.64035796,0.67469826,
        Dominica,0.05852,0.05845,0.05909,0.06224,0.07183,0.08101,0.08119,0.08116,0.0843,0.0843,0.07958,0.1,0.1,0.1,0.1,0.0924,0.1,0.121246436,0.1,0.1,0.1,0.170095617,0.169940463,0.161291994,0.171749852,0.18743,0.18855,0.177435879,0.185983702,
        Dominican Republic,9,8.7,9.8,8.6,9.7,11,11,12,12,14,16,16,17,16,16,16,16,16.1,16,15,15,16.06265696,16.68131538,16.11864104,15.42936892,17.599679,18.940826,16.850974,19.99625015,
        Ecuador,14,14,17,15,17,17,18,18,19,18,18,19,20,20,21,22,24,23.4,25,28,35.514934,35.220785,35.982397,37.379665,40.908733,37.747777,35.724943,33.75358,36.552086,
        Egypt,71,69,68,68,70,71,77,81,84,85,80,77,80,81,87,89,93,91.1,96,96,94,110.7391604,112.0678519,119.5218753,128.2817096,128.842568,121.225381,115.411349,109.739597,
        El Salvador,2.4,2.8,3.2,3.2,3.6,4.6,4.4,4.7,5.5,5.5,5.5,5.7,5.8,6.1,6,6.2,6.2,6.2,5.9,5.9,5.9,6.400534836,6.557031794,6.267014492,6.439962738,6.885362,6.927231,6.310517,7.044276,
        Equatorial Guinea,0.1,0.1,0.1,0.1,0.1,0.1,0.1,0.1,0.1,0.1,0.2,0.2,0.2,0.2,0.2,0.2,0.2,0.233968033,0.3,0.5,0.7,0.74595765,0.725720922,0.748097712,0.747252439,0.735235,0.752646,1.0748218,1.488709079,
        Eritrea,--,--,--,--,1,1.1,1.1,1.1,1.3,1.1,0.6,0.8,0.7,0.8,0.8,0.7,0.7,0.684580762,0.7,0.5,0.7,0.531904357,0.554351959,0.578195163,0.603668434,0.593500088,0.630792,0.65482281,0.74245581,
        Estonia,--,--,5.117977,5.380994,4.935003,3.829567,4.174598,4.121684,4.055676,3.756624,3.128766,3.572471,3.703456,3.580636,3.737662,3.772474,4.028735,4.31798,4.247266,3.7194,3.966148,3.875526,4.691533,4.564372,4.265394,4.318708,4.328328,4.389655,4.447382,4.284025
        Eswatini,0.4,0.4,0.4,0.5,0.5,0.5,0.5,0.5,0.5,0.5,0.5,0.5,0.5,0.5,0.5,0.5,0.6,0.656187559,0.6,0.7,0.7,0.700708372,0.69791521,0.727409485,0.753466931,0.787861,0.875217,0.860772853,0.863631816,
        Ethiopia,3,2.5,3.6,3.3,2.2,2.4,1.7,1.7,2.6,3.3,3.5,3.6,3.9,4.2,4.3,4.6,5.2,5.6,6.4,7,6.5,6.917992642,7.209816966,8.748884966,9.914503869,10.619113,12.0749,11.8621819,12.73339586,
        Falkland Islands,0.02519,0.02519,0.02544,0.02544,0.02545,0.02861,0.03178,0.03496,0.0286,0.0286,0.0286,0.0286,0.03178,0.03177,0.03505,0.03813,0.04129,0.047677067,0.04578,0.047639359,0.047663984,0.042068957,0.042994213,0.042960265,0.042945483,0.045031,0.046769,0.044814699,0.04640807,
        Faroe Islands,NA,NA,0.6,0.6,0.6,0.7,0.7,0.7,0.7,0.7,0.7,0.7,0.7,0.7,0.7,0.7,0.8,0.657764412,0.7,0.7,,0.689511212,0.707672875,0.775636426,0.69537097,0.741409,0.747048,0.843090809,0.869814783,
        Fiji,1,0.8,0.9,0.9,0.9,1,1.1,1.1,1,1.1,1.4,1.5,1.7,2.2,2.6,2.5,2.3,2.52904579,2.3,1.4,1.069934284,2.110557137,1.150712234,1.459271717,1.914142212,2.417886221,2.355120113,2.385453454,2.368067017,
        Finland,36.26338652,35.617884,34.069898,31.95631,33.550272,32.82324776,32.728642,32.131228,33.400214,33.6342,33.516366,33.571377,34.359296,34.898386,34.389674,34.233911,34.829691,35.819694,34.490539,32.691652,33.681773,33.353809,31.639949,32.882815,32.017058,32.344826,33.187526,32.585557,33.014091,32.190015
        Former Czechoslovakia,38.69614493,33.17557963,29.35108653,--,--,--,--,--,--,--,--,--,--,--,--,--,--,--,--,--,--,--,--,--,--,--,--,--,--,
        Former Serbia and Montenegro,--,--,7.6,4.5,4.3,4,6.7,8.8,8.1,8.1,8.8,11,11,12,12,12,--,--,--,--,--,--,--,--,--,,,,--,
        Former U.S.S.R.,1222,1206,--,--,--,--,--,--,--,--,--,--,--,--,--,--,--,--,--,--,--,--,--,--,--,,,,--,
        Former Yugoslavia,47,36,--,--,--,--,--,--,--,--,--,--,--,--,--,--,--,--,--,--,--,--,--,--,--,,,,--,
        France,294.5859429,310.5862229,317.2676113,302.4818383,303.3196567,313.9147071,320.9008643,322.1672333,330.0222172,330.8065622,326.6706879,329.317993,318.1777647,323.7136489,325.4157963,323.9422294,323.7036382,318.8909333,313.4268977,296.9137816,289.8063352,291.1978513,285.5533487,275.2561486,273.8933926,272.3241267,266.2218866,270.4349693,258.0215396,258.65653
        French Guiana,0.7,0.8,0.6,0.9,0.9,1,1,1,1,1,1,1,1,1.1,1,1.1,1.1,1.043026638,1.1,0.8,1,0.825736292,0.675517533,0.74987719,0.794830238,0.81713,0.900001,0.870318457,0.870318457,
        French Polynesia,0.9,0.9,0.9,0.9,0.7,0.7,0.7,0.7,0.7,0.7,0.7,0.7,0.7,0.9,0.9,0.9,1,1.073299837,1,1.1,1.069934284,1.032705988,1.005109149,1.017831956,0.994421436,1.040268159,1.022256868,1.000152326,1.029653081,
        Gabon,2.4,2.3,2.4,2.3,2.4,2,2.1,2.2,2.1,2,1.8,1.8,1.7,1.8,1.8,1.8,2.1,2.214351927,2.6,2.2,2.842256,3.051117,3.072911,3.354363,3.25915,3.296102,3.30557,3.236181,2.563767,
"        Gambia, The",0.2,0.2,0.2,0.2,0.2,0.2,0.2,0.2,0.2,0.2,0.3,0.3,0.3,0.3,0.3,0.3,0.3,0.457456946,0.4,0.4,0.5,0.531155455,0.511167994,0.516049014,0.573964564,0.587984,0.592758,0.5900981,0.5941987,
        Georgia,--,--,4.3,2.5,1.1,1.2,2.1,2.2,2.3,2.5,2.2,1.7,1.6,1.6,1.7,1.9,2.1,2.137004305,2.1,2.7,2.911861776,3.072104586,3.058405971,3.136058049,3.307601814,3.731459,4.527405,4.191488,4.143585085,
        Germany,--,476.258297,478.839642,486.761351,479.066661,479.909954,488.817214,489.321331,494.571036,480.829344,488.507745,489.473686,476.026314,473.220232,473.064123,468.513834,466.440556,429.143218,444.398482,426.633362,439.057058,426.242374,427.561649,435.37811,429.042295,426.173716,420.322853,426.944723,393.286319,398.863712
"        Germany, East",31.45008229,--,--,--,--,--,--,--,--,--,--,--,--,--,--,--,--,--,--,--,--,--,--,--,--,--,--,,--,
"        Germany, West",363.5551964,--,--,--,--,--,--,--,--,--,--,--,--,--,--,--,--,--,--,--,--,--,--,--,--,--,--,,--,
        Ghana,3,3,3.4,3.5,3.9,4,4.1,3.8,3.8,4.5,5.3,5.2,5.5,5.9,6.5,6.5,6.7,6.675884551,7.4,7.5,9.1,9.326884494,10.32532644,10.92800641,10.91128986,11.646753,12.598988,10.817419,12.4810759,
        Gibraltar,1.7,1.7,3.1,3.2,3.2,3.2,3.2,3.2,3.7,3.2,7.3,4,4,4.1,4.3,4.4,4.5,4.589873439,4.6,4.9,14.00236938,13.93627838,14.0575872,12.9414252,12.22962503,12.527962,12.779891,14.167233,13.83733,
        Greece,50.296888,50.925064,52.159062,53.675939,54.922966,57.34558,59.492753,60.553125,62.978291,61.20932,64.275266,65.179685,65.935865,68.887067,68.223765,68.862704,72.262387,74.621112,69.999419,65.582889,61.11847,57.519885,51.762021,48.379787,48.591864,50.35556,50.918888,51.42268,51.143866,52.598681
        Greenland,NA,NA,0.5,0.5,0.5,0.5,0.5,0.5,0.5,0.5,0.6,0.6,0.6,0.6,0.6,0.6,0.6,0.602356258,0.6,0.6,1,0.833502219,0.656976976,0.638021562,0.568352543,0.614472,0.620367,0.610689172,0.612110294,
        Grenada,0.1,0.1,0.1,0.1,0.2,0.2,0.2,0.2,0.2,0.2,0.1,0.2,0.2,0.2,0.2,0.2,0.3,0.231333533,0.3,0.3,0.3,0.274632336,0.286340167,0.323327348,0.271059272,0.289772,0.298309,0.32244384,0.317136381,
        Guadeloupe,1.4,1.5,1.4,1.6,1.7,1.7,1.7,1.7,1.7,1.7,1.8,1.8,1.9,1.9,2,2.1,2.2,2.443079243,2.4,2.1,2.1,2.513874844,1.890889186,1.876143704,1.820668631,2.134862,1.996945,1.88786237,1.90047837,
        Guam,,,,,,,,,,,,,,,,,,,,,,,,,,,,,,
        Guatemala,3.8,3.6,4.4,4.8,5.4,6.1,6.3,7,8.5,8.7,8.6,9.5,9.3,9.4,9.8,10,10,10.41457195,9.9,11,9.6,9.865846354,10.01434026,10.06127515,10.59550985,12.133803,12.61943,13.291494,14.41823,
        Guinea,1.5,1.2,1.2,1.2,1.2,1.2,1.2,1.2,1.3,1.3,1.3,1.3,1.3,1.3,1.4,1.4,1.4,1.338244321,1.3,1.4,1.4,2.836534427,2.580964507,2.334176295,2.433724809,2.767085,3.084621,2.993960718,2.980732599,
        Guinea-Bissau,0.3,0.3,0.3,0.3,0.3,0.3,0.3,0.3,0.3,0.3,0.4,0.4,0.4,0.4,0.4,0.4,0.4,0.320253741,0.5,0.4,0.4,0.333377776,0.322217541,0.360466395,0.374162768,0.408674,0.425613,0.340882931,0.341846886,
        Guyana,0.7,0.8,0.9,1.2,1.2,1,1,1.1,1.4,1.5,1.7,1.7,1.8,1.7,1.5,1.7,1.6,1.519155927,1.5,1.6,1.6,1.841371515,2.080137006,2.028611814,2.028761361,2.099613,2.361872,2.281382873,2.321942783,
        Haiti,0.7,0.7,0.8,0.6,0.5,0.9,1.1,1.4,1.3,1.5,1.5,1.7,1.7,1.7,1.7,1.8,1.8,1.965478346,2,2.2,2.1,2.224320918,2.418779249,2.602297893,2.866673923,3.316061,3.357186,3.357510686,3.45641014,
        Hawaiian Trade Zone,--,--,--,--,--,--,--,--,--,--,--,--,--,--,--,--,--,--,--,--,--,--,--,--,--,--,--,,--,
        Honduras,2.7,2.7,2.7,2.7,3,3.5,3.9,3.8,4.4,4.6,4.3,5,5.6,5.6,6.6,6.8,7.1,7.979675668,7.5,6.8,7.1,7.295769056,7.892653777,7.927813826,8.586795867,9.267142,8.736444,8.704850987,10.003464,
        Hong Kong,19,20,23,24,28,28,28,27,30,41,36,36,40,41,48,49,47,49.86655186,46,54,65.30636447,57.34301445,52.89850222,53.92269668,49.60206828,60.20269709,61.97337456,65.5262892,66.49730958,
        Hungary,28.323821,26.672853,27.726084,26.78387,26.461742,24.73336,23.409506,24.779064,25.21901,24.680131,23.56576252,23.15239252,23.95170176,23.427233,23.150688,27.135491,28.006211,29.32374,28.795791,27.790816,26.59424,25.93177776,23.552642,23.463555,24.863724,26.622425,26.551073,28.163345,30.109049,29.499874
        Iceland,1.977366034,1.872991034,2.073557034,2.015480034,2.056782034,2.136066034,2.397096034,2.330438069,2.344450069,2.348141069,2.3832,2.252786,2.379493,2.382795069,2.467418,2.501041,2.614077069,2.606443,2.395015,2.309632103,2.139057,2.116861,2.126963,2.300143,2.544373069,2.589325103,2.895845069,3.175025,3.432809,2.597807
        India,160,162,174,179,194,217,229,241,257,268,286,293,302,302,325,321,349,373,387,402,417,422,449,454,472,512,578.794597,596.3309729,615.0922265,624.2634114
        Indonesia,95,100,106,113,114,117,127,141,136,145,154,157,166,167,175,184,175,166.3,177,182,201.2506818,208.7681164,217.3362093,212.7822713,215.1201245,200.5892019,199.2569137,206.8681394,224.4631057,
        Iran,149,157,161,166,167,167,157,173,169,175,173,178,189,197,211,215,227,220.3,239,249,245,252.1250042,271.3453286,267.5178253,267.7835811,240.998331,233.620313,266.1612463,266.1612463,
        Iraq,57,39,52,61,71,71,71,63,65,67,66,71,73,68,73,78,74,81.9,90,98,86.374073,90.267763,105.876756,115.405259,112.56889,95.847884,120.010597,118.429715,126.315647,
        Ireland,13.865956,15.154481,15.413867,15.905515,17.687705,18.249678,18.63911,21.001788,23.407238,26.279235,27.018496,29.331266,28.175078,27.726438,28.667389,30.273443,31.478615,30.654023,29.689867,25.000682,24.585365,21.232244,20.480425,20.654427,21.024414,21.949994,22.807865,23.039391,24.076933,24.105816
        Israel,28.211567,28.529603,28.208615,30.642908,32.855723,35.319028,34.201001,36.091318,37.675432,38.814416,41.572545,38.794392,40.456081,41.412592,42.339612,38.663254,39.679891,41.153,39.651512,35.943679,37.536627,36.715405,43.491718,37.598627,33.575607,35.813882,35.715388,36.929401,37.112301,37.872782
        Italy,326.313674,321.806939,324.037129,322.393959,318.283952,334.638361,328.496411,330.170654,328.867879,312.44933,311.436226,304.25219,311.88443,313.351882,298.008769,294.052458,291.944456,282.631738,275.074665,254.828315,249.723483,242.341969,219.899429,198.04649,199.331328,205.031178,195.971213,202.605981,208.393645,197.254902
        Jamaica,7.4,7.7,8.4,8.5,8.7,9.8,9.9,10,11,11,11,11,11,11,11,11,13,13.2,12,9.2,8,8.392492887,7.804376542,8.584252984,8.397359441,8.286742,8.689486,7.20741482,7.714818985,
        Japan,932.145214,946.267637,964.507556,937.9975,1001.20319,1006.751653,1008.988296,1006.386963,957.489442,989.87106,964.408184,931.929897,917.244696,946.980376,932.124258,937.636945,917.104035,895.536646,858.985159,761.746955,785.237987,796.93784,848.988819,821.828773,773.149502,762.706477,729.341346,711.080976,680.054576,658.609313
        Jordan,9.9,9.4,11,11,12,13,14,13,14,15,15,15,15,16,15,16,16,14.5,14,14,15,19.8802385,21.73069593,20.24773,22.79327,19.028106,15.893388,16.944706,15.54388356,
        Kazakhstan,--,--,63,52,45,40,37,33,30,27,29,30,31,29,32,33,33,31.2,34,30,31.19903165,36.43915978,33.8723555,34.81033963,34.03137706,41.72495,44.843697,43.742177,42.999412,
        Kenya,6.3,5.5,6.1,6.3,6.7,6.9,7.3,6.7,7.7,7.9,8.5,7.8,7.7,8.1,9,9.9,11,10.7,11,11,12,13.12903053,11.87251476,13.12896691,13.22259285,15.541922,16.789936,16.670611,17.221016,
        Kiribati,0.02206,0.02612,0.02228,0.02228,0.02228,0.02227,0.02226,0.02226,0.02226,0.02226,0.02544,0.02544,0.03171,0.0317,0.03176,0.03807,0.03805,0.038273004,0.04369,0.062365005,0.063694222,0.058719858,0.057888232,0.058583745,0.058690002,0.061856002,0.066107494,0.066031725,0.066043384,
        Kosovo,--,--,--,--,--,--,--,--,--,--,--,--,--,--,--,--,--,--,1.5,1.6,1.624188167,1.815501796,1.656288556,1.640223164,1.574305107,1.862865356,1.888082693,1.860252906,1.918532,
        Kuwait,12,13,17,19,25,27,30,34,38,39,40,40,39,44,47,51,51,39,53,60,59.653001,57.592073,56.906665,59.161183,55.623309,57.389713,52.45998001,47.69027931,49.38532971,
        Kyrgyzstan,--,--,4.8,2.9,1.3,1.7,1.8,1.5,2.1,1.7,1.6,1.3,1.4,1.4,1.8,1.9,1.9,1.9,2.1,5,3.799276981,4.02646163,5.126303352,5.159083083,4.64976207,4.973226,5.51507,4.901844,5.477868,
        Laos,0.2,0.2,0.3,0.3,0.3,0.3,0.3,0.3,0.4,0.4,0.4,0.4,0.4,0.4,0.4,0.4,0.4,0.373842232,0.4,0.4,2.16325989,2.231952936,2.501036127,2.554295163,2.64770651,2.608553642,3.099584348,3.174937607,3.521944724,
        Latvia,--,--,8.372326,7.884384,7.782441,6.085622,6.367404,5.42726,4.994464,4.590125,3.60322,4.390735,4.472403,4.688266,4.904854,5.062942,5.240936,5.537303,5.348335,5.176657,5.491163,4.885224,4.846264,4.874959,4.891886,5.150107,5.342321,5.490165,4.982035,5.512968
        Lebanon,4.7,8.2,8.2,10,11,12,13,15,15,15,16,15,16,16,15,15,13,11.90316914,14,19,18,18.77987319,20.90140066,20.579876,22.172136,24.110338,25.071077,26.624618,25.08802974,
        Lesotho,0.2,0.2,0.2,0.2,0.2,0.2,0.2,0.2,0.2,0.2,0.2,0.2,0.2,0.2,0.2,0.2,0.2,0.238412507,0.2,0.2,0.6,0.56901386,0.603890133,0.616832425,0.643414734,0.634217,0.681386,0.850365255,0.736309374,
        Liberia,0.6,0.3,0.3,0.4,0.4,0.4,0.4,0.4,0.4,0.4,0.4,0.5,0.5,0.5,0.5,0.5,0.6,0.746164258,0.7,0.6,0.5,0.917673131,0.988485943,0.900916034,1.187724076,1.197167,1.37903,1.184611,1.34566552,
        Libya,24,25,23,24,25,27,28,30,28,29,30,30,35,36,39,41,38,30.2,39,41,38.785718,25.463776,34.800255,36.324757,37.211209,31.702844,28.651044,29.54189,30.667829,
        Lithuania,--,--,14.00295031,12.61408375,11.5752435,10.2437559,11.02840069,10.7950994,12.201054,9.538341,7.620407,8.60274,8.339512,7.968292,8.612252,9.086343,8.974971,9.136512,9.98855,9.14312,8.993446,8.674612,8.912893,8.676824,8.569816,9.337599,10.066433,10.390847,10.816412,10.808947
        Luxembourg,4.938266,5.763747762,5.961349762,5.914629762,5.915646762,5.455570762,5.651870762,5.942391762,6.166951762,6.567299762,7.174596,7.634275762,7.794114762,8.368286762,9.483149762,9.726208,9.249357762,9.095299762,9.233986261,8.569571523,8.961258523,9.260631023,8.946934023,8.747491762,8.574904261,8.484048023,8.380142261,8.924417,9.478976,9.615073
        Macau,1.1,1.1,1.1,1.2,1.3,1.3,1.5,1.5,1.6,1.7,1.6,1.7,1.8,1.9,2.3,2,2.3,2.271689144,2.4,1.8,1.397398066,1.536296718,1.579985848,1.560776445,1.606637214,2.029491754,1.996730736,2.111852432,1.828188524,
        Madagascar,0.9,1,1,1.1,1.2,1.3,1.3,1.3,1.3,1.3,1.8,2,2.3,2.4,2.6,2.5,2.5,2.606779495,2.8,1.8,1.8,2.136696106,2.295470567,2.276790236,2.506170739,2.868627,3.152477,2.577085333,2.472962905,
        Malawi,0.5,0.6,0.6,0.6,0.7,0.7,0.7,0.7,0.7,0.7,0.7,0.7,0.8,0.8,0.9,1,1,0.811398864,1.1,0.8,0.8,0.891072661,0.844843494,0.912132658,0.92038829,0.853078,1.006885,1.099295552,1.049350123,
        Malaysia,39,41,43,47,53,56,62,63,62,65,66.31702072,70.05893122,70.96466774,69.50391715,74.40109473,73.35866034,73.72400371,86.25894933,81.69979412,81.43962082,77.55616884,85.22663329,85.01865125,97.20945981,98.65302456,93.908565,95.903742,96.822442,94.520808,
        Maldives,0.09766,0.09766,0.1,0.1,0.2,0.3,0.4,0.3,0.3,0.3,0.5,0.5,1,1.1,0.8,0.6,0.8,0.934580037,0.9,1.1,1.10978641,1.198751512,1.523701229,1.596596488,2.140652498,1.614304113,1.707060439,1.776246574,1.75130151,
        Mali,0.5,0.5,0.5,0.5,0.5,0.5,0.5,0.5,0.6,0.6,0.6,0.6,0.6,0.6,0.6,0.7,0.7,0.670014525,0.7,0.7,0.7,2.374237358,2.467279852,2.722025338,2.919398204,3.166486,3.120804,3.107565981,3.128248481,
        Malta,1.6,1.8,2,2.1,2.3,2.4,2.6,2.8,2.9,3.3,2.9,2.5,2.9,2.9,3,3.1,2.9,3.138248823,3.2,6.7,7.672055726,7.288171101,6.929108332,6.575666318,6.705638712,7.052496,7.500594,8.239269,8.531973,
        Martinique,1.6,1.3,1.5,2,2,2,2,2,2,2,2.1,2.1,2.1,2.2,2.2,2.4,2.4,2.133506078,2.5,2.7,2.7,2.585919279,2.620337776,2.636118609,2.72841041,2.394138,2.413959,2.24158345,2.24158345,
        Mauritania,0.9,1,3.3,3.4,3.4,3.1,3.5,3.2,3.2,3.2,3.2,3.2,3.1,3.2,2.6,3.2,2.8,2.497262726,2.8,1.9,1.9,2.264922292,2.44886848,2.206456436,2.684586018,2.664858,2.481465,3.8723599,3.45971254,
        Mauritius,1.7,1.7,2,2.1,2.1,2.3,2.3,2.3,2.4,2.4,3,3.2,2.9,3,3.2,3.2,3.3,3.306338272,3.4,3,3.4,3.853028345,3.766876371,3.815702653,3.934904596,4.096318,4.235415,4.711863,4.984221,
        Mexico,222.9139169,238.435216,239.5122149,247.583702,275.5699065,254.7632194,257.3004807,265.7995467,280.7020239,275.9748263,288.4322834,285.6829221,273.1708575,274.6166548,289.0864157,297.1370488,301.1131707,313.8398987,309.69459,296.2724926,305.3176046,311.9438718,307.7642762,311.1634135,300.3639145,298.6827767,307.4862431,301.8926266,298.7348535,298.726225
        Micronesia,,,,,,,,,,,,,,,,,,,,,,,,,,,0.114989114,0.11784312,0.11784312,
        Moldova,--,--,9.2,6.7,3.6,3.4,3,2.7,2.3,1.5,1.3,1.4,1.6,1.8,1.9,2,2,2.076181345,2.3,1.9,2.330646585,2.432260917,2.262614843,2.231043836,2.40952923,2.47698552,2.518146983,2.824905,2.977949,
        Mongolia,2.3,2.1,2,1.9,1.9,1.7,1.8,1.2,1.2,1.3,1.2,1.4,1.5,1.5,1.8,1.8,2,2.226394627,2.4,2.4,2.555720534,3.18916689,3.63990728,3.791365178,3.585925178,3.54816,3.047495,3.969041,4.2308145,
        Montenegro,--,--,--,--,--,--,--,--,--,--,--,--,--,--,--,--,0.4,0.559403684,0.6,0.6,0.892576767,0.849216929,0.816386047,0.801723192,0.809276858,0.878052,0.97338,1.064219,1.121183,
        Montserrat,0.03779,0.03466,0.04137,0.04138,0.0414,0.0477,0.0445,0.04767,0.05083,0.05083,0.05402,0.05402,0.05403,0.06036,0.06671,0.06989,0.07625,0.08302,0.09267,0.083240958,0.083457682,0.044809106,0.043590706,0.055110949,0.051100518,0.059137,0.033757,0.029942082,0.033486782,
        Morocco,16,16,18,19,21,19,19,19,19,22,21,21,21,22,21,22,23,20.51584568,25,30,36,38.56442403,37.08083991,39.45783269,37.70656547,37.791086,37.96508,40.268148,39.481703,
        Mozambique,1,1,1,1,1,1.1,1.1,1.1,1.1,1.2,1.2,1.4,1.6,1.7,2,2,2,2.017541661,2,2.2,2.4,2.702358838,2.530660707,3.035432971,3.292873275,3.836411,5.767956,6.594170257,4.996916,
        Namibia,2.4,1.2,1.1,1.3,1.3,1.3,1.4,1.4,1.5,1.7,1.8,2.2,2.2,2.4,2.6,2.6,2.8,2.977155259,3.1,3.2,3.1,3.140132943,3.093475106,3.4468784,3.627482342,3.97133,3.94158,3.827581908,3.818475908,
        Nauru,0.2,0.2,0.2,0.2,0.2,0.2,0.2,0.2,0.2,0.2,0.2,0.2,0.2,0.2,0.2,0.2,0.2,0.151091751,0.2,0.2,0.05959529,0.175126,0.05813113,0.064299417,0.067548797,0.070078265,0.072848672,0.070765985,0.071168105,
        Nepal,0.6,0.8,0.9,0.9,1,1.1,1.4,1.6,2,2.2,2.1,2.1,2.1,2.1,2.2,2.3,2.2,2.109897985,2.2,2.5,2.990703265,3.08273116,3.357273639,3.641051034,4.026024837,3.495305,5.857471,6.776090338,7.593481625,
        Netherlands,142.11783,141.548349,144.463417,143.464889,151.024622,152.227038,156.5207479,159.8015709,161.230918,163.0119759,170.7594142,175.3970649,182.7840972,193.3329818,196.2237721,197.4993461,200.3919351,206.053083,194.558662,188.303007,189.827304,186.615356,188.660727,175.951306,168.796749,171.737249,179.603924,181.218876,174.91166,170.716118
        Netherlands Antilles,9.7,9.2,9.5,9.2,9.6,11,11,12,12,12,12,12,11,11,11,11,12,9.4,11,12,12,14.00204397,12.80272111,12.87593174,12.86046144,14.259102,14.395662,14.496783,14.496783,
        New Caledonia,1.2,1.3,1.4,1.4,1.4,1.4,1.4,1.4,1.4,1.4,1.4,1.4,1.6,1.6,1.9,1.9,2.3,2.351008541,2.3,2.4,2.433847228,2.316640193,2.518345875,2.76444251,3.225458215,2.979979274,3.002599189,2.7843335,3.01780013,
        New Zealand,15.556688,15.159881,15.809943,15.97367,17.750961,18.034614,18.308288,19.212577,19.368007,19.233475,20.107464,20.032667,21.03049,21.649773,22.215897,22.700261,22.986731,23.29776828,23.624729,22.289691,22.497355,22.82437628,22.77923976,23.11000352,23.30559876,23.936295,24.99324876,26.183399,26.63459,26.919156
        Nicaragua,2,1.9,2.3,2.3,2.5,2.8,2.9,3,3.5,3.7,3.7,3.9,3.9,4,4.2,4.4,4.5,4.010307626,4.3,4.3,4.3,4.701077745,4.447179692,4.437450817,4.642415474,5.254183,5.249562,5.181649,5.027809,
        Niger,0.7,0.7,0.7,0.7,0.7,0.7,0.7,0.7,0.7,0.7,0.8,0.8,0.8,0.8,0.8,0.8,0.8,0.811241795,0.9,0.8,0.8,1.179081518,1.660757603,2.075868608,1.821403366,2.020463,1.807268,1.760421,1.815716875,
        Nigeria,37,38,39,40,37,42,41,39,39,38,36,44,44,42,40,45,41,36.00159553,42,35,38.886938,36.192361,37.360424,57.198728,62.371423,56.489382,59.399444,59.96304,64.607573,
        Niue,0.00315,0.00315,0.00318,0.00318,0.00318,0.00318,0.00318,0.00318,0.00318,0.00318,0.00318,0.00318,0.00318,0.00318,0.00318,0.00413,0.00477,0.005085915,0.00544,0.003447462,0.005857224,0.003423507,0.006293539,0.006886494,0.007111187,0.007806447,0.007578532,0.007261196,0.007517555,
        North Korea,11,12,11,11,11,9.6,7.3,6.2,5.5,4.8,4.1,3.7,4,4,4,3,2.3,2.695074084,2.7,2.2,2.630660877,2.705944481,2.595821481,2.802759263,2.678317098,3.055897098,3.27186268,2.986485679,2.961325679,
        North Macedonia,--,--,2.9,3.2,2.8,2.9,3.5,3.2,2.9,2.9,3,2.5,2.9,2.7,2.7,2.6,2.9,2.822309187,3.1,2.8,2.616760997,2.654344723,2.647654096,2.622150693,2.597226679,2.835984252,2.913717655,3.099053586,3.012331357,
        Northern Mariana Islands,,,,,,,,,,,,,,,,,,,,,,,,,,,,,,
        Norway,29.39720147,27.47802486,27.83694447,28.87461686,29.93116901,30.37781462,32.80867278,33.25186054,33.08770739,33.51008954,31.70230378,32.79473078,32.44406578,33.06099591,31.99822181,32.68547084,33.28639308,33.64576758,33.09397466,32.46762272,33.67834569,32.39245789,31.91142234,31.27037803,29.52157091,29.82275218,29.17244895,29.0987007,29.26764586,27.06938118
        Oman,5.7,5.7,5.9,5.9,6.1,6.5,7.1,7.4,7.5,8,7.9,8,8.5,8.5,9.8,11,12,13.7,15,15,23,19.83409761,22.05404815,22.549805,25.633192,26.920223,24.21793,27.31703926,30.07991,
        Pakistan,34,34,35,40,45,47,52,53,56,60,59,57,57,52,50,52,55,58.8,60,62,63.13509265,62.32683341,63.90240006,70.07088119,75.15140707,78.746903,87.8093962,86.42404694,90.4778923,
        Palestinian Territories,--,--,--,--,--,--,--,0.4,0.5,0.5,0.6,1.2,1,1.2,2.1,2.7,2.9,2.787540723,3,2,2.3,2.363244018,2.188785041,2.414518051,2.638671739,3.116727,3.301733,3.277635491,3.277635491,
        Panama,12,12,12,12,13,14,12,13,14,13,13,13,13,13,14,14,14,14.00316914,15,16,19,20.09595677,21.739784,21.33231685,21.8051792,22.482933,23.833928,25.958831,25.00556192,
        Papua New Guinea,2.5,2.4,2.5,2.4,2.4,2.4,2.4,2.5,2.4,2.4,2.4,2.4,3.5,4,4,4,4,4.13191055,4.3,3,4.804792144,2.99042093,5.035003807,5.415713333,5.685442394,5.697726046,6.693629867,6.0834222,6.559238581,
        Paraguay,2.2,2,2.3,2.5,2.9,3.3,2.7,3,3.4,3.8,3.6,3.5,3.6,3.7,3.8,3.7,3.7,3.752260891,3.8,4.1,4.5,4.853534157,5.175426658,5.070706625,5.32744194,6.588401,7.653819,7.950253,8.327518,
        Peru,18,17,18,19,20,21,22,23,23,24,24,23,22,22,24,23,26,22.4,24,26,28,29.88072123,30.10337181,30.46916452,29.80941773,31.114338,33.185367,33.072702,34.685347,
        Philippines,36,36,40,43,46,50,51,55,58,55,51,51,49,48,49,49,48,42.9,42.3,41,44.82280769,42.64304289,44.25659297,46.12704187,49.1218101,54.023576,58.251624,60.824813,62.496045,
        Poland,44.18935752,42.25991028,43.30182,45.629488,46.513507,48.048059,53.450738,57.348067,59.198524,60.996242,59.800838,58.697515,58.748824,62.380118,65.229259,67.655846,73.48791976,76.591158,78.020267,77.97145776,81.77027676,79.84977876,77.365999,72.16478176,71.93230576,77.181183,83.34616,94.366796,97.80526,100.625792
        Portugal,41.954577,40.272278,44.990116,41.553648,42.641231,45.193478,41.729747,44.410556,50.50796,52.869026,52.338172,50.926474,54.055143,51.123945,53.428977,55.027684,48.25763276,49.75419176,46.84382176,43.49686176,44.18278276,42.02421876,37.25849176,36.07518176,37.50865576,37.39781976,36.11002176,37.742393,35.626927,38.454033
        Puerto Rico,,,,,,,,,,,,,,,,,,,,,,,,,,,,,,
        Qatar,3.4,3.4,3.3,3.4,3.5,3.8,4.1,4.1,4.4,4.5,5.2,5.5,7.1,8,8.6,8.5,12,12.00659866,14,17,25,26.43539918,30.69704488,29.785554,33.19844,32.963358,23.73285888,29.98844992,28.1165409,
        Reunion,1.2,1.4,1.4,1.9,1.9,1.9,1.9,1.9,2.4,2.4,2.5,2.6,2.6,2.6,2.6,2.7,2.7,2.56222553,2.562396051,2.9,2.9,2.687415363,2.397701394,2.393604478,2.525698873,2.712283,2.809329,2.684250619,2.684250619,
        Romania,58,42,38,37,33,36,38,41,37,32,32,33,33,31,31,31,29,21.43486036,22.94771661,27,25.00392092,24.98924394,25.55716696,24.15437101,24.54801068,25.071847,26.481392,29.913771,29.680985,
        Russia,--,--,632,546,458,428,380,371,365,365,345,348,340,339,336,336,351,346,364,353,369,391,393,408,420,414,412.9244517,417.3058626,409.0476473,
        Rwanda,0.7,0.7,0.7,0.7,0.7,0.7,0.7,0.7,0.7,0.7,0.8,0.8,0.8,0.8,0.8,0.8,0.8,0.621246851,0.622837353,0.8,0.8,0.714021762,0.768000722,0.850993722,0.879298241,0.981803,0.988537,0.998172951,1.141975755,
        Saint Helena,0.00631,0.00315,0.00318,0.00637,0.00637,0.00636,0.00636,0.00636,0.00635,0.00635,0.02224,0.0127,0.01271,0.0127,0.00953,0.0127,0.01176,0.012749646,0.01355,0.009569517,0.009581295,0.010625387,0.01135168,0.011292267,0.010717665,0.009753,0.009816,0.0104541,0.0098209,
        Saint Kitts and Nevis,0.06612,0.07555,0.07632,0.08587,0.1,0.09229,0.1,0.1,0.1,0.1,0.1,0.1,0.1,0.1,0.1,0.1,0.2,0.273423163,0.3,0.3,0.3,0.250060014,0.246182614,0.244904858,0.247872849,0.258403,0.265412,0.265947836,0.268462136,
        Saint Lucia,0.2,0.2,0.2,0.2,0.2,0.2,0.2,0.2,0.2,0.2,0.3,0.3,0.4,0.4,0.4,0.4,0.4,0.330942744,0.4,0.4,0.4,0.439284171,0.435905613,0.433029467,0.43657188,0.452804,0.45769,0.493367638,0.451661075,
        Saint Pierre and Miquelon,0.3,0.2,0.2,0.1,0.1,0.08584,0.08584,0.0604,0.06992,0.06992,0.07628,0.06993,0.06993,0.07628,0.08263,0.08264,0.08581,0.089142942,0.09159,0.088992112,0.092262319,0.092201002,0.090842676,0.09292542,0.098260306,0.099238,0.101037,0.098817,0.09887934,
        Saint Vincent/Grenadines,0.07812,0.07565,0.08287,0.07644,0.1,0.1,0.1,0.1,0.2,0.2,0.2,0.2,0.2,0.2,0.2,0.2,0.2,0.165799136,0.2,0.2,0.2,0.208304387,0.259541778,0.209761744,0.22420505,0.231392,0.231747,0.26343114,0.2392802,
        Samoa,0.1,0.1,0.1,0.1,0.1,0.1,0.1,0.1,0.1,0.1,0.1,0.1,0.1,0.1,0.2,0.2,0.2,0.165868499,0.2,0.2,0.229487802,0.238616329,0.237481478,0.238312223,0.242931629,0.333734391,0.304046936,0.302070017,0.297606653,
        Sao Tome and Principe,0.06927,0.07304,0.07692,0.07694,0.08013,0.07942,0.08006,0.07939,0.07937,0.07937,0.09211,0.09209,0.09527,0.09525,0.09531,0.09843,0.1,0.127363197,0.1,0.1,0.1,0.137602959,0.141953509,0.146510073,0.146253896,0.153103,0.159065,0.160820916,0.158288716,
        Saudi Arabia,139,140,147,144,147,138,146,164,164,173,192,196,200,229,260,265,262,202.3,268,288,325.059567,343.268816,364.401962,376.10808,397.719123,419.987267,381.3856305,369.5700736,349.5448763,
        Senegal,2.6,2.4,2.9,2.9,3.5,3.8,3.8,3.5,3.7,4.1,4.3,4.3,4.4,4.4,4.9,5.3,5.4,5.3,5.5,5.2,5.7,6.038202812,5.712257234,6.002471795,6.556411234,7.95891,7.488057,7.79423,7.915657,
        Serbia,--,--,--,--,--,--,--,--,--,--,--,--,--,--,--,--,13,10.01901474,9.203177806,11,10.57827995,10.44815901,9.471950984,9.33722723,9.148759649,9.565448548,9.758577557,9.334953362,9.445083349,
        Seychelles,0.5,0.5,0.5,0.5,0.5,0.5,0.5,0.6,0.6,0.6,0.6,0.6,0.9,0.9,0.9,0.9,1.2,0.978431842,1,1.2,1.1,0.908261882,1.017234138,0.939768696,1.097209334,1.138135,1.266926,1.299374951,1.268195594,
        Sierra Leone,1.1,1.1,0.8,0.8,0.7,0.8,0.8,0.9,0.9,0.9,0.9,0.9,1,1,1.2,1.2,1.1,1.070114588,1.3,1.4,0.7,0.802320383,0.900153908,1.112717352,1.219994356,0.980163,1.009275,0.97721654,0.979038684,
        Singapore,58,61,66,73,79,80,96,97,102,102,105,110,108,102,113,121,127,124,138,177,180.4842312,192.6631974,191.0714877,189.5648089,187.0665216,192.878011,206.2721,210.593455,216.7640561,
        Slovakia,--,--,--,11.460717,12.121002,11.599194,11.401066,11.934192,13.165269,11.75559969,11.09076631,12.8761953,14.29905239,13.39731739,14.04187236,14.78329611,14.50049984,15.33954236,15.37494303,14.88688649,15.32783255,15.45223049,13.59261131,14.11343552,12.62533307,14.43380074,15.43651976,17.111145,17.417764,16.295697
        Slovenia,--,--,4.976171762,5.929930762,6.411067762,7.104957762,8.491334762,8.088343762,7.346726762,7.472122762,7.036621,7.246379523,7.061862762,7.308354762,7.794033762,8.044458762,8.348177762,8.318156762,9.622030762,8.036394,8.077668,8.171495,8.060838,7.73343,7.574512,7.415321,7.927034,8.102216,8.479851,8.059146
        Solomon Islands,0.2,0.2,0.2,0.2,0.2,0.2,0.2,0.2,0.2,0.2,0.2,0.2,0.2,0.2,0.2,0.2,0.2,0.16724932,0.2,0.2,0.214286572,0.209647019,0.211539064,0.223275755,0.2258028,0.224653263,0.197010078,0.322621383,0.246415362,
        Somalia,1,0.6,0.6,0.6,0.6,0.6,0.6,0.6,0.6,0.6,0.7,0.7,0.7,0.7,0.7,0.7,0.8,0.806957487,0.9,0.8,0.8,0.847146451,0.832532163,0.847203703,0.847098186,0.879112,0.895059,0.879181701,0.882390681,
        South Africa,54,58,60,59,60,61,62,61,65,69,66,66,69,72,73,77,79,71.5,79,78,86,92.12245666,84.07069075,92.82707721,86.8582338,96.133133,88.44822,91.486175,94.154876,
        South Korea,179.037534,218.026373,268.160877,295.298743,328.602142,357.569895,375.364478,424.012974,380.438523,407.290533,418.542715,418.567297,428.41082,432.894391,433.353427,439.786795,445.576201,469.069317,451.535041,462.346286,474.57865,482.08831,508.087552,514.749308,528.328537,557.9098,585.033844,597.246316,583.734554,578.57903
        South Sudan,--,--,--,--,--,--,--,--,--,--,--,--,--,--,--,--,--,--,--,--,--,--,1.427734967,1.564615172,1.618522479,1.981151,1.86916,1.633219,1.447899,
        Spain,167.032822,175.166842,181.183055,172.544014,186.904139,194.828817,198.270435,214.764445,227.509891,233.894241,245.024796,255.457426,255.236976,255.142348,254.656107,260.603337,256.776681,262.524078,251.3781,242.537782,239.09083,232.28368,216.440154,201.17778,201.947988,212.527083,217.820765,217.382119,218.879299,216.301832
        Sri Lanka,5.3,5.3,5.6,6.3,6.7,7.1,8,8.9,9,9.8,11,11,11,11,12,13,13,12.5,12,13,13.13722756,14.94851593,16.17997839,13.80491955,15.48163989,16.011113,18.196263,18.231884,17.727917,
        Sudan,3.9,5.6,5.2,4.9,4.3,4,4,4.1,4.1,4.5,6.5,7.5,8.7,9.8,11,11,12,11.5,12,18,16,15.62412973,14.09154003,14.86427836,14.89745559,16.732517,18.54373,18.613108,18.36376,
        Suriname,1.5,1.5,1.4,1.5,1.5,1.5,1.5,1.5,1.5,1.5,1.6,1.7,1.8,1.8,1.9,2,2,2.030626983,2,2.1,2.7,2.056473316,2.458005569,2.26434235,2.359134371,2.220087,2.049781,2.29878568,2.303119878,
        Sweden,51.552373,53.51803328,59.804814,58.23366376,62.426025,63.144917,67.560909,63.604063,64.307793,61.95100976,56.86383138,56.33465862,55.50378031,55.91945135,55.2313396,53.56003532,52.82492382,51.23478397,50.63039436,48.84426332,50.92801207,46.65576361,45.93942096,44.41324291,44.75941902,44.35096358,46.01399022,46.46467147,41.04338289,41.62748089
        Switzerland,38.287586,40.329638,40.827863,38.609436,38.227726,38.806836,39.356427,38.799168,40.382601,40.573184,39.363594,40.358623,38.405809,38.713581,39.158016,39.44574728,39.38061,37.29820952,38.86624252,37.76196052,38.56469152,35.59753376,36.39386552,37.07081076,34.09188576,33.10628876,33.44389276,32.832104,32.442449,33.368303
        Syria,31,26,27,31,34,34,34,35,37,39,39,39,39,39,38,39,39,38.26655186,43,47,46,44.22382405,32.59692085,20.564111,17.658437,18.245189,18.337389,18.790871,23.715995,
        Taiwan,77,78,78,87,94,107,114,113,119,113,124,110,125,133,112,116,117,88.3,105,87,103.1333983,97.3920908,93.5429664,90.03298591,90.2580031,90.2885898,94.31795337,88.60578403,89.47499071,
        Tajikistan,--,--,3,2.2,1.8,2,2.3,2.4,2.9,3.2,3.4,3.6,3.6,3.9,4.2,4.5,4.8,5.019597321,5.7,1.6,1.520435149,1.614556796,1.841528163,2.089127405,2.764257693,2.585622,2.552824,2.439876,2.627099959,
        Tanzania,2.8,2.3,2.6,2.7,2.4,2.4,2.4,2.4,2.4,2.5,2.5,2.9,3.3,3.5,3.8,4.1,4.3,4.511168693,4.9,5.3,4.9,6.61954766,8.308266093,8.930412567,8.825462975,8.011906,7.90672,7.775871,7.859459,
        Thailand,59,64,70,80,89,101,112,114,105,109,94,93,103,115,128,137,127,110.1,126,135,119.7235645,123.4891446,129.7654478,136.0963646,136.1381241,137.4269626,142.6419342,144.7046055,148.1409296,
        The Bahamas,3,2.6,2.2,2.3,2.7,3.2,3.6,3.5,4,3.6,3.5,3.4,3.4,4.2,4.3,4.9,4.9,3.333506078,5.1,3.6,3.6,2.968306614,3.44992947,3.185439519,3.112139926,2.935131,3.076548,3.664281842,3.976455895,
        Timor-Leste,--,--,--,--,--,--,--,--,--,--,--,--,--,0.3,0.3,0.3,0.3,0.341776221,0.4,0.2,0.253427,0.262934,0.3110748,0.4694018,0.5390538,0.5286017,0.516702681,0.52698616,0.53420808,
        Togo,0.6,1,0.7,0.5,0.6,0.6,0.6,0.7,0.7,1,1.4,1,1.3,2.2,2.3,2.3,2.3,2.404786583,2.7,1.3,2.4,2.157818023,1.876674514,1.991649939,2.099288991,2.283574336,2.278830625,2.354466416,1.887044,
        Tonga,0.08743,0.09762,0.1,0.1,0.1,0.1,0.1,0.1,0.1,0.1,0.1,0.1,0.1,0.1,0.1,0.1,0.2,0.18639073,0.2,0.2,0.129139232,0.122132704,0.125264058,0.123492205,0.132212561,0.13618498,0.144218035,0.174031795,0.149497222,
        Trinidad and Tobago,2.4,2.5,3.1,2.8,3.2,3,2.9,3.1,3,3.2,3.5,4,4,4.7,4.9,5.1,5.2,4.2,5.1,5.4,5.9,6.826534589,6.306655204,7.459268185,6.881052002,7.543264,7.853618,6.74425,5.967772,
        Tunisia,9.2,9.9,10,11,11,9.9,10,11,11,12,12,12,12,12,12,12,12,11.8,12,12,11,10.97389159,11.05624314,12.09667591,13.0028335,13.90349811,13.10189413,14.347276,14.472757,
        Turkey,74.689544,71.747476,76.212933,85.035136,83.161736,92.504346,94.977882,92.966359,90.901869,91.24116,96.180987,90.832461,97.530433,94.543856,95.917207,90.423548,90.688903,91.160845,88.985007,96.594711,90.246231,87.883198,102.333119,116.753435,121.674566,147.708178,162.53594,169.609763,164.261863,162.427961
        Turkmenistan,--,--,11,9.9,8.8,8.5,8.6,10,9,8.1,9.4,11,12,13,15,14,14,13.7,16,13,16.39243356,16.89153389,17.75656995,18.9971677,20.66469206,20.121643,19.998859,20.036154,20.180266,
        Turks and Caicos Islands,NA,NA,NA,NA,NA,NA,NA,NA,NA,NA,NA,0.01661,0.01284,0.01284,0.01284,0.01284,0.01238,0.073110024,0.07776,0.2,0.2,0.1907218,0.1907218,0.192311149,0.206615284,0.212939,0.220254,0.23745,0.23745,
        Tuvalu,,,,,,,,,,,,,,,,,,,,,,,,,,,,,,
        U.S. Pacific Islands,0.3,0.3,0.3,0.3,0.3,0.3,0.3,0.3,0.3,0.3,0.3,0.3,0.3,0.3,0.3,0.3,0.3,0.333994724,0.3,0.3,0.352942211,0.301108386,0.30193334,0.301108386,0.301108386,0.301108386,0.301037996,0.301545627,0.301545627,
        U.S. Territories,,,,,,,,,,,,,,,,,,,,,,,,,,,,,,
        U.S. Virgin Islands,,,,,,,,,,,,,,,,,,,,,,,,,,,,,,
        Uganda,0.8,0.9,1,1,1,1,1,1.1,1.2,1.2,1.3,1.4,1.5,1.6,1.6,1.7,1.9,1.90638211,2,3.3,3.4,3.899274398,3.609873639,3.845916221,4.637705422,4.635478,4.803325,5.331004135,4.874083337,
        Ukraine,--,--,117,87,75,73,57,53,52,41,38,44,40,45,46,49,51,45.3,47,40,41.54257807,39.74844671,35.88368427,32.40670092,32.97217813,30.581037,32.48904198,35.979782,31.462046,
        United Arab Emirates,40,50,50,51,51,52,50,52,54,55,66.479448,75.63785899,72.25353947,73.87893371,78.06909104,81.33383758,87.17321858,91.04992593,97.7432112,94.1006947,97.7703635,106.1358477,108.4958967,116.0780656,113.2247467,132.0624491,133.3167293,127.1116043,126.4208382,
        United Kingdom,271.8076731,274.1075812,276.0166261,276.7053839,273.7034596,272.0298659,281.7085239,274.8362358,273.1705444,274.7340061,267.1466621,259.2125298,255.8211049,261.2025866,267.462174,271.3973434,273.0525878,261.2389358,258.6588703,247.8556704,244.1373638,237.4197242,234.0349089,227.856586,226.7893308,231.8938282,238.6173801,241.2723626,238.1702454,233.9816974
        United States,2193.009457,2140.02871,2189.079639,2193.360427,2233.813567,2224.705745,2309.964354,2329.212659,2374.934918,2434.167829,2465.840302,2485.052521,2482.466597,2527.102867,2616.30221,2632.902653,2597.663828,2586.435958,2423.104192,2284.160584,2306.513957,2258.366008,2199.75183,2228.540171,2259.002892,2298.376374,2321.236071,2338.489951,2383.784273,2378.127441
        Uruguay,4.5,4.2,4.5,4.9,4.6,4.7,4.9,5.2,6.4,7.2,6.4,4.9,5.3,5.4,5.8,6.1,7.1,6.325353089,7.9,9,8,9.003476565,9.694491105,8.375809357,7.391314463,7.96079,7.787974,6.794538,7.203262,
        Uzbekistan,--,--,29,27,26,28,22,21,22,22,21,21,22,22,22,21,21,16.8462703,22,14,11.19842852,10.30653974,9.213311808,8.652019567,8.097351016,10.646069,11.041074,11.007929,11.797742,
        Vanuatu,0.1,0.09619,0.06518,0.06519,0.06521,0.06516,0.06515,0.06514,0.06513,0.06513,0.08424,0.08421,0.09057,0.09055,0.09395,0.1,0.09691,0.108370295,0.1,0.1,0.160800606,0.187230597,0.153786281,0.1478844,0.169027841,0.157678799,0.160785748,0.178455175,0.232290352,
        Venezuela,54,54,56,55,57,61,59,59,59,61,64,71,74,73,74,79,85,79.36021359,93,93,98.232904,90.03049,105.161649,95.553811,99.148415,91.6017,93.005379,84.943174,76.804951,
        Vietnam,7.8,8.4,9.4,12,13,14,18,19,20,24,26,26,30,32,36,36,36,40,41,41,47.22085763,50.00207501,50.3011409,50.42567368,49.55498927,57.025181,61.563063,63.146675,65.816659,
        Wake Island,1.2,1.2,1.3,1.3,1.3,1.3,1.3,1.3,1.3,1.3,1.3,1.3,1.3,1.3,1.3,1.3,1.3,1.293315626,1.3,1.3,1.295447529,1.297896871,1.301452752,1.297896871,1.297896871,1.297896871,1.298108468,1.307125053,1.307125053,
        Western Sahara,0.2,0.2,0.2,0.2,0.2,0.2,0.2,0.2,0.2,0.2,0.3,0.3,0.3,0.3,0.3,0.3,0.3,0.231011921,0.3,0.3,0.3,0.267664006,0.260806065,0.26892239,0.2684852,0.270403,0.269783,0.258763816,0.258763816,
        Yemen,11,12,12,10,9.9,11,11,11,11,12,13,14,15,17,17,17,19,18.6,23,20,22,18.55858838,15.66119561,21.455366,20.888499,9.957683,8.371222,8.15101,7.888358,
        Zambia,2,1.7,2,1.6,1.6,1.6,1.7,1.7,1.8,1.7,1.6,1.8,1.8,1.9,2,2.1,2.2,2.052323624,2.2,2,2,2.283313133,2.694184804,2.829693214,3.248111028,3.551921,3.418348,3.795672,4.249168,
        Zimbabwe,3,3.2,2.9,3.3,3.3,3.6,4.1,4.4,4.5,4.6,3.8,3.5,3.3,3,2,2.3,2.1,1.928691297,1.9,1.9,1.9,3.435481281,3.770723204,4.3327452,3.933601322,4.090398,3.536959,3.514915324,4.346434784,
