Report generated on: 11-03-2021 14:04:32,,,,,coal and coke CO2 emissions (MMtonnes CO2),,,,,,,,,,,,,,,,,,,,,,,,,
,1990,1991,1992,1993,1994,1995,1996,1997,1998,1999,2000,2001,2002,2003,2004,2005,2006,2007,2008,2009,2010,2011,2012,2013,2014,2015,2016,2017,2018,2019
    World,9108.884389,8824.803528,8587.186368,8579.332703,8619.82713,8870.658427,9067.008973,8925.526733,8871.275494,8915.260862,9381.855518,9481.375461,9729.017336,10536.03973,11439.94535,12210.23205,12884.62467,13522.22815,13766.57573,13886.7772,15035.60179,15850.88801,16325.70577,16505.52204,16392.74665,15844.41612,14956.56225,15365.38607,15783.05918,15953.29648
        Afghanistan,0.204100461,0.182718516,0.01555051,0.013606699,0.011662887,0.009719075,0.005831435,0.003887623,0.003887623,0.001943812,0.001943812,0.050539171,0.040820096,0.068033493,0.066089681,0.064145852,0.068033493,0.472346792,0.674503442,0.971906982,1.409265131,2.876841117,2.410326341,2.618314179,2.94953967,2.653302787,3.300592038,4.25889114,4.752619278,4.157812939
        Albania,3.130702976,1.779817192,0.502371513,0.332176513,0.269834796,0.205072887,0.161309578,0.119022663,0.072893643,0.087563958,0.106199129,0.120503177,0.091649028,0.091896056,0.087215927,0.079177947,0.153488321,0.221996331,0.269481938,0.366907,0.329973274,0.309336488,0.277315518,0.246715711,0.311597702,0.264177003,0.205667118,0.204718952,0.204280064,0.234532435
        Algeria,3.136276186,2.898887015,2.687475377,2.110767808,2.150592493,1.284431932,1.443129556,1.537015448,1.704510092,1.689521744,1.643887711,1.671200367,1.080030515,1.147744566,1.165789448,1.251452263,0.97040148,1.124562419,1.153031936,1.159617942,1.099877444,1.407935614,1.388799245,0.9822675,0.833787114,0.513684727,0.396964901,0.410188876,0.232647447,0.352334693
        American Samoa,0,0,0,0,0,0,0,0,0,0,0,0,0,0,0,0,0,0,0,0,0,0,0,0,0,0,0,0,0,0
        Angola,0,0,0,0,0,0,0,0,0,0,0,0,0,0,0,0,0,0,0,0,0,0,0,0,0,0,0,0,0,0
        Antarctica,0,0,0,0,0,0,0,0,0,0,0,0,0,0,0,0,0,0,0,0,0,0,0,0,0,0,0,0,0,0
        Antigua and Barbuda,0,0,0,0,0,0,0,0,0,0,0,0,0,0,0,0,0,0,0,0,0,0,0,0,0,0,0,0,0,0
        Argentina,3.373197092,2.903367471,2.906775461,2.671719497,3.631131264,3.278261874,3.042340689,2.907946804,2.909484445,3.012014386,2.693826619,2.169074768,1.952923968,2.295422274,3.133502336,3.811615741,3.55324655,3.709767366,4.221444527,3.958460446,3.664643535,3.937608424,4.320512129,4.357923362,4.120341976,3.856025041,3.725290975,3.656726402,3.053126191,1.974290066
        Armenia,--,--,0.351333388,0.220517767,0.089702145,0.051080392,0.04017517,0.029269948,0.018364726,0.012736337,0.00607375,0.004687995,0.004485106,0.00680737,0.003953347,0.001729256,0.002788238,0.006802404,0.006249242,0.000892037,0.005790765,0.007507562,0.006603066,0.003152399,0.00248405,0.002797653,0.002848839,0.003707182,0.004416816,0.011522965
        Aruba,0,0,0,0,0,0,0,0,0,0,0,0,0,0,0,0,0,0,0,0,0,0,0,0,0,0,0,0,0,0
        Australia,155.8220747,158.4418404,162.2994851,157.1612793,157.6631719,164.2753042,175.7337809,180.6588418,197.5314439,201.5794816,196.8493029,198.0317717,201.0907707,191.6982976,198.3116008,206.1547343,211.0185364,217.2352993,209.8108978,218.2419635,193.4531582,184.8044937,180.9956874,168.4656333,160.055324,167.8509235,166.1523349,160.7002593,146.7034991,141.6755676
        Austria,14.12744274,15.23240409,10.80767466,9.358015812,9.760491412,11.89395444,12.51665036,12.7957752,10.67841647,11.72842597,12.75316427,14.15219842,13.50611376,15.35805245,15.85213448,16.10133095,15.00373457,14.17949207,13.50468054,9.705814901,12.26287845,12.37350307,11.7973465,12.09029309,11.26324949,12.02901381,11.29773127,11.91642716,10.41035423,11.06942782
        Azerbaijan,--,--,0.063693537,0.009436088,0.002359017,0.014154122,0.004718044,0.007304116,0.009890188,0.010505302,0.011120416,0.005626255,0.013347317,0.008086709,0.010584908,0.011389333,0.038843569,0.028036914,0.02641391,0.015029296,0.017598265,0.013335522,0.013880454,0.012823615,0.004827659,0.000342103,0.000732878,0.006178107,0.005768388,0.029497827
        Bahrain,0,0,0,0,0,0,0,0,0,0,0,0,0,0,0,0,0,0,0,0,0,0,0,0,0,0,0,0,0,0
        Bangladesh,0.172274274,0.153525921,0.336536933,0.405456411,0.475294369,0.517749256,0.61210848,0.893868576,1.346019755,1.847138977,2.071416848,2.011324469,2.137031039,2.406857621,2.573729153,3.101163544,3.735103185,4.035819806,4.356276338,4.455136167,4.564486544,4.677082164,4.721276214,4.856450114,4.966350112,7.455796669,6.574875676,7.867665219,10.02938091,16.53828896
        Barbados,0,0,0,0,0,0,0,0,0,0,0,0,0,0,0,0,0,0,0,0,0,0,0,0,0,0,0,0,0,0
        Belarus,--,--,1.753268518,1.735387493,1.537446381,1.703350827,1.748451172,1.57199483,1.674997979,1.496816388,1.205273397,0.877770779,0.792143134,0.838629054,0.8526359,0.660805491,0.527344472,0.449513936,0.36385265,0.332173579,0.440234834,0.492008928,1.157397861,1.57317267,2.003346918,1.78550561,1.534337201,1.630995638,1.625881678,1.776001885
        Belgium,41.82668018,40.0697335,36.18007904,33.56347763,36.90756625,35.68379064,33.23701475,30.46213924,31.37742906,27.43085766,29.1890391,27.91724111,23.5725984,21.95717295,20.86672654,19.68949643,18.31793504,17.47938469,17.49211513,10.89142005,13.25651883,12.70469457,11.92686259,12.60333204,11.29965491,10.55531505,9.940550327,9.656882091,9.914315188,10.18447993
        Belize,0,0,0,0,0,0,0,0,0,0,0,0,0,0,0,0,0,0,0,0,0,0,0,0,0,0,0,0,0,0
        Benin,0,0,0,0,0,0,0,0,0,0,0,0,0,0,0,0,0,0.00759484,0.003617675,0.000232667,0.000114705,0.006024243,0.003614816,0.002959192,0.089661387,0.096837116,0.185270585,0.279200671,0.278779543,0.274175292
        Bermuda,0,0,0,0,0,0,0,0,0,0,0,0,0,0,0,0,0,0,0,0,0,0,0,0,0,0,0,0,0,0
        Bhutan,0.036708015,0.038938418,0.040931085,0.04304262,0.07321473,0.076947714,0.077733456,0.078519197,0.080241275,0.098763745,0.117286214,0.120313797,0.130248803,0.121628372,0.144729434,0.164410679,0.167068536,0.16697627,0.166884005,0.158871633,0.169428235,0.159131712,0.148835189,0.151480304,0.160565318,0.168013556,0.211147914,0.300254328,0.325393205,0.328043187
        Bolivia,0,0,0,0.000130035,0.000146049,0.000167504,7.24208E-05,9.74311E-05,8.10298E-05,4.86403E-05,0.000104346,7.96526E-06,0.000150084,6.08947E-05,5.36845E-05,3.20276E-06,1.12545E-05,1.15459E-05,9.71076E-06,9.60828E-05,8.16242E-05,4.59311E-05,1.46686E-05,8.49852E-06,2.32841E-05,9.87859E-05,0,0,0,0
        Bosnia and Herzegovina,--,--,2.225246294,1.928546788,2.076896541,2.432935948,2.507110824,8.089512027,10.43640512,10.04624527,11.03277112,10.8695864,11.61875265,9.890048089,8.120989976,6.245401185,6.666560061,7.066826368,8.096101367,10.98103491,11.01541655,12.63723358,12.6140247,11.77477332,12.00518203,12.05740282,12.03507087,12.98968735,11.97400679,10.89470202
        Botswana,1.664767713,1.607885419,2.052271257,1.955759068,1.891893675,1.92467312,1.621831559,1.487109709,1.753071438,1.498868952,1.961523501,1.911330594,1.989899564,1.790869915,1.849805131,2.061087521,2.138218136,1.934079868,1.740151317,1.580684536,1.519064426,1.628098168,1.431347084,1.347532158,1.584787596,2.578742771,3.55417949,3.344475823,3.132777551,2.922402122
        Brazil,40.02267084,45.13412143,43.78928993,44.07243336,45.99394266,48.03083912,49.79323791,49.3935983,47.19021597,49.06919773,53.00828319,52.69962853,49.79243621,53.21241929,54.30547882,52.33768721,52.64830536,55.49885123,55.38836782,43.53214012,58.63264944,62.91172774,61.06581723,67.00953258,72.11039232,72.51186104,65.31273238,69.49565953,68.47448879,63.5327694
        British Virgin Islands,0,0,0,0,0,0,0,0,0,0,0,0,0,0,0,0,0,0,0,0,0,0,0,0,0,0,0,0,0,0
        Brunei,0,0,0,0,0,0,0,0,0,0,0,0,0,0,0,0,0,0,0,0,0,0,0,0,0,0,0,0,0,0
        Bulgaria,37.0040164,32.47133333,28.8154284,29.07965814,28.48870176,30.02916243,30.025985,30.05749436,26.97676062,24.05360135,24.98525733,26.03113097,23.72854049,27.28286418,26.08751296,24.56013715,25.26449049,28.23723214,26.62040308,24.33006838,25.73867964,31.14203927,27.57938826,23.92481153,25.76057152,26.36126836,22.94648768,24.93636696,22.48178771,20.46573444
        Burkina Faso,0,0,0,0,0,0,0,0,0,0,0,0,0,0,0,0,0,0,0,0,0,0,0,0,0,0,0,0,0,0
        Burma,0.195388825,0.209594154,0.199663076,0.201800572,0.174157576,0.189941851,0.169758026,0.15630117,0.363293241,0.351404768,0.42967099,0.507970946,0.530399151,0.609200624,0.698394506,0.805964579,0.81353343,0.821940819,0.776038676,0.959525919,0.806193559,0.729347556,0.613065412,0.816052577,0.94755631,1.265148196,1.602702256,2.42603738,3.206584998,3.881365076
        Burundi,0,0,0,0,0,0,0,0,0,0,0,0,0,0,0,0,0,0,0,0,0,0,0,0,0,0,0,0,0,0
        Cabo Verde,0,0,0,0,0,0,0,0,0,0,0,0,0,0,0,0,0,0,0,0,0,0,0,0,0,0,0,0,0,0
        Cambodia,0,0,0,0,0,0,0,0,0,0,0.000538997,0.000127286,5.30357E-05,6.66611E-05,1.23429E-06,0.00042594,0.000850645,0.047937753,0.277818794,0.309785587,0.305558739,0.373346224,0.388055182,0.418033015,0.489784944,0.981643393,2.381787015,2.755930077,4.096287952,3.261216067
        Cameroon,0,0,0,0,0,0,0,0,0,0,0,0,0,0,0,0,0,0,0,0,0,0,0,0,0,0,0,0,0,0
        Canada,93.75804674,95.22872018,101.2172978,93.98098187,97.63584338,98.71893009,100.8143568,107.3431617,105.4932854,103.9516896,113.4765698,113.7160777,111.155935,111.7650372,113.3414476,113.5854102,111.895526,110.2330361,109.3083019,90.48905895,92.23430142,87.83683137,80.37908275,76.49509084,75.09364801,75.29137468,71.89498958,71.27207516,60.4631192,61.59584777
        Cayman Islands,0,0,0,0,0,0,0,0,0,0,0,0,0,0,0,0,0,0,0,0,0,0,0,0,0,0,0,0,0,0
        Central African Republic,0,0,0,0,0,0,0,0,0,0,0,0,0,0,0,0,0,0,0,0,0,0,0,0,0,0,0,0,0,0
        Chad,0,0,0,0,0,0,0,0,0,0,0,0,0,0,0,0,0,0,0,0,0,0,0,0,0,0,0,0,0,0
        Chile,6.930747694,5.559377885,4.769200639,4.914325079,5.892004472,6.456826979,9.11302899,11.7393158,11.01027434,11.55586881,8.742507566,6.931213151,7.213297308,7.388143102,8.920790101,8.837489735,10.7979421,11.03527305,14.03835402,12.67475247,16.00173411,18.35678768,21.13116598,24.14136327,21.79506588,24.49953973,26.19095018,26.80549512,25.397857,27.22418915
        China,2052.050936,2065.188662,2134.521878,2271.895936,2437.586447,2628.471088,2718.590768,2561.576601,2551.411399,2628.038406,2789.677548,2903.303608,3105.473079,3688.944433,4472.994297,5139.344678,5712.141005,6136.00899,6358.993115,6927.970092,7695.309782,8486.795066,8974.19686,9115.97904,8930.60995,8537.687962,7828.433012,8180.312226,8545.530657,8987.463374
        Colombia,11.79736078,10.85331591,11.73900794,12.52065697,11.96363083,11.94332929,10.37475214,11.10055388,11.67721051,9.950440299,9.399168425,9.375659945,8.625423597,8.773741417,6.074405599,5.771118246,5.218164812,5.380036458,2.56799554,5.535561429,2.70949222,5.301267871,4.356721463,6.293965787,11.5801871,11.12143405,11.98486288,7.681120604,8.439914846,8.018350773
        Comoros,0,0,0,0,0,0,0,0,0,0,0,0,0,0,0,0,0,0,0,0,0,0,0,0,0,0,0,0,0,0
        Congo-Brazzaville,0,0,0,0,0,0,0,0,0,0,0,0,0,0,0,0,0,0,0,0,0,0,0,0,0,0,0,0,0,0
        Congo-Kinshasa,0.620202459,0,0,0,0,0,0,0,0,0,0,0.000393101,0.004547164,0.002281303,0.006499441,0.023049485,0.019635243,0.030302011,0.034486983,0.024303856,0.03654791,0.029164102,0.033215291,0.012592019,0.017220666,0.033729163,0.039306718,0.049132409,0.084374641,0.067029286
        Cook Islands,0,0,0,0,0,0,0,0,0,0,0,0,0,0,0,0,0,0,0,0,0,0,0,0,0,0,0,0,0,0
        Costa Rica,0,0,0,0,0.000444758,0.000502481,0.00053382,0.000612696,0.000581206,0.000649922,0.000651266,0.089586735,0.089632792,0.246699107,0.181420952,0.09324841,0.001001686,0.001204596,0.000824285,0.00087305,0.001748174,0.000850102,0.000871403,0.001473902,0.001354329,0.001759669,0.001486236,0.001212313,0.00164328,0.001202917
        Croatia,--,--,1.15719737,1.106249467,0.576717449,0.809537788,0.659412552,1.047275206,0.936323751,0.801697492,1.580527313,1.783124508,2.167383888,2.565355155,2.72920475,2.642527062,2.476209462,2.687929919,2.75999383,1.990417955,2.725976077,2.786557945,2.493235856,2.623296403,2.528818998,2.362216481,2.558236492,1.538214971,1.422500413,1.674149494
        Cuba,0.498746167,0.323727724,0.188914207,0.098792638,0.128333639,0.127090347,0.109833262,0.11706883,0.125490752,0.127507157,0.118142094,0.099141089,0.113286509,0.099634251,0.101687281,0.082676928,0.084081772,0.069449939,0.06340751,0.065638698,0.068240649,0.015810709,0.015202393,0.014586732,0.017800449,0.017021707,0.018627145,0.013491247,0.02460618,0.027186196
        Cyprus,0.045641454,0.046650723,0.047659992,0.048669262,0.048382178,0.035838651,0.032254786,0.034046718,0.037630632,0.036872348,0.033642356,0.039697978,0.044407908,0.034315202,0.031420193,0.042040298,0.030284269,0.023744213,0.012950563,0.023923183,0.024309,0.008203059,0.014160826,0.004419732,0.009769616,0.009206053,0.000363391,0.000430868,0.000399898,0.000318265
        Czech Republic,--,--,--,93.3130013,86.8584092,85.50848069,87.26901357,85.65535061,77.5414579,67.17650715,82.03719725,79.74115357,77.64492614,80.84815154,79.76013871,77.4167615,77.61372515,79.96111324,74.91396491,70.04469159,70.51180285,71.80612738,68.94971247,64.07720718,64.41261117,65.54578093,65.68668374,64.60726127,63.56039556,63.63501824
        Côte d’Ivoire,0,0,0,0,0,0,0,0,0,0,0,0,0,0,0,0,0,0,0,0,0,0,0,0,0,0,0,0,0,0
        Denmark,21.84086659,29.52059584,24.232779,25.97419929,28.65955235,23.99854909,32.73843213,24.12469833,20.44095956,17.17681069,14.51739149,15.25247521,15.17112076,21.04143206,16.18648989,13.75468401,20.3946917,17.32513619,15.3308069,14.87158646,14.55986157,12.14448782,9.532890177,12.03938255,9.606889229,6.83680601,7.881412959,5.867718502,6.030466463,5.224340572
        Djibouti,0,0,0,0,0,0,0,0,0,0,0,0,0,0,0,0,0,0,0,0,0,0,0,0,0,0,0,0,0,0
        Dominica,0,0,0,0,0,0,0,0,0,0,0,0,0,0,0,0,0,0,0,0,0,0,0,0,0,0,0,0,0,0
        Dominican Republic,0.037029143,0.046251712,0.04461691,0.050892072,0.135323391,0.180759592,0.230629796,0.234988328,0.331823319,0.117588719,0.209870936,0.44555316,0.508820597,0.835069514,0.939143575,1.037232355,1.533928965,1.5867835,1.723583031,1.685384304,1.627945876,1.730757408,1.909442532,1.878770082,2.238741298,2.59012698,2.768381044,2.845602816,2.790343013,2.974402261
        Ecuador,0,0,0,0,0,0,0,0,0,0.002517018,0.002919565,0.003326314,0.002935519,0.004402453,0.005236659,0.008664325,0.027069991,0.007062846,0.014478941,0.019606649,0.042291063,0.038886163,0.050905019,0.06090161,0.056189425,0.068353712,0.038797058,0.042463311,0.046944248,0.044828084
        Egypt,2.624419701,2.663592495,2.596184578,3.376319396,3.27231486,2.602601046,2.834836699,2.900378457,2.603173409,2.653044038,2.614104887,2.842153472,2.392583836,2.719214146,2.592863382,3.084725022,2.982995871,3.128213232,2.902100582,2.817896063,3.101784191,2.722084303,2.20997977,1.833738481,2.00016582,4.304561949,5.387901678,6.164023657,11.32864131,10.3006475
        El Salvador,0,0,0,0.000951219,0.001660938,0.001700101,0.001816025,0.001880016,0.00208359,0.002481469,0.002747176,0.001780641,0.001585356,0.002593671,0.002325113,0.003891502,0.003199521,0.003393617,0.002812237,0.002209599,0.001772573,0.002077812,0.001924371,0.002205362,0.002409775,0.002046021,0.001683066,0.001834521,0.00223287,0.002036762
        Equatorial Guinea,0,0,0,0,0,0,0,0,0,0,0,0,0,0,0,0,0,0,0,0,0,0,0,0,0,0,0,0,0,0
        Eritrea,--,--,--,--,0,0,0,0,0,0,0,0,0,0,0,0,0,0,0,0,0,0,0,0,0,0,0,0,0,0
        Estonia,--,--,0.461607587,0.465901303,0.155663758,0.173080478,0.286383345,0.321766668,0.141932485,0.151075306,0.157995907,0.147479391,0.135353213,0.06802627,0.152680907,0.129309077,0.094102572,0.181349872,0.278374745,0.187552743,0.129256002,0.15782898,0.138546805,0.135400677,0.156943353,0.026814525,0.038979231,0.093398325,0.083142477,0.043577065
        Eswatini,0.351446196,0.270174263,0.217457334,0.123006169,0.382197738,0.333873886,0.285550034,0.313081836,0.650294471,0.692250293,0.595739981,0.601250879,0.592328107,0.501968084,0.497762564,0.453063891,0.484625488,0.498802835,0.447470359,0.40522282,0.31314429,0.308804419,0.283451647,0.154484505,0.161918628,0.190091849,0.195149814,0.26224827,0.380085837,0.459813526
        Ethiopia,0,0,0,0,0,0,0,0,0,0,0,4.26697E-06,8.74728E-05,8.53394E-06,1.06674E-05,1.70679E-05,2.34683E-05,0.001533213,0.031385791,0.053195908,0.080367665,0.20869809,0.477900396,0.620843818,0.864060984,0.876861888,1.122212538,1.241687637,1.327026993,1.473597338
        Falkland Islands,0,0,0,0,0,0,0,0,0,0,0,0,0,0,0,0,0,0,0,0,0,0,0,0,0,0,0,0,0,0
        Faroe Islands,0,0,0,0,0,0,0,0,0,0,0,0,0,0,0,0,0,0,0,0,0,0,0,0,0,0,0,0,0,0
        Fiji,0.034047596,0.032255604,0.038587267,0.043336009,0.042357888,0.041379767,0.040401646,0.039423525,0.035839564,0.032255604,0.030463627,0.026879675,0.029211729,0.02956579,3.82282E-05,6.34897E-06,1.07017E-05,1.97E-07,1.2008E-05,1.85595E-05,8.9778E-06,1.06354E-05,5.44402E-06,3.45314E-06,4.97632E-06,4.61255E-06,1.15403E-06,6.67486E-06,3.57831E-06,1.94237E-06
        Finland,16.08930534,15.53880531,13.78126242,15.6370952,19.87375998,16.42679889,19.44034892,18.15262918,13.85481632,14.11122162,13.99543483,15.87410516,17.32378714,22.96421682,20.72582379,12.32559125,20.19594865,18.24668195,13.95935192,14.26793222,17.89394546,14.39487783,12.08934351,14.77551124,12.59322323,10.50219369,12.72891971,11.38387934,11.44055223,9.336764136
        Former Czechoslovakia,167.2326277,153.8522395,135.6143265,--,--,--,--,--,--,--,--,--,--,--,--,--,--,--,--,--,--,--,--,--,--,--,,--,--,--
        Former Serbia and Montenegro,--,--,52.57739172,49.27202397,45.53912717,55.11152016,55.44345373,59.15241784,60.8782397,46.25601876,50.80577865,49.40620711,51.96107559,55.22664643,57.33774399,51.44366596,--,--,--,--,--,--,--,--,--,--,,--,--,--
        Former U.S.S.R.,1443.073463,1384.872987,--,--,--,--,--,--,--,--,--,--,--,--,--,--,--,--,--,--,--,--,--,--,--,--,,--,--,--
        Former Yugoslavia,158.8123625,145.9414286,--,--,--,--,--,--,--,--,--,--,--,--,--,--,--,--,--,--,--,--,--,--,--,--,,--,--,--
        France,83.14395731,86.63849421,78.14774465,62.24999606,60.43251785,64.99974924,66.83664902,61.36663671,71.06371544,64.25353326,61.52427574,54.53821882,54.69349567,56.12139385,52.52957717,58.52444843,54.28495179,54.53629557,51.94414517,41.94469341,47.15173246,38.68434304,43.88801777,46.37570584,35.35102908,33.00827166,32.06386028,36.51164625,32.74981311,28.38472767
        French Guiana,0,0,0,0,0,0,0,0,0,0,0,0,0,0,0,0,0,0,0,0,0,0,0,0,0,0,0,0,0,0
        French Polynesia,0,0,0,0,0,0,0,0,0,0,0,0,0,0,0,0,0,0,0,0,0,0,0,0,0,0,0,0,0,0
        Gabon,0,0,0,0,0,0,0,0,0,0,0,0,0,0,0,0,0,0,0,0,0,0,0,0,0,0,0,0,0,0
"        Gambia, The",0,0,0,0,0,0,0,0,0,0,0,0,0,0,0,0,0,0,0,0,0,0,0,0,0,0,0,0,0,0
        Georgia,--,--,0.831274912,0.618507027,0.557426426,0.090261481,0.047711134,0.069748539,0.108118358,0.115370258,0.065890602,0.079950254,0.070940963,0.150611851,0.199445868,0.238068921,0.222035403,0.483532969,0.547545409,0.643607099,0.503874553,0.700550913,0.922727832,1.211372098,1.228245659,1.189105107,1.190413302,1.223331501,1.307748068,1.051665097
        Germany,--,478.2406659,438.5793069,412.4589349,389.1229908,377.4490127,383.2786159,369.3232551,356.814186,334.5662595,345.0561603,345.8164035,343.7372304,349.5293002,346.169625,328.3719878,335.7356226,349.3547191,325.2241485,296.0813499,314.7737726,313.3145948,325.0326241,330.3916384,318.6328332,316.7342922,305.0698255,305.1361238,290.7983956,234.2131237
"        Germany, East",423.7954587,--,--,--,--,--,--,--,--,--,--,--,--,--,--,--,--,--,--,--,--,--,--,--,--,--,,--,--,--
"        Germany, West",280.3753224,--,--,--,--,--,--,--,--,--,--,--,--,--,--,--,--,--,--,--,--,--,--,--,--,--,,--,--,--
        Ghana,0,0,0,0,0,0,0,0,0,0,0,0,0,0,0,0,0,0,0,0,0,0,0.001680358,0.064602754,0.090515263,0.107071201,0.116729004,0.111057141,0.115877797,0.359844528
        Gibraltar,0,0,0,0,0,0,0,0,0,0,0,0,0,0,0,0,0,0,0,0,0,0,0,0,0,0,0,0,0,0
        Greece,29.39032986,29.28566424,31.99855351,30.85269587,32.50246348,31.85118306,32.84120542,32.35509778,33.56406244,33.35254088,35.32828656,36.89723921,36.89417516,37.12564061,37.59276831,36.84520547,33.58214006,35.00478701,34.0556545,33.67800361,30.56895532,31.4436355,32.24374449,28.41642212,27.20579078,22.69042327,17.66081007,19.65246015,18.93520306,13.3568696
        Greenland,0,0,0,0,0,0,0,0,0,0,0,0,0,0,0,0,0,0,0,0,0,0,0,0,0,0,0,0,0,0
        Grenada,0,0,0,0,0,0,0,0,0,0,0,0,0,0,0,0,0,0,0,0,0,0,0,0,0,0,0,0,0,0
        Guadeloupe,0,0,0,0,0,0,0,0,0,0,0,0,0,0,0,0,0,0,0,0,0,0,0,0,0,0,0,0,0,0
        Guam,0,0,0,0,0,0,0,0,0,0,0,0,0,0,0,0,0,0,0,0,0,0,0,0,0,0,0,0,0,0
        Guatemala,0,0,0,0,0,0,0,0,0.164932537,0.353974281,0.516769656,0.630340207,0.920418465,0.864960244,0.997982942,0.962042899,1.011491916,1.058703456,1.065911546,0.71404284,1.171896076,1.176201236,1.548816105,2.321222129,2.477624178,3.649666705,4.453129529,5.351969431,5.290207412,5.232611445
        Guinea,0,0,0,0,0,0,0,0,0,0,0,0,0,0,0,0,0,0,0,0,0,0,0,0,0,0,0,0,0,0
        Guinea-Bissau,0,0,0,0,0,0,0,0,0,0,0,0,0,0,0,0,0,0,0,0,0,0,0,0,0,0,0,0,0,0
        Guyana,0,0,0,0,0,0,0,0,0,0,0,0,0,0,0,0,0,0,0,0,0,0,0,0,0,0,0,0,0,0
        Haiti,0.033964504,0.088830242,0.075766971,0,0,0,0,0,0,0,0,0,0,0,0,0,0,0,0,0,0,0,0,0,0,0,0,0,0,0
        Hawaiian Trade Zone,--,--,--,--,--,--,--,--,--,--,--,--,--,--,--,--,--,--,--,--,--,--,--,,,,,--,--,--
        Honduras,0,0.001748706,0.001471668,0.00235723,0.002171336,0.002101996,0.001707881,0.001451851,0.001702564,0.002306482,0.00069054,0.000130689,0.001700855,0.001127262,0.001806139,0.002419937,0.003156316,0.002336029,0.002093293,0.001607093,0.001902568,0.022667843,0.027033582,0.073980255,0.065639055,0.056440375,0.044319575,0.060414707,0.047405894,0.061320756
        Hong Kong,23.73957022,25.49913997,27.37697545,29.81994469,23.02545774,23.35902431,19.36160235,14.61857662,17.3468012,14.62578143,16.52064868,19.29210218,20.93720239,25.63954722,25.67557132,25.99498493,27.38551489,29.44609297,27.24622174,29.6142054,24.79418186,30.08972341,29.66223752,31.15385973,33.1113661,26.86076617,26.80474106,25.2230745,24.55882494,23.55745873
        Hungary,18.89543603,21.79549332,17.50200551,18.1048024,16.78346301,16.1593975,16.52124377,15.81577836,14.39876746,14.47209919,13.33141376,13.53349071,12.71654638,13.28065673,12.86694008,12.55747944,12.48389868,12.39304524,12.48277801,10.03958418,10.28316895,10.52087397,10.18680176,9.0746721,8.888518422,9.22375522,8.508085173,9.080323686,9.265417182,7.86839252
        Iceland,0.279506116,0.28619857,0.199626746,0.199246064,0.299947695,0.243158213,0.285437206,0.250104455,0.294016605,0.255908651,0.4354745,0.411623247,0.429797199,0.407214886,0.459325753,0.439502179,0.392180355,0.454139562,0.398111445,0.348014418,0.383347168,0.374387086,0.434966924,0.430034521,0.384108532,0.409339154,0.435584929,0.420694178,0.443783646,0.29791739
        India,356.9730932,381.2946943,401.8833379,419.1567941,440.1301053,465.420922,488.3520855,511.8458582,511.4919259,542.5028343,560.5416088,575.8260146,601.3192189,616.3162423,684.9381009,727.6161873,784.0724951,858.3588846,932.6261582,1038.269635,1101.798011,1151.572587,1251.811193,1304.422625,1451.004078,1454.131155,1440.342497,1508.167261,1593.056254,1579.933421
        Indonesia,17.11889848,18.85625021,18.98970537,19.44018396,21.97243377,24.48041972,27.53749688,31.91372889,36.06001663,46.45161011,50.7162769,57.92155787,59.73812491,66.30224378,71.70399685,81.74264273,84.86497585,101.117888,105.4658028,110.4733666,129.166279,130.6706727,134.1348552,142.7488957,152.2111094,171.8201761,180.688255,194.7155491,224.1871136,267.0033114
        Iran,2.830262032,4.131339263,3.657437829,4.299991093,4.321580149,4.040690886,4.240148021,4.69648325,5.076518354,5.270627471,5.419314728,5.396616354,5.15334553,5.561397872,5.9568947,6.952102623,6.353947484,6.294044289,5.858383101,5.297761208,5.813602921,6.12733347,5.626931234,5.903672814,4.841363024,4.173026688,3.934208023,4.426853921,5.215887778,5.141691155
        Iraq,0,0,0,0,0,0,0,0,0,0,0,0,0,0,0,0,0,0,0,0,0,0,0,0,0,0,0,0,0,0
        Ireland,8.082898639,7.856145094,7.321627085,7.276192742,6.638378629,6.534880939,7.238339595,6.588069689,6.779367099,5.839643616,6.906876436,7.169782365,6.867976354,6.674422874,6.861413393,7.158614762,6.279784507,5.974400947,5.332662072,4.320248854,4.683773268,4.74510849,5.768860251,5.021769061,4.808126812,5.52336959,5.220859611,4.323835223,2.934341864,3.06356628
        Israel,8.638253194,9.427770959,11.51070459,13.15011501,13.94892122,15.27716875,18.19141815,20.06303968,21.58866665,21.21016255,23.79931639,26.82270501,28.34600988,29.43043575,29.53028653,29.47687797,29.40953675,31.01179339,29.42579153,28.58750943,28.55732199,29.29575331,32.91360236,27.22210812,25.5307427,24.99164506,21.35821581,19.30683395,18.47740724,13.65310712
        Italy,55.78589844,53.03333263,46.5505225,40.76496166,43.45445957,46.76556422,43.85098639,44.14800158,45.8379726,44.81753686,46.8276788,50.75043238,52.39812872,57.6578974,61.87195077,61.92412549,63.38197281,63.26128077,62.15752832,49.06451518,54.115249,61.73444547,62.55676672,55.19212424,52.93375014,50.86318285,44.79571176,38.99433592,36.06888425,24.96770712
        Jamaica,0.131337445,0.128811725,0.166697527,0.138914606,0.133863165,0.138914606,0.161646087,0.169223247,0.179326127,0.181851847,0.157857506,0.133863165,0.222263369,0.214686209,0.166697527,0.149017486,0.080823043,0.090925924,0.121234565,0.128811725,0.116183125,0.141692898,0.185585894,0.225799377,0.23970799,0.253253644,0.189464939,0.153732802,0.165405761,0.177078721
        Japan,299.2401141,300.5592628,294.4517917,300.8634522,312.1013334,324.7199888,332.6111704,343.0230744,325.6436012,345.1601473,368.92484,378.451984,392.1341419,409.4443096,421.270978,434.6773059,425.1045369,443.6672417,429.6698905,406.1695481,441.0977617,427.2871679,449.4750784,479.1175987,472.4063633,462.4073729,457.5075922,457.9670787,447.5335264,440.1832457
        Jordan,0,0,0,0,0.001032495,0.005064339,0.003201625,0.001338911,0.002640137,0.002631091,0.004477931,0.004056795,0.00403456,0.005590363,0.008084527,0.006024047,0.003889705,0.007879976,0.014883588,0.009150754,0.042637805,0.303352624,0.457740353,0.539892111,0.637291255,0.544074185,0.529732695,0.449954668,0.43203881,0.380908015
        Kazakhstan,--,--,257.2098899,215.3534444,182.7165977,149.206447,132.6237122,118.0380799,113.3971514,102.3001087,115.3706873,116.5400812,124.3797052,139.6446576,154.9815684,158.8333577,170.2369704,180.631821,209.2664524,189.8583094,206.939736,223.424497,226.0048967,224.3035567,209.2307117,196.760156,204.1730158,195.8827944,196.6289081,206.9155317
        Kenya,0.300645498,0.261516068,0.312896448,0.258355339,0.243476048,0.307689255,0.284593653,0.290301961,0.236994205,0.229107793,0.211167912,0.211365756,0.315417874,0.296673942,0.344568549,0.285482072,0.382370419,0.350919863,0.349061007,0.30315648,0.294655471,0.485240994,0.675611902,0.74577586,0.962501577,1.059894859,1.084325179,1.022931859,1.525637189,1.250134604
        Kiribati,0,0,0,0,0,0,0,0,0,0,0,0,0,0,0,0,0,0,0,0,0,0,0,0,0,0,0,0,0,0
        Kosovo,--,--,--,--,--,--,--,--,--,--,--,--,--,--,--,--,--,--,5.633280638,6.433703721,6.477183873,6.210188565,6.503000213,6.215466105,5.443101439,6.229466227,6.659352815,5.733111344,5.830616763,6.110424511
        Kuwait,0,0,0,0,0,0,0,0,0,0,4.21586E-05,0.000155268,0.000275556,0.000155752,0.000250584,0.001262005,0.002273426,0.00183774,0.001159382,0.002219314,0.003279246,0.050015405,0.531130199,0.588563784,0.810618825,0.846480902,0.773974408,0.530105922,0.74295094,0.693751089
        Kyrgyzstan,--,--,3.896704117,3.527611987,2.272701645,1.832320437,2.002203104,2.080986166,2.092761694,2.085160841,1.924962416,1.294849921,2.123938052,2.562956836,2.340054968,2.273867546,2.166449341,2.459351146,3.415396283,2.959189217,2.891749597,3.069209046,4.308585194,3.261766319,4.082847055,4.185009814,3.48088032,3.403742334,3.225100808,3.017434506
        Laos,0.006754796,0.011257994,0.020264389,0.031522383,0.042780377,0.051786772,0.060492954,0.053976452,0.04745995,0.040943448,0.034426946,0.044694229,0.070745234,0.086258758,0.104631805,0.113705749,0.139599125,0.215851367,0.276503752,0.366621759,0.631921579,0.840040199,0.951554311,1.696808106,1.800535504,9.785664297,26.14096405,26.18712387,26.41664734,37.87108351
        Latvia,--,--,0.587542656,0.668464871,0.621609456,0.573593578,0.51194571,0.527598624,0.374534811,0.331653714,0.268310678,0.322744935,0.242522663,0.250997999,0.241795346,0.296458801,0.317352895,0.374588786,0.368482247,0.312316445,0.389327331,0.399355473,0.333331776,0.277576022,0.228049431,0.181140591,0.136378803,0.144937848,0.172678881,0.148194396
        Lebanon,0,0,0,0.260118404,0.262461813,0.433530673,0.520236807,0.531953852,0.45110624,0.41653094,0.344461095,0.328643084,0.312825073,0.156968339,0.185913096,0.183215939,0.180518782,0.187638978,0.194759174,0.277827761,0.446793243,0.595939462,0.556170004,0.400797298,0.476906066,0.370386637,0.283861789,0.268637827,0.390642336,0.624005462
        Lesotho,0,0,0,0,0,0,0,0,0,0,0,0,0,0,0,0,0,0,0,0,0,0,0,0,0,0,0,0,0,0
        Liberia,0,0,0,0,0,0,0,0,0,0,0,0,0,0,0,0,0,0,0,0,0,0,0,0,0,0,0,0,0,0
        Libya,0,0,0,0,0,0,0,0,0,0,0,0,0,0,0,0,0,0,0,0,0,0,0,0,0,0,0,0,0,0
        Lithuania,--,--,1.439780196,1.330192647,1.245481969,0.901889024,0.842752129,0.668478298,0.584811739,0.471481316,0.367516038,0.320263222,0.558642554,0.704687352,0.68941077,0.745430988,1.057932005,0.990851413,0.837995656,0.620451638,0.779844869,0.865916675,0.820431142,0.928111373,0.808269972,0.654836316,0.652193378,0.665177528,0.711137266,0.638539297
        Luxembourg,5.146617797,4.827323468,4.475960239,4.632215064,3.958505037,2.196310145,2.034952385,1.258608449,0.357180013,0.364998743,0.407434344,0.453125685,0.274343231,0.210085375,0.30108103,0.291594058,0.350226362,0.288060368,0.276546488,0.248120388,0.242844462,0.21181424,0.195257449,0.180974278,0.200727956,0.174123423,0.191853131,0.15796987,0.147702765,0.165516153
        Macau,0.004480314,7.68054E-05,0.000108983,0.000113075,1.38762E-05,0.003694989,0.002943924,0.002835299,0.002405453,0.001975608,0.00227216,0.002199619,0.002039614,0.002925012,0.003338912,0.002604983,0.002566583,0.002843936,0,0,0,0,0,0,0,0,0,0,0,0
        Madagascar,0.025272096,0.024338132,0.026399901,0.021807178,0.026432983,0.018381909,0.020008176,0.030151199,0.016930513,0.006673629,0.008207208,0.031152181,0.021324195,0.027738219,0.036684574,0.037554603,0.030136351,0.022452582,0.029080642,0.031772397,0.076481517,0.266157704,0.579451954,0.828558203,0.849941918,0.847991898,0.846029889,0.957069596,0.991738589,1.016373271
        Malawi,0.148390512,0.134478902,0.139116105,0.14607191,0.148390512,0.14607191,0.155346317,0.159983521,0.155346317,0.158198197,0.160145823,0.156440456,0.15273509,0.142447695,0.1321603,0.135327315,0.143782467,0.139116105,0.130606837,0.127523096,0.146535631,0.19279846,0.190589064,0.191748365,0.175054432,0.196733359,0.187971363,0.195654049,0.203336736,0.218421559
        Malaysia,4.458782707,5.247171028,5.50981947,4.604896233,5.115766838,5.603202171,5.635872132,5.448053468,5.270737968,5.118490962,7.224905523,10.36767967,13.1136,13.68696821,20.46632331,23.13001672,23.76621442,29.70202767,32.87054516,35.12219054,49.6024726,49.62975073,53.33633691,50.62266309,51.13706392,57.80669648,61.6448451,67.82638128,73.38714863,80.87424829
        Maldives,0,0,0,0,0,0,0,0,0,0,0,0,0,0,0,0,0,0,0,0,0,0,0,0,0,0,0,0,0,0
        Mali,0,0,0,0,0,0,0,0,0,0,0,0,0,0,0,0,0,0,0,0,0,0,0,0,0,0,0,0,0,0
        Malta,0.498566231,0.443778734,0.374381239,0.3775088,0.38063636,0.068943589,0.001252806,1.82625E-06,0.001451867,0.000887803,0.00046945,4.98237E-05,3.28725E-06,8.76599E-06,0.000479719,0.000427123,0.000374527,0.000462121,0.000234125,0.000366643,7.79917E-05,3.17037E-06,2.41978E-06,0.00089134,2.78E-07,6.82286E-06,9.29396E-05,4.68816E-05,8.24E-07,1.20167E-06
        Martinique,0,0,0,0,0,0,0,0,0,0,0,0,0,0,0,0,0,0,0,0,0,0,0,0,0,0,0,0,0,0
        Mauritania,0.011805807,0.010576037,0.009715194,0.008854351,0.00725565,0.007870544,0.007017897,0.003948247,0.001987099,2.59511E-05,0,0,0,0,0,0,0,0,0,0,0,0,0,0,0,0,0,0,0,0
        Mauritius,0.134489941,0.144096365,0.146497972,0.148899578,0.151301184,0.151301184,0.096064244,0.11047388,0.170514032,0.326618428,0.607606341,0.718080221,0.751702707,0.758907525,0.69406416,0.874184617,1.164778954,1.37612029,1.565847171,1.378860523,1.544350395,1.482504235,1.559019405,1.640794093,1.70810871,1.735945726,1.763782742,1.825684139,1.734240586,1.712345143
        Mexico,15.409723,15.20689003,15.09531003,18.95727245,21.42126965,23.44282411,24.77100917,26.72111206,28.17872482,28.13298656,28.96209268,32.59056402,36.19693912,44.15205213,38.27475266,48.19800982,51.30975597,46.53375915,41.4884475,42.44843299,52.6638833,57.60694064,51.55183072,52.41741244,50.76966551,55.62765765,50.83522296,52.75862299,49.93352597,47.95266688
        Micronesia,0,0,0,0,0,0,0,0,0,0,0,0,0,0,0,0,0,0,0,0,0,0,0,0,0,0,0,0,0,0
        Moldova,--,--,0.593396125,0.472298701,0.490255894,0.435146502,0.393887138,0.347780385,0.301673633,0.284202997,0.288445386,0.300474933,0.335916857,0.56005761,0.401278455,0.485504766,0.489432595,0.366676259,0.491322129,0.445179655,0.468572382,0.488301568,0.470183027,0.633255292,0.38497135,0.407147699,0.293325676,0.433604386,0.32789752,0.379388568
        Mongolia,15.25015679,16.15020217,14.37592514,13.1199312,11.97295929,11.51007446,11.82775555,11.40230007,11.54972011,11.62058667,12.05696481,11.99178486,12.78647842,11.86453894,11.4230842,11.98813843,12.70740212,12.88857582,12.48972942,13.05802342,12.49118015,12.28367292,12.92833984,13.54430493,13.31182679,13.21811206,14.97217157,15.2440381,16.69045282,17.44462102
        Montenegro,--,--,--,--,--,--,--,--,--,--,--,--,--,--,--,--,1.30241617,1.007142367,1.516511979,0.834081588,1.70206168,1.720795063,1.545058087,1.491534135,1.454067368,1.534353296,1.214101649,1.233548687,1.402951994,1.332657203
        Montserrat,0,0,0,0,0,0,0,0,0,0,0,0,0,0,0,0,0,0,0,0,0,0,0,0,0,0,0,0,0,0
        Morocco,4.014856586,4.364637845,4.031308612,4.469394072,4.955113913,7.121015985,6.937008086,6.894931775,7.614738658,7.369046144,8.894281413,11.28984526,11.64173193,10.82301107,12.11130532,12.46118237,13.02789925,13.36493361,12.54672991,11.72325944,11.798236,10.44152895,10.45671232,10.22822519,13.81159337,15.19834853,14.44013688,15.06506646,16.69085623,20.2669067
        Mozambique,0,0,0,0,0,0,0,0,0,0,0,0,0,0,0,0,0,0,0,0,0,0,0,0.037271407,0.044259796,0.032612481,0.059401306,0.08619013,0.093178519,0.108552974
        Namibia,0,0.032948121,0.026358505,0.019768872,0.021965415,0.035144659,0.030751582,0.024161946,0.037341198,0.013179252,0.010809341,0.001850683,0.003656945,0.020067892,7.23584E-05,0.000578762,0.020516906,0.039539423,0.030051738,0.019357522,0.006191659,0.018736251,0.019357522,0.008732313,0.00658805,0.007547573,0.011245048,0.05506307,0.048323852,0.066320465
        Nauru,0,0,0,0,0,0,0,0,0,0,0,0,0,0,0,0,0,0,0,0,0,0,0,0,0,0,0,0,0,0
        Nepal,0.128468221,0.16522049,0.169954268,0.188101569,0.188814378,0.204693346,0.169819438,0.175844015,0.182671623,0.23835979,0.281157215,0.314286583,0.361918037,0.461812449,0.407836886,0.4011171,0.398337048,0.430060836,0.454380975,0.444493516,0.437334922,0.524575482,0.590171368,0.528423526,0.462521055,0.51856741,0.54083036,0.632243252,0.70218753,1.051236762
        Netherlands,29.70944447,27.27195749,27.26541379,27.11675399,29.72299338,33.44262644,32.06016834,31.92260051,32.83901585,27.56677091,29.56423769,31.36168078,31.31771406,32.21397618,32.21568086,30.95551461,29.36311627,32.01236031,30.15884625,28.04666567,28.34143889,27.60440687,30.13411419,29.569895,33.14679625,41.31133981,37.43135508,32.62159638,29.92433425,22.9603289
        Netherlands Antilles,0,0,0,0,0,0,0,0,0,0,0,0,0,0,0,0,0,0,0,0,0,0,0,0,0,0,0,0,0,0
        New Caledonia,0.392337275,0.421044889,0.406691082,0.377983012,0.480851807,0.444967343,0.401906487,0.270329948,0.287076053,0.265545353,0.607644336,0.619605064,0.660274123,0.689307037,0.671364816,0.621997362,0.677020205,0.583720601,0.582045986,0.624150432,1.326050523,1.330117435,1.334184348,1.317122074,1.672624233,2.093375998,2.593119669,2.517730392,3.014340137,2.878818983
        New Zealand,4.454391074,4.211526233,4.708841265,4.74081106,4.293112266,4.344582151,4.213416748,4.481151033,4.096439437,4.270283641,4.054946004,4.959472666,4.999741121,7.146500931,7.497991454,8.341487957,8.223861589,6.254908863,7.870113788,6.052154166,5.227296567,5.429211313,6.526739453,5.790497079,5.593993772,5.452003755,4.889695173,4.773832956,4.712855978,5.139175427
        Nicaragua,0,0,0,0,0,0,0,0,0,0,0,0,0,0,0,0,0,0,0,0,0,0,0,0,0,0,0,0,0,0
        Niger,0.290951704,0.291925681,0.261557257,0.285170802,0.276511256,0.318472966,0.298468056,0.309272321,0.354421593,0.278917669,0.281371306,0.2872742,0.322691568,0.334300594,0.376177695,0.345470838,0.319818826,0.287529993,0.329184752,0.34905783,0.429533959,0.484037351,0.505484535,0.4496038,0.549632875,0.479011332,0.523337349,0.545419093,0.545419093,0.543210919
        Nigeria,0.241766617,0.210349046,0.169839661,0.067244971,0.060040152,0.052957644,0.040827304,0.03368364,0.028819273,0.018929328,0.007627988,0.055736831,0.054930216,0.055241743,0.076432971,0.090101327,0.076108233,0.066031439,0.071051516,0.092718806,0.097735761,0.095707389,0.089255897,0.105987368,0.109189469,0.146061286,0.212511597,0.228954234,0.229790261,0.208403665
        Niue,0,0,0,0,0,0,0,0,0,0,0,0,0,0,0,0,0,0,0,0,0,0,0,0,0,0,0,0,0,0
        North Korea,65.16279558,64.30241351,50.21986896,60.52788143,58.70311715,76.62738112,78.20462396,78.35959313,68.75608597,84.16890864,83.60962087,79.67978057,77.73657489,76.29125552,79.60794862,78.01189716,74.41860558,65.45103092,71.09173363,60.398057,55.81717104,36.00593101,33.57844634,22.48412082,20.7856314,19.57348174,21.58181539,16.11440176,17.15353891,16.04174874
        North Macedonia,--,--,4.319056297,4.267815952,4.575143751,4.750387661,4.629501988,4.314053389,5.34742173,4.905520147,5.044870503,5.446283832,4.67339905,4.938569246,4.804295854,4.789300974,4.425389311,4.647164328,5.058860642,4.588451748,4.475571373,5.204116047,4.816075422,4.43266502,4.464023246,3.860641742,3.499966079,3.449902325,3.186002883,3.866122966
        Northern Mariana Islands,0,0,0,0,0,0,0,0,0,0,0,0,0,0,0,0,0,0,0,0,0,0,0,0,0,0,0,0,0,0
        Norway,3.675367828,3.276323405,3.243906452,3.41217048,3.967548197,4.141463889,4.339007844,3.997063837,4.479541152,4.215765046,4.242095012,3.755366788,3.158875706,3.132402305,3.601980945,3.042690344,2.815584611,3.126366475,3.22371212,2.219431555,3.113032479,3.263906192,3.389609962,3.296658662,3.530638932,3.072714197,2.795053346,2.778527203,2.680117201,2.251929756
        Oman,0,0,0,0,0,0,0,0,0,0,0,0,0.00029865,0.000330141,0.001166004,0.003939638,3.39199E-05,0.002702146,0.008567436,0.025133027,0.028557349,0.027457246,0.014146787,0.020534532,0.014810694,0.214100718,0.185824576,0.166151432,0.110548324,0.191277581
        Pakistan,7.38709346,7.742511311,7.85426767,8.404783897,8.604604175,7.982982842,8.523844355,8.697323088,8.172015327,8.597712367,8.138601759,8.157268272,9.635806466,10.52576304,13.08845978,14.25835619,15.76950201,20.19617158,17.55233266,16.02165859,15.15121727,15.28279329,13.72624719,13.29547917,17.96921527,19.28096268,24.18765379,39.03218309,41.37948747,48.03514655
        Palestinian Territories,--,--,--,--,--,--,--,0,0,0,0,0,0,0,0,0,0,0,0,0,0,0,0,0,0,0,0,0,0,0
        Panama,0.076866346,0.108093206,0.100885397,0.127312035,0.129712787,0.086475333,0.041512074,0.049301762,0.069663458,0.090816349,0.111954771,0.058398007,0.02182957,0.03557884,0.02633974,0.017100639,0.012208956,0.005774699,0.089743119,0.117426654,0.13350749,0.545265823,0.515179206,0.563958642,0.560217865,0.569507017,0.720523595,0.711279313,0.766584192,0.832816973
        Papua New Guinea,0,0,0,0,0,0,0,0,0,0,0,0,0,0,0,0,0,0,0,0,0,0,0,0,0,0,0,0,0,0
        Paraguay,0,0,0,0,0,0,0,0,0,0,0,0,0,0,0,0.000419341,6.11568E-05,0.00039028,0.000252837,3.08094E-06,9.9378E-05,0.000620232,5.90899E-05,0.000111857,0.00058363,0.004451194,0.003705903,0.007177309,0.010648715,0.002654137
        Peru,0.682602532,0.949245006,0.815430281,1.557194868,1.441181985,1.526870008,1.439436057,1.432921961,1.563925498,1.652578389,1.855595519,1.726933532,2.112507695,2.097233809,2.440282026,2.696957741,2.770808261,2.780701925,2.76496651,2.073525265,2.102119864,1.628728274,1.717464663,1.544094136,1.354192174,1.165297251,1.06861694,1.055685609,1.044863386,1.170986239
        Philippines,5.338319614,6.468042631,5.851864245,6.564914483,6.681478134,7.226044871,9.434227844,11.75110288,12.37345573,14.15094927,19.29939121,17.90520665,17.4811362,17.78067434,20.9812931,21.72726805,21.77354349,22.08557166,26.00889962,24.76846685,28.54893165,31.58350933,35.34685902,39.2579745,36.9277051,45.65586884,50.74630241,60.16610467,64.63236657,69.36678833
        Poland,307.4531307,304.5709056,288.1735004,290.3341401,279.1179848,277.7846341,287.5180983,273.4334262,247.3420763,237.1971409,226.4167895,228.7894914,221.9279694,226.712445,224.1705249,220.2683097,218.3606417,216.9883004,213.3332906,202.5369008,212.7648012,213.5370027,212.252722,218.4163771,205.7594985,204.7646633,202.487698,204.0191755,197.1783199,188.6560759
        Portugal,10.11055626,10.6600949,10.70346514,11.34976501,12.03935118,13.1538988,12.51546632,12.60266548,11.53837078,13.93614088,13.96402456,11.87151311,13.14006679,12.43704301,12.54433759,12.64639265,12.63881475,10.95213932,9.652074512,10.80994799,6.233831142,8.658272662,11.26717139,10.28116633,10.47001181,12.75166975,11.11720279,12.58193997,10.52295165,4.911167737
        Puerto Rico,0.511560628,0.46112507,0.369860737,0.384270899,0.389074279,0.39627935,0.408287822,0.415492914,0.420296295,0.384270899,0.441740951,0.566537067,2.14460289,2.823517718,3.122213851,3.194267691,3.602561637,3.606251113,3.639157758,3.613871373,3.387189004,3.644291489,3.484842762,3.47180879,3.648675593,3.508346506,3.466758558,2.438486802,2.710063563,3.773792765
        Qatar,0,0,0,0,0,0,0,0,0,0,0,0,0,0,0,0,0,0,0,0,0,0,0,0,0,0,0,0,0,0
        Reunion,0,0,0,0,0,0,0,0,0,0,0,0,0,0,0,0,0,0,0,0,0,0,0,0,0,0,0,0,0,0
        Romania,49.59387643,38.43025939,43.98696524,39.35829051,39.0002708,39.9278607,40.39600477,35.83686123,29.20407444,24.68056902,28.60251559,31.51220074,32.54357304,35.75242628,35.56421928,34.64649997,37.88913642,39.46186378,37.40167384,29.40184518,28.6631778,33.10409099,30.65495558,23.70882739,23.74578234,24.44135951,22.04020357,23.42042021,22.71313219,20.89086237
        Russia,--,--,693.5347092,617.3515539,568.7610964,563.8976504,550.2616409,504.0683329,478.422658,478.1312473,496.2432318,496.752021,476.8056511,479.5101238,454.8201201,454.4111238,464.9571284,441.3331856,479.4592913,414.5645899,430.2626265,454.1402047,472.9012427,419.3598556,402.1805542,452.552718,425.2814928,447.0548862,468.1848203,448.5722368
        Rwanda,0,0,0,0,0,0,0,0,0,0,0,0,0,0,0,0,0,0,0,0,0,0,0,0,0,0,0,0,0,0
        Saint Helena,0,0,0,0,0,0,0,0,0,0,0,0,0,0,0,0,0,0,0,0,0,0,0,0,0,0,0,0,0,0
        Saint Kitts and Nevis,0,0,0,0,0,0,0,0,0,0,0,0,0,0,0,0,0,0,0,0,0,0,0,0,0,0,0,0,0,0
        Saint Lucia,0,0,0,0,0,0,0,0,0,0,0,0,0,0,0,0,0,0,0,0,0,0,0,0,0,0,0,0,0,0
        Saint Pierre and Miquelon,0,0,0,0,0,0,0,0,0,0,0,0,0,0,0,0,0,0,0,0,0,0,0,0,0,0,0,0,0,0
        Saint Vincent/Grenadines,0,0,0,0,0,0,0,0,0,0,0,0,0,0,0,0,0,0,0,0,0,0,0,0,0,0,0,0,0,0
        Samoa,0,0,0,0,0,0,0,0,0,0,0,0,0,0,0,0,0,0,0,0,0,0,0,0,0,0,0,0,0,0
        Sao Tome and Principe,0,0,0,0,0,0,0,0,0,0,0,0,0,0,0,0,0,0,0,0,0,0,0,0,0,0,0,0,0,0
        Saudi Arabia,0,0.024369682,0.006955404,0.051690822,0.067560465,0.04959147,0.046346649,0.060638874,0.074931099,0.059260077,0.001439981,0.005117727,0.028308584,0.028665993,0.035932162,0.070347278,0.038035653,0.054789969,0.10829938,0.067369592,0.16996604,0.170003721,0.192637227,0.238623304,0.256942086,0.259883264,0.274656192,0.288206913,0.23719849,0.292843391
        Senegal,0,0,0,0,0,0,0,0,0,0,0,0,0.252601953,0.263584647,0.278960418,0.333873886,0.366821967,0.661158156,0.557920836,0.694106237,0.630406614,0.698499314,0.766592015,0.762198937,1.030176662,1.076303975,1.129020904,1.346478238,1.541970184,1.954919464
        Serbia,--,--,--,--,--,--,--,--,--,--,--,--,--,--,--,--,32.4696109,32.92322644,34.17760536,33.03457899,32.49041115,35.65591668,31.3449026,32.56334065,25.4700069,31.8580793,32.24655792,33.45113424,32.49034919,33.27440962
        Seychelles,0,0,0,0,0,0,0,0,0,0,0,0,0,0,0,0,0,0,0,0,0,0,0,0,0,0,0,0,0,0
        Sierra Leone,0,0,0,0,0,0,0,0,0,0,0,0,0,0,0,0,0,0,0,0,0,0,0,0,0,0,0,0,0,0
        Singapore,0.022272098,0.02306393,0.023210885,0.009960627,-0.00307747,0.0125487,-0.005130222,0.002760352,0.002034258,0.000928355,-0.000138354,0.000466552,0.031650676,0.039947354,0.029786373,0.011805962,0.023533762,0.010818077,0.022502992,0.018765552,0.035735588,0.024662743,0.083907566,0.915918474,1.375697145,1.410568619,1.482553839,1.662758999,1.665390566,1.588088136
        Slovakia,--,--,--,30.93497936,26.16063202,26.15952231,25.3410661,22.63093194,20.42208732,19.26700096,17.55458114,18.05406443,17.08999688,18.74539155,18.3783419,17.53009714,18.5341953,17.88364104,17.26312955,15.66734658,15.2423543,15.37275335,14.58607901,13.44910219,13.24861362,13.57726673,12.72771877,13.08177491,13.29724684,11.53699718
        Slovenia,--,--,6.664232864,6.377894655,5.981210856,6.00918301,5.725835638,6.219193961,6.267061839,5.697920842,5.722775779,5.984299811,6.424509979,6.142617983,6.181784424,5.969870712,5.987195505,6.033689442,5.933853357,5.594604144,5.579355334,5.700727122,5.625204973,5.05047125,3.963222203,4.082369721,4.403861254,4.418403296,4.31735067,4.076446521
        Solomon Islands,0,0,0,0,0,0,0,0,0,0,0,0,0,0,0,0,0,0,0,0,0,0,0,0,0,0,0,0,0,0
        Somalia,0,0,0,0,0,0,0,0,0,0,0,0,0,0,0,0,0,0,0,0,0,0,0,0,0,0,0,0,0,0
        South Africa,275.498834,269.7003715,266.1639385,274.1218328,277.8584978,296.3429029,308.5978062,321.2830251,327.608398,312.8140068,323.7506665,320.6413829,331.8402207,352.2012992,353.5468706,360.8151677,368.4098231,379.8585979,379.732045,378.0965644,385.562436,363.6122862,378.6753607,376.7959799,375.2061401,368.2452478,372.7320975,373.2383114,351.9182176,387.8345984
        South Korea,115.7489565,112.751169,104.2318474,107.7003085,108.2105325,110.9688663,124.0682215,132.1700308,136.425376,143.8338093,172.7051483,187.1447341,179.2043765,190.0991915,192.5447808,196.9139398,204.1290445,221.5651844,246.4773194,256.1971016,287.3517013,311.1203894,306.4955753,304.5055091,314.2395336,323.6050152,324.878205,330.3908728,332.5759603,313.1670748
        South Sudan,--,--,--,--,--,--,--,--,--,--,--,--,--,--,--,--,--,--,--,--,--,--,0,0,0,0,0,0,0,0
        Spain,87.22607512,88.23031848,87.43107601,82.35798807,79.7593135,81.28133578,69.02421077,75.69752418,72.73236861,80.1638939,85.0470239,77.84374858,86.28068082,78.83686238,83.49485751,82.94931616,73.14920527,81.55027685,50.67312098,36.21406776,29.0955646,33.26136618,40.34645801,40.67808508,44.78564309,44.97299601,38.73167966,45.79679876,39.11081829,16.82170962
        Sri Lanka,0.001221386,0.001408715,0.001315051,0.001377418,0.001439785,0.00147412,0.00151467,0.00155522,0.00159577,0.000638108,0.002112573,0.001197594,0.000257861,0.000216132,0.001425283,0.000326622,0.000105897,0.109639373,0.119789179,0.096111694,0.439637619,1.206462797,1.936346953,2.044305144,3.990847598,5.46324907,5.781677634,5.999499919,5.797366551,4.70905926
        Sudan,0,0,0,0,0,0,0,0,0,0,0,0,0,0,0,0,0,0,0,0,0,0,0,0,0,0,0,0,0,0
        Suriname,0,0,0,0,0,0,0,0,0,0,0,0,0,0,0,0,0,0,0,0,0,0,0,0,0,0,0,0,0,0
        Sweden,9.335522926,9.116171451,9.45560081,9.093485116,10.5450087,9.693939967,10.45922489,9.196306296,8.955720086,8.507401882,8.655658266,9.585580842,9.972976595,9.751071771,10.13233067,9.390858353,10.15804579,9.37819743,9.246251684,5.893330481,8.604117811,8.002891186,6.864675926,7.182815097,6.775664155,6.735155561,6.839462946,6.693982499,6.989416145,7.457350024
        Switzerland,0.992910567,0.851147637,0.611503086,0.492904177,0.521083678,0.544613171,0.412766997,0.331524213,0.277531167,0.294979794,0.414316414,0.43694617,0.41538794,0.419068406,0.400161107,0.470003225,0.47921902,0.567541886,0.514327523,0.480823926,0.42314605,0.402815005,0.429247154,0.41931393,0.403288405,0.434942362,0.397738458,0.374226333,0.285909357,0.304631275
        Syria,0.001788539,0.002334209,0.004925843,0.001205038,0.011999494,0.019489587,0.015096141,0.011950581,0.012582798,0.011644544,0.015819905,0.011560046,0.004205486,0.012026796,0.003072823,0.007581943,0.017296759,0.01167925,0.005366373,0.009542535,0.012274775,0.018187881,0.021245903,0.015798722,0.009364611,0.015908915,0.025064865,0.039635542,0.0216289,0.045877052
        Taiwan,37.80398043,41.46804701,47.9908772,52.12768036,55.28939802,56.85213429,64.84246887,73.39007419,80.19364608,84.2011883,99.4993984,105.0540968,112.2312909,121.4259458,125.1905763,129.7809109,135.4931931,141.8364182,135.9027011,130.2092123,137.4492641,145.0738596,143.8308623,145.0526728,145.8319018,142.0565195,144.2580046,132.0281,147.3968786,141.4689182
        Tajikistan,--,--,0.535445825,0.654956784,0.175067262,0.118851177,0.087260787,0.079472831,0.068243211,0.054295162,0.061796925,0.062916704,0.08754817,0.113737486,0.205389124,0.21877124,0.230402593,0.394777669,0.429941021,0.428993615,0.434109575,0.479503507,0.908437121,1.101684627,1.864563531,2.215880158,2.925314854,3.776330276,4.10116558,4.362165943
        Tanzania,0.017800953,0.027250384,0.054594849,0.108356982,0.112643749,0.106976425,0.142445262,0.08571609,0.133650874,0.175336564,0.170659162,0.18394738,0.199321995,0.15152889,0.176235311,0.153233637,0.125596829,0.140946451,0.194879657,0.199215604,0.215031311,0.232026586,0.255758142,0.205034776,0.618469878,0.673587853,0.630906625,1.233909151,1.20980812,1.32222207
        Thailand,13.64541312,16.17974359,17.12591034,18.27480072,20.98555836,24.33416255,30.29645861,31.08757002,24.5842898,26.15325915,27.5166898,30.80461854,32.3294376,34.2225276,37.61066186,40.36796798,43.8839356,50.18973217,53.88437618,53.24898289,56.03260141,56.59303366,58.5079469,59.4954509,61.71333439,62.30302276,60.90085986,62.46238549,63.3958501,56.3300229
        The Bahamas,0,0,0,0,0,0,0,0,0,0,0,0,0,0,0,0,0,0,0,0,0,0,0,0,0,0,0,0,0,0
        Timor-Leste,--,--,--,--,--,--,--,--,--,--,--,--,--,0,0,0,0,0,0,0,0,0,0,0,0,0,0,0,0,0
        Togo,0,0,0,0,0,0,0,0,0,0,0,0,0,0,0,0,0,0.203873938,0.186209374,0.252844671,0.319479968,0.287006814,0.237061448,0.213760136,0.310715787,0.302197606,0.320914306,0.32204114,0.598078278,0.705891985
        Tonga,0,0,0,0,0,0,0,0,0,0,0,0,0,0,0,0,0,0,0,0,0,0,0,0,0,0,0,0,0,0
        Trinidad and Tobago,0,0.00234334,0.003797603,0.001035222,0.00285001,0.003239795,0.001146733,0.002890471,0.001931091,0.001038893,0.002044762,0.002735995,0.004043086,0.006766166,0.00500208,0.008084427,0.01041709,0.015416185,0.022685703,0.008209505,0.010939163,0.022620843,0.006265295,0.002750956,0.009441432,0.014004091,0.001809726,0.01228086,0.00623924,0.010385104
        Tunisia,0.393846911,0.348820901,0.390041674,0.449511741,0.39292221,0.327664327,0.364158454,0.300824187,0.146927061,0.407926804,0.361457265,0.342611682,0.247820551,0.186586936,0.079890274,0.038594445,0.018402131,0.005315678,0.013482392,0.014030144,0.015791045,0.018780784,0.013485833,0.016372008,0.013225381,0.008519169,0.010800185,0.015389891,0.012540668,0.012213609
        Turkey,56.57476173,60.09073358,60.898234,57.33439887,61.31784174,63.77364799,71.84500357,80.61378541,86.12892021,81.30687057,92.43622084,77.3783207,78.31492383,83.36730719,83.71110848,96.07867091,107.1670219,124.0802032,117.9847744,121.049638,117.4287598,126.6429645,134.3905056,118.4593407,133.4330247,138.0258396,152.4432503,162.2986283,169.4543323,172.427262
        Turkmenistan,--,--,0.504336462,0.354903555,0.24974703,0.144590504,0,0,0,0,0,0,0,0,0,0,0,0,0,0,0,0,0,0,0,0,0,0,0,0
        Turks and Caicos Islands,0,0,0,0,0,0,0,0,0,0,0,0,0,0,0,0,0,0,0,0,0,0,0,0,0,0,0,0,0,0
        Tuvalu,0,0,0,0,0,0,0,0,0,0,0,0,0,0,0,0,0,0,0,0,0,0,0,0,0,0,0,0,0,0
        U.S. Pacific Islands,0,0,0,0,0,0,0,0,0,0,0,0,0,0,0,0,0,0,0,0,0,0,0,0,0,0,0,0,0,0
        U.S. Territories,0,0,0,0,0,0,0,0,0,0,0,0,0,0,0,0,0,0,0,0,0,0,0,0,0,0,0,0,0,0
        U.S. Virgin Islands,0.021023696,0.035491078,0.059039147,0.066239042,0.070558979,0.071998959,0.071998959,0.07257495,0.073150944,0.073438939,0.07401493,0.079205224,0,0,0,0,0,0,0,0,0,0,0,0,0,0,0,0,0,0
        Uganda,0,0,0,0,0,0,0,0,0,0,0,0,0,0,0,0,0,0,0,0,0,0,0,0,0,0,0,0,0,0
        Ukraine,--,--,285.1778474,256.6762744,204.2906559,193.7044009,144.3616687,144.7407216,147.5009368,154.5929907,156.33882,152.1063934,152.6046918,168.292709,151.1329319,150.5839526,165.0659423,173.8412066,168.700619,144.0045115,152.9952424,167.2388251,168.8569172,165.4872676,141.7912373,119.971881,128.0589386,103.4824349,113.0063725,110.7881906
        United Arab Emirates,0,0,0,0,0,0,0,0,0,0,0.0022561,0.081543958,0.420905865,0.498484463,0.572611525,0.635508566,0.791003526,1.055428111,1.775492169,2.315043884,2.623173151,4.209528365,5.52923445,7.049902952,7.07245758,6.836086871,7.406615121,7.701021811,6.398685042,5.007672001
        United Kingdom,256.5878502,255.3990849,240.9080913,210.7074001,197.8332548,186.8973665,174.0669962,154.0789119,153.9892266,134.8812182,144.6330358,153.0428575,141.2978545,154.4276325,148.3572679,151.2102305,165.0986845,154.0453313,141.9745794,117.0851944,122.0739217,122.2510149,152.616222,147.3865147,120.4394401,94.67892083,48.82474393,39.25902034,33.25472472,23.4393684
        United States,1821.141959,1807.021822,1822.982448,1882.646837,1893.239832,1913.115193,1995.483379,2039.934287,2064.741263,2062.682492,2155.807185,2088.291562,2093.925798,2134.995169,2159.529892,2181.274601,2147.076914,2172.369832,2139.740037,1875.734838,1985.866096,1875.48135,1656.979121,1717.530398,1713.612643,1480.389985,1354.216621,1316.026809,1260.185428,1075.867736
        Uruguay,0,0,0,0,0,0,0,0,0,0,0,0.001831503,0.003228333,0.003689957,0.003962619,0.005074403,0.00501718,0.006741615,0.003147478,0.003608033,0.001435832,0.002141054,0.001046922,0.001096465,0.000945643,0.001327598,0.00185276,0.000448704,0.000433615,0.000316169
        Uzbekistan,--,--,9.629340431,7.883186216,7.894297003,5.253036583,4.229908891,4.087985514,4.268346332,4.241311776,5.12333814,5.294099425,5.290272715,4.05426276,4.798146187,4.657298092,4.98758853,5.274892635,5.139947753,5.353988115,5.320089213,5.71558622,6.373222123,6.369585645,6.346566782,6.589277494,6.867345908,7.1818765,7.670300066,7.815984974
        Vanuatu,0,0,0,0,0,0,0,0,0,0,0,0,0,0,0,0,0,0,0,0,0,0,0,0,0,0,0,0,0,0
        Venezuela,0.457369254,0.446904142,0.417703958,0.441084225,0.556797179,0.611283083,0.609547531,0.573692961,0.36702539,0.319440457,0.471340301,0.456962954,0.371563458,0.338418001,0.336192031,0.30973064,0.475932574,0.713156176,0.637161787,0.742190568,0.798692736,0.880520643,0.939028964,0.8642417,0.794161107,0.543113499,0.452906196,0.339993859,0.127185591,0.110066096
        Vietnam,5.42566248,6.102257952,6.135123898,6.537339796,7.220390849,9.796367835,11.52251992,13.35989099,13.7014376,11.34658079,13.65188937,15.81676949,19.439185,22.87560033,41.3766156,40.61207919,43.84351567,46.95077933,50.88884443,54.19955157,63.82655016,75.02601694,76.70968636,71.17449623,92.56473829,117.7069498,135.0744546,132.2148235,158.6685787,170.8917205
        Wake Island,0,0,0,0,0,0,0,0,0,0,0,0,0,0,0,0,0,0,0,0,0,0,0,0,0,0,0,0,0,0
        Western Sahara,0,0,0,0,0,0,0,0,0,0,0,0,0,0,0,0,0,0,0,0,0,0,0,0,0,0,0,0,0,0
        Yemen,0,0,0,0,0,0,0,0,0,0,0,0,0,0,6.00402E-05,0.000242762,0.000142797,4.92329E-06,0.115277092,0.216144548,0.408273035,0.41787946,0.427485884,0.446698733,0.449100339,0.37465055,0.324216822,0.305003974,0.297799155,0.288192731
        Zambia,0.851893076,0.860432712,0.892327313,0.901735649,0.859723728,0.338126953,0.428561776,0.495023651,0.468921274,0.284588257,0.295350946,0.307556418,0.312515862,0.332964484,0.245567354,0.323983363,0.13561666,0.182041578,0.267234443,0.364738092,0.294449236,0.163326522,0.236471705,0.341023115,0.363177481,0.388692316,0.845773838,1.937094379,2.894102226,3.186293755
        Zimbabwe,11.54732612,11.53311806,10.9821564,11.11579673,10.35460507,9.687523764,8.944714417,7.916714944,8.089730976,9.579259155,9.48504708,9.063814135,8.699702995,7.743017233,7.319648541,7.880761319,7.426334794,7.444316957,5.382826577,5.495101269,6.622609295,6.485794791,7.1529004,7.254804812,7.364455775,7.73005129,6.880534607,5.712487803,4.588966564,4.027143094
