Oil rents (% of GDP),,,NY.GDP.PETR.RT.ZS,,,,,,,,,,,,,,,,,,,,,,,,,,,,,
Country Name,Country Code,1990,1991,1992,1993,1994,1995,1996,1997,1998,1999,2000,2001,2002,2003,2004,2005,2006,2007,2008,2009,2010,2011,2012,2013,2014,2015,2016,2017,2018,2019,2020
Aruba,ABW,0,0,0,0,0,0,0,0,0,0,0,0,0,0,0,0,0,0,0,0,0,0,0,0,0,0,0,0,,,
Africa Eastern and Southern,AFE,1.570861405,0.051282695,0.062958505,0.068224419,0.627399108,0.967339015,1.44377699,1.19432009,0.471959305,1.13156032,2.519099619,1.886290135,2.219023982,1.74559189,3.238122628,4.8048702,5.638358044,6.52603439,10.76695389,4.768677554,6.292785783,7.490967992,5.454908942,5.226038853,4.185563143,1.555786767,1.333344204,2.19795259,2.929332928,2.504784327,
Afghanistan,AFG,,,,,,,,,,,,,0.02910108,0.026685832,0.025399069,0.025973275,0.022144089,0.014695703,0.016138034,0.005457782,0.004964057,0.006616162,0.109759659,0.004017108,0.003166118,0.001076378,0.00087222,0.001295897,0.001938514,0.001627763,
Africa Western and Central,AFW,13.08619731,7.62268531,9.092119348,10.2434348,8.722535168,8.483647598,10.46366487,8.93638028,3.375809658,6.550018281,14.16555743,8.756319677,6.730869073,6.910292003,11.1845682,14.79809497,14.93710924,13.25273568,15.49920602,8.160473373,11.49944305,14.84277114,12.98137457,9.872717463,7.927634803,2.888026865,2.540918305,5.151897968,7.417839837,6.496422458,
Angola,AGO,27.94341003,16.27983673,26.63800664,31.73059654,36.50885151,39.3511349,43.81466546,37.32050846,16.09034555,37.83741687,53.87329439,36.84146335,26.58661813,22.77500244,39.39508812,45.25057071,43.01683456,45.78261637,55.38341936,30.18239771,39.67550426,40.70719732,35.79568651,30.38988354,23.27044658,10.34477721,10.28979071,15.8255471,26.2315111,25.09030304,
Albania,ALB,7.552769602,4.108113118,4.292201849,2.341223579,1.324978994,1.056173413,1.053315115,1.135136245,0.17592099,0.441779765,0.945520258,0.650141974,0.664610136,0.64451264,0.682981057,0.926516999,1.116130858,0.839428176,0.916225276,0.459639845,1.357482152,2.738163087,3.008475661,2.649667207,2.776633513,1.337058538,1.156373062,1.139781815,1.545188075,1.353546427,
Andorra,AND,,,,,,,,,,,,,,,,,,,,,,,,,,,,,,,
Arab World,ARB,24.27997502,20.2741409,21.04644129,20.35465597,18.33057693,18.80824286,21.51636829,18.49546502,12.08599027,16.00830424,25.2726189,20.21669833,19.73515172,22.64235846,28.21144009,35.08563675,35.14132014,31.88059107,36.2238842,22.81936129,27.67687374,33.99896455,32.94814705,29.94875836,26.47057921,15.36323996,12.93134246,16.80839897,21.41154864,19.22386617,
United Arab Emirates,ARE,36.24234246,24.41173971,23.1054209,20.26978283,17.59750369,17.49825469,19.91778472,17.05215208,11.22898719,14.17111984,21.11876578,16.22614008,14.67297205,17.09744635,20.10158003,24.85957236,25.06252785,22.87601288,27.34834029,18.01948453,21.72186138,28.81929552,28.52954561,25.77751274,23.04637103,13.12454356,10.82449631,13.04211312,16.58695057,16.19750695,
Argentina,ARG,2.223465077,0.943813344,0.964139951,0.963019136,0.885737102,1.065655147,1.419268271,1.248429346,0.639270077,1.129849239,1.988696409,1.613399648,4.708040861,4.17733204,4.06691283,4.841347281,4.827765887,3.923236035,4.145675861,2.131029045,2.336068658,2.688902462,2.425584474,2.216786488,2.056850279,0.712016894,0.537246825,0.723847251,1.415096782,1.532573846,
Armenia,ARM,0,0,0,0,0,0,0,0,0,0,0,0,0,0,0,0,0,0,0,0,0,0,0,0,0,0,0,0,0,0,
American Samoa,ASM,,,,,,,,,,,,,0,0,0,0,0,0,0,0,0,0,0,0,0,0,0,0,0,,
Antigua and Barbuda,ATG,0,0,0,0,0,0,0,0,0,0,0,0,0,0,0,0,0,0,0,0,0,0,0,0,0,0,0,0,0,0,
Australia,AUS,1.253724909,0.642433059,0.696086252,0.666532024,0.618007601,0.620470025,0.730279831,0.611584495,0.312685552,0.523036465,1.297913645,0.928857192,0.879958293,0.708159048,0.667582844,0.934197021,0.989480463,0.929552381,1.06806191,0.637010901,0.775216715,0.833347947,0.71593009,0.534822879,0.534261539,0.20609123,0.171619815,0.210123173,0.314528236,0.36874401,
Austria,AUT,0.067495756,0.035566892,0.030003446,0.028081801,0.02337621,0.024013925,0.032144849,0.024974989,0.006678773,0.021094371,0.056171176,0.040528677,0.039559736,0.036860044,0.044050155,0.05672126,0.063944003,0.060162169,0.07351677,0.042362819,0.063797373,0.093193062,0.09095278,0.074783974,0.069577213,0.032624759,0.023109082,0.031692979,0.043672455,0.038360828,
Azerbaijan,AZE,14.41574809,6.562572382,10.88368321,12.41299148,12.57954086,14.48863295,19.64385192,12.44974334,3.677309643,15.33261938,31.11703336,22.52792156,22.42662568,22.98314135,26.28947735,36.02410364,39.68136218,36.41182989,37.08919051,24.61049665,29.37474789,31.82132233,27.82154764,23.71279867,20.48314902,12.06793911,13.19513821,17.85613455,25.30762431,21.86278266,
Burundi,BDI,0,0,0,0,0,0,0,0,0,0,0,0,0,0,0,0,0,0,0,0,0,0,0,0,0,0,0,0,0,0,
Belgium,BEL,0,0,0,0,0,0,0,0,0,0,0,0,0,0,0,0,0,0,0,0,0,0,0,0,0,0,0,0,0,0,
Benin,BEN,1.349128031,0.698483935,1.329752854,0.926694563,1.074522068,0.476212896,0.390142753,0.220770591,0.058344381,0.085002295,0.129550143,0.084787031,0.086011548,0.03496458,0,0,0,0,0,0,0,0,0,0,0,0.057371009,0.053627574,0.096776286,0.130536389,0.116143495,
Burkina Faso,BFA,0,0,0,0,0,0,0,0,0,0,0,0,0,0,0,0,0,0,0,0,0,0,0,0,0,0,0,0,0,0,
Bangladesh,BGD,0.021131861,0.011920818,0.014618349,0.014579908,0.018371563,0.014369923,0.018797695,0.018767379,0.009031671,0.015962043,0.031281081,0.051411459,0.083039226,0.073898051,0.088633633,0.086668218,0.105327271,0.150246637,0.209689066,0.08590237,0.109200661,0.146344074,0.163667983,0.134063363,0.094205747,0.029243276,0.013959308,0.017392018,0.026180524,0.015414129,
Bulgaria,BGR,0.099166337,0.026173517,0.026916026,0.02281995,0.025693003,0.013300919,0.020189665,0.014851685,0.003791654,0.014971902,0.037509445,0.01819252,0.020498684,0.015310989,0.027982986,0.035644458,0.037279988,0.031447308,0.036158769,0.019978661,0.029624381,0.039634412,0.040767761,0.0357981,0.031477937,0.014923731,0.011206991,0.015719926,0.022683366,0.019667174,
Bahrain,BHR,8.618807383,4.33862149,4.277814668,4.117225883,3.502558117,3.611238171,3.691477652,3.655850582,2.227848587,3.083296985,3.903122215,3.132440162,2.969841968,3.069544692,3.360900603,3.873910921,3.995832149,3.656463921,4.165469268,2.727680106,3.33562895,4.310552924,4.767634494,5.055125613,4.574628488,2.447404534,1.813722117,1.963743591,2.425645707,2.150062311,
"Bahamas, The",BHS,0,0,0,0,0,0,0,0,0,0,0,0,0,0,0,0,0,0,0,0,0,0,0,0,0,0,0,0,0,0,
Bosnia and Herzegovina,BIH,,,,,0,0,0,0,0,0,0,0,0,0,0,0,0,0,0,0,0,0,0,0,0,0,0,0,0,0,
Belarus,BLR,1.186980827,0.557718944,0.596514346,0.605350845,0.604524876,0.695850375,0.8747556,0.719754805,0.170263664,0.768344627,1.690396349,1.282838248,1.136544042,1.099216041,1.150823046,1.235005714,1.214640954,1.079462594,1.127210443,0.673974665,0.895421856,1.252484951,1.126977043,0.875074994,0.743865518,0.421769563,0.385046135,0.513979546,0.560376168,0.725318666,
Belize,BLZ,0,0,0,0,0,0,0,0,0,0,0,0,0,0,0,0.0424088,3.007680709,3.920708317,5.88913997,3.417589635,4.858489664,6.528303097,4.440270638,3.11510043,2.153244666,0.788575477,0.56191238,0.899699271,1.36012943,1.216556956,
Bermuda,BMU,0,0,0,0,0,0,0,0,0,0,0,0,0,0,0,0,0,0,0,0,0,0,0,0,0,0,0,0,0,0,
Bolivia,BOL,2.807314718,1.451006356,1.484193702,1.399825209,1.348747163,1.615490698,2.083506125,1.595739717,0.929678396,1.542275024,2.645903183,2.278607799,2.342402406,2.469904942,4.949381486,7.24778524,6.884564094,6.239540668,5.277180838,2.203438524,2.843503925,3.661508734,3.685785481,3.50607368,3.149983172,1.340657277,1.028853278,1.545370836,2.221514719,1.972567191,
Brazil,BRA,0.888827836,0.385817187,0.623325021,0.563715636,0.421958964,0.347851403,0.477631044,0.417701964,0.25312816,0.753978124,1.43771967,1.250926695,1.649315774,1.82374728,2.012109497,2.499313495,2.507835545,2.079419971,2.422498715,1.320264226,1.50085265,1.991613263,2.009203062,1.854939449,1.867469661,1.076084346,0.820121601,1.235338074,2.053806271,2.038195857,
Barbados,BRB,0.388069968,0.219261253,0.28535619,0.24182186,0.195643533,0.22564461,0.216161393,0.157983243,0.128197178,0.257022855,0.371341868,0.22481189,0.185329027,0.212054228,0.264647832,0.357157672,0.420549773,0.355577638,0.473749236,0.252706198,0.356179037,0.531359629,0.521252076,0.48458429,0.433147947,0.168746667,0.121477368,0.195257685,0.294328608,0.258224679,
Brunei Darussalam,BRN,28.87150341,16.67882014,16.6715802,16.59110338,15.20792843,13.93389129,15.58934713,13.9256205,8.90246738,14.91423071,24.02005421,18.64532661,15.47564748,16.71631331,21.22726296,27.96487015,29.29576018,21.60763361,22.7312115,15.2741269,17.75452637,23.89667805,20.88083582,17.00790909,14.85157849,7.708450648,6.852915942,8.811314338,11.65617792,11.61961404,
Bhutan,BTN,0,0,0,0,0,0,0,0,0,0,0,0,0,0,0,0,0,0,0,0,0,0,0,0,0,0,0,0,0,0,
Botswana,BWA,0,0,0,0,0,0,0,0,0,0,0,0,0,0,0,0,0,0,0,0,0,0,0,0,0,0,0,0,0,0,
Central African Republic,CAF,0,0,0,0,0,0,0,0,0,0,0,0,0,0,0,0,0,0,0,0,0,0,0,0,0,0,0,0,0,0,
Canada,CAN,1.601367276,1.066117175,1.181356985,1.116083107,0.998850181,1.075073515,1.347560475,0.863363511,0.365183496,0.788534866,1.46479266,0.809433727,0.883722775,1.003161721,1.359840018,1.667201044,1.557080792,1.596254671,2.618797981,1.414540686,1.480755992,2.027015324,1.235929049,1.454364884,1.237204798,0.037848988,0.46691419,0.888591779,1.780506536,1.604777842,
Central Europe and the Baltics,CEB,0.489056255,0.210659262,0.205145514,0.188706791,0.160984212,0.141816364,0.184553984,0.149579879,0.03298714,0.11645722,0.266239595,0.185494213,0.173635744,0.163451167,0.18186665,0.205782775,0.201842447,0.170964923,0.201589881,0.127049562,0.17470728,0.238628089,0.230257027,0.202377542,0.170638014,0.081575638,0.063344298,0.08490101,0.12021864,0.10657282,
Switzerland,CHE,0,0,0,0,0,0,0,0,0,0,0,0,0,0,0,0,0,0,0,0,0,0,0,0,0,0,0,0,0,0,
Channel Islands,CHI,,,,,,,,,,,,,,,,,,,,,,,,,,,,,,,
Chile,CHL,0.393011232,0.165888027,0.130172857,0.110897843,0.076359062,0.055421048,0.060232848,0.038030677,0.022422988,0.041065322,0.064489426,0.050556523,0.049534065,0.053983891,0.051361325,0.049026003,0.031165542,0.024414512,0.039019605,0.024114681,0.03074612,0.044995532,0.054712069,0.054267732,0.051382234,0.020420417,0.010363455,0.011380767,0.015058464,0.015442066,
China,CHN,5.215755483,2.832139885,2.816622984,2.685009684,1.929902388,1.652343706,1.886274197,1.5123459,0.716771747,1.109126057,2.008068844,1.322038901,1.264214425,1.323050754,1.671976705,2.2626532,2.275851084,1.863117142,2.034697868,0.950748492,1.24346298,1.526614791,1.329819033,1.110018963,0.899303002,0.336653518,0.254905626,0.331717046,0.434241039,0.383458588,
Cote d'Ivoire,CIV,0.122465763,0.066117602,0.054141971,0.016450085,0.238057983,0.251199578,0.607071223,0.616721881,0.2271495,0.378704142,0.707246696,0.435666145,0.434172599,0.577813062,1.314686645,3.008109865,5.595021399,4.606100971,6.357019528,2.86994957,3.228322402,4.24366106,3.741214841,2.828445121,2.028836891,0.432285327,0.503856574,0.851773089,1.116157297,1.047500542,
Cameroon,CMR,9.544014538,4.268143957,4.945351107,2.968454857,2.96381963,3.963993282,4.732144345,4.409117308,1.633128515,2.790335318,5.545374049,3.278904744,2.706300695,2.148490765,3.174635448,6.047459953,7.177092689,6.682403715,8.047572417,3.576366268,4.556698243,5.718401397,5.72218111,4.636605203,4.271927695,2.121041347,1.680715857,2.500771344,3.120622428,2.801794809,
"Congo, Dem. Rep.",COD,2.050401291,1.009041424,1.272175665,0.848609416,1.313132299,1.830806369,2.394125575,1.791633187,0.618500957,1.459140828,0.897970957,1.431576072,1.165571029,1.148393157,1.71703364,2.175919738,2.225064823,2.388624284,2.635730971,1.427403755,1.78642479,2.125647949,1.803953648,1.463079567,1.110008968,0.353079115,0.321184607,0.577883404,0.934202287,0.748707833,
"Congo, Rep.",COG,36.78577429,19.8875031,22.93262238,35.03766368,30.50930639,29.25688607,36.32687115,37.27141671,19.38184903,35.3457734,54.25658929,39.34372647,35.20551376,28.89463201,40.51548891,48.92111282,55.45776661,46.00593703,53.10660529,34.35569819,43.79645697,52.30279476,41.82806157,32.28797905,28.37302417,13.11597993,13.38691378,27.85178085,42.77981507,43.44957681,
Colombia,COL,6.065850372,3.228320022,3.017993826,2.645542993,1.974746978,2.458407101,3.337858445,2.733819169,1.77772591,3.881906671,5.106510081,3.323068595,3.395600326,3.892157853,4.116053938,4.916238822,5.249429474,4.284767499,5.504779804,3.261847456,4.418067903,6.76150435,6.115073137,5.991554822,5.287946554,2.730634075,1.836707509,2.660643086,3.879382374,3.677539789,
Comoros,COM,0,0,0,0,0,0,0,0,0,0,0,0,0,0,0,0,0,0,0,0,0,0,0,0,0,0,0,0,0,0,
Cabo Verde,CPV,0,0,0,0,0,0,0,0,0,0,0,0,0,0,0,0,0,0,0,0,0,0,0,0,0,0,0,0,0,0,
Costa Rica,CRI,0,0,0,0,0,0,0,0,0,0,0,0,0,0,0,0,0,0,0,0,0,0,0,0,0,0,0,0,0,0,
Caribbean small states,CSS,5.604549923,3.229458631,3.25457049,2.856782062,2.445140846,2.436972274,2.933532608,2.091934151,1.010531872,1.72943368,2.949005512,1.955920246,2.104866452,2.527639808,2.847601922,4.397883054,4.611815733,3.761954786,4.349229299,2.427438908,2.981193452,3.198669403,2.974704162,2.695965675,2.385100704,0.937438205,0.775833038,1.249455357,1.672971445,1.395350045,
Cuba,CUB,0.318022414,0.212560939,0.288972018,0.343194846,0.295902617,0.325843465,0.612688995,0.518678885,0.271877492,0.534952273,0.996062793,0.852640165,0.810628263,1.045816982,1.382294529,1.672069878,1.578834107,1.433254371,1.947757714,0.876791966,1.329359298,1.901214612,1.708406334,1.498242817,1.286305372,0.447435372,0.295390627,0.441582236,0.688508777,,
Curacao,CUW,,,,,,,,,,,,,,,,,,,,,,,,,,,,,,,
Cayman Islands,CYM,,,,,,,,,,,,,,,,,0,0,0,0,0,0,0,0,0,0,0,0,0,,
Cyprus,CYP,0,0,0,0,0,0,0,0,0,0,0,0,0,0,0,0,0,0,0,0,0,0,0,0,0,0,0,0,0,0,
Czech Republic,CZE,0.012659394,0.011092831,0.012072857,0.013516553,0.012237557,0.012386469,0.016113317,0.014805167,0.003846208,0.014430555,0.033160654,0.023345784,0.029573853,0.034433222,0.03770471,0.049114363,0.043913269,0.036467181,0.040476529,0.022450054,0.025379052,0.033017257,0.033110863,0.029237348,0.025911514,0.010379548,0.007237444,0.009251094,0.013399611,0.008737261,
Germany,DEU,0.021233331,0.008745837,0.007882787,0.007361302,0.00609534,0.005774188,0.008221462,0.00715933,0.001881103,0.006431686,0.019088684,0.014585678,0.015560207,0.016071938,0.018199235,0.026247507,0.029276571,0.027696654,0.032112077,0.017088892,0.022066991,0.032228168,0.032700695,0.028380959,0.022673671,0.010966974,0.00825279,0.011274266,0.015765569,0.013220674,
Djibouti,DJI,0,0,0,0,0,0,0,0,0,0,0,0,0,0,0,0,0,0,0,0,0,0,0,0,0,0,0,0,0,0,
Dominica,DMA,0,0,0,0,0,0,0,0,0,0,0,0,0,0,0,0,0,0,0,0,0,0,0,0,0,0,0,0,0,0,
Denmark,DNK,0.446993447,0.242481416,0.261275277,0.289145772,0.268404799,0.254073889,0.393271619,0.370711592,0.095598977,0.427624414,1.286550782,0.904710523,0.943507733,0.908520181,1.137473603,1.531254231,1.566465259,1.360635617,1.598900806,0.856280567,1.156727108,1.484748769,1.37434543,1.032181081,0.846549891,0.393694127,0.27286466,0.386064205,0.487574099,0.396754908,
Dominican Republic,DOM,0,0,0,0,0,0,0,0,0,0,0,0,0,0,0,0,0,0,0,0,0,0,0,0,0,0,0,0,0,0,
Algeria,DZA,16.5087896,13.49891655,13.84306144,12.20415182,12.91858471,14.33358523,16.81902885,15.16319019,9.221253177,13.3524366,20.61764465,17.56732505,18.39381448,20.22610117,22.22780267,29.04099614,30.66448924,28.72127928,30.49558502,20.614996,23.40559844,27.27702151,26.16948914,23.85658099,20.49367409,12.8196651,10.04454345,12.15671964,15.62365219,14.39475889,
East Asia & Pacific (excluding high income),EAP,5.12105475,2.800322984,2.765944389,2.515318284,1.897176805,1.712455274,1.973349576,1.683907818,0.944183995,1.411293521,2.538512561,1.70319902,1.587020869,1.644264115,2.097644175,2.769428531,2.736957723,2.240456078,2.500596855,1.194888549,1.486073962,1.816749664,1.596598209,1.342406844,1.098610718,0.423218075,0.327797024,0.424659959,0.555396044,0.478066581,
Early-demographic dividend,EAR,9.540662665,5.509475807,5.364151857,5.348575253,4.741535823,4.952977403,5.881150323,4.982480179,2.951205558,4.230376061,6.996347667,5.479197571,5.606559088,6.340893566,7.595319628,9.902765509,10.09775473,8.746528633,10.61222891,5.756157475,6.729019178,8.558194174,8.317465739,7.442572632,6.360313887,2.967286885,2.408162906,3.092843683,4.023353589,2.983232537,
East Asia & Pacific,EAS,0.823464562,0.429004063,0.433846187,0.385028329,0.309685186,0.303781794,0.415554145,0.386543575,0.219445446,0.323738089,0.610873047,0.46544717,0.468484521,0.490304776,0.638722277,0.9188732,1.030482138,0.953885876,1.167506356,0.587851481,0.759459983,0.972969617,0.887242448,0.80195212,0.687392542,0.275142181,0.209477132,0.27702317,0.37329904,0.330304324,
Europe & Central Asia (excluding high income),ECA,6.261259719,3.038366181,2.816834076,2.475433605,2.378576858,2.565081331,3.542519006,2.740107635,0.746944072,3.118719865,6.715074624,5.373332436,5.444730833,5.605538388,6.261460344,7.424946349,7.567202541,6.614828891,7.553885389,5.22425814,6.42573054,7.935947961,7.267384434,6.281750741,6.069835234,3.363924697,2.846777108,3.935066787,6.249844835,5.633870923,
Europe & Central Asia,ECS,0.871696427,0.369497684,0.343077511,0.345042891,0.309319037,0.315245769,0.444978044,0.374522467,0.09284639,0.334353282,0.827278433,0.629532367,0.643758895,0.65140174,0.78801746,1.069935811,1.19182443,1.127088417,1.429630735,0.86612651,1.21299175,1.635950331,1.615171248,1.400231898,1.246133627,0.618132874,0.501464671,0.731909764,1.11225338,1.018445007,
Ecuador,ECU,12.17105498,6.499324759,7.074177224,6.97612676,5.638541133,6.182566871,8.028439283,6.039438561,3.023748353,7.591825324,16.02477073,9.089467446,7.929424927,8.633673149,13.15674913,17.48681707,18.45606865,16.65515372,18.51395192,8.768043806,11.26863245,15.58888474,13.76698182,12.53818656,11.09595783,4.351543513,3.218096818,4.965792171,7.169529402,6.675261872,
"Egypt, Arab Rep.",EGY,17.63090755,12.32982516,11.64300689,9.977631579,8.213342254,7.87977091,8.767955667,6.337082578,3.561327657,5.178967029,7.161538045,5.658862012,6.50277594,8.036682462,10.24847331,12.31974664,12.11046949,10.57320771,11.89882035,6.120875819,7.117276795,9.580887715,8.206369614,7.653037419,6.515535886,3.091911172,2.335343399,4.213188383,5.570275927,4.01867897,
Euro area,EMU,0.031090247,0.013963022,0.01250457,0.012688225,0.012057102,0.011236288,0.014718996,0.01250643,0.00306698,0.009076086,0.022775445,0.016126156,0.018859795,0.01818991,0.020557668,0.028318733,0.030282273,0.030266832,0.035370547,0.018416495,0.027552482,0.040926553,0.041335895,0.036566275,0.033002016,0.015448657,0.00959955,0.014083175,0.021834589,0.01828467,
Eritrea,ERI,,,0,0,0,0,0,0,0,0,0,0,0,0,0,0,0,0,0,0,0,0,,,,,,,,,
Spain,ESP,0.015229092,0.009062109,0.008873659,0.008448679,0.007259486,0.005441149,0.005710872,0.003602532,0.001262935,0.00243796,0.00463146,0.004848106,0.004128235,0.003922801,0.004120479,0.002858418,0.003049429,0.002606324,0.003227521,0.001634293,0.00270361,0.003334013,0.004989653,0.010779289,0.008173736,0.002939417,0.001304972,0.001591362,0.001842751,0.000733917,
Estonia,EST,,,,0.045666456,0.040861794,0.048181944,0.072181901,0.059099843,0.01364763,0.048044816,0.122562338,0.067241391,0.055374121,0.097969823,0.108500136,0.153676248,0.171004702,0.333485269,0.695854597,0.613390191,1.113979299,1.730451727,1.177523441,0.815190544,0.577715709,0.282929854,0.208426805,0.267928594,0.354408456,0.287821727,
Ethiopia,ETH,0,0,0,0,0,0,0,0,0,0,0,0,0,0,0,0,0,0,0,0,0,0,0,0,0,0,0,0,0,0,
European Union,EUU,0.051512805,0.024139591,0.022906571,0.0242187,0.022777977,0.022417508,0.030897466,0.027248448,0.00666093,0.023915823,0.064416478,0.04567308,0.048523627,0.046108294,0.054983671,0.073724833,0.076790676,0.069873551,0.083125048,0.044966976,0.06359562,0.086901615,0.085511211,0.071959855,0.062394554,0.029314686,0.02002771,0.02865461,0.041217184,0.035020644,
Fragile and conflict affected situations,FCS,15.32150204,11.76201498,12.98296582,13.63544755,12.87494771,12.68778377,16.38443344,13.15166022,6.837482525,10.51495861,17.27786865,12.80151152,12.82173527,14.27303474,21.57867327,26.06263885,25.58242673,22.24168454,25.00476224,13.73959519,16.73068843,21.08074485,19.43964077,16.45288912,13.11025349,7.09749705,6.580965979,10.20091541,13.96144237,12.63114666,
Finland,FIN,0,0,0,0,0,0,0,0,0,0,0,0,0,0,0,0,0,0,0,0,0,0,0,0,0,0,0,0,0,0,
Fiji,FJI,0,0,0,0,0,0,0,0,0,0,0,0,0,0,0,0,0,0,0,0,0,0,0,0,0,0,0,0,0,0,
France,FRA,0.024545852,0.011051009,0.010531635,0.01035632,0.009126697,0.007932261,0.009536702,0.006866328,0.001631443,0.005198669,0.012385861,0.008688321,0.008183572,0.007043695,0.008084608,0.010354717,0.011891073,0.010422845,0.013143327,0.007009305,0.010217946,0.01417617,0.013330471,0.011330678,0.009631261,0.005163267,0.00400561,0.005420549,0.008395327,0.007199358,
Faroe Islands,FRO,,,,,,,,,0,0,0,0,0,0,0,0,0,0,0,0,0,0,0,0,0,0,0,0,0,,
"Micronesia, Fed. Sts.",FSM,0,0,0,0,0,0,0,0,0,0,0,0,0,0,0,0,0,0,0,0,0,0,0,0,0,0,0,0,0,,
Gabon,GAB,29.97673427,18.87355825,21.42605208,26.01601616,22.81710584,25.32959994,29.79639195,26.78047884,11.23862069,22.18251653,40.97659915,23.84778498,21.13166481,17.29601688,25.79891429,36.63717931,36.93083574,35.37993158,41.6456345,24.18436547,31.38424662,36.10687065,35.40798321,29.89039249,24.08556881,9.928434319,8.964961602,15.40173009,20.32417114,18.80132063,
United Kingdom,GBR,0.850266687,0.373839717,0.39377544,0.444692033,0.471719002,0.468898611,0.643632465,0.451709815,0.112688564,0.406078677,0.798433022,0.596117023,0.583433758,0.548968047,0.559765633,0.69207885,0.704219067,0.674504685,0.936431161,0.572159579,0.743860368,0.878101552,0.722801217,0.572454255,0.460207265,0.230328312,0.208795297,0.31673492,0.524983099,0.489482893,
Georgia,GEO,0.245139186,0.142047574,0.182944199,0.076675033,0.083043953,0.093947012,0.293109196,0.213565253,0.04687051,0.165439519,0.417155563,0.263434837,0.19775201,0.377850148,0.279348172,0.222797322,0.211808055,0.156052639,0.162450186,0.098117426,0.127277996,0.153676528,0.130396078,0.111090663,0.087519397,0.040274177,0.031059949,0.036641012,0.051465258,0.030838129,
Ghana,GHA,0,0,0.069040476,0.0974594,0.074838648,0.213082234,0.398489354,0.279490442,0.095736836,0.24287443,0.926094805,0.584349307,0.509514452,0.427881759,0.660937877,0.736161183,0.47194249,0.436058714,0.546759901,0.278702056,0.409620124,5.29883508,5.018554884,3.750869866,3.900456757,1.410833956,1.066320389,2.959143227,4.613835742,4.696087724,
Gibraltar,GIB,,,,,,,,,,,,,,,,,,,,,,,,,,,,,,,
Guinea,GIN,0,0,0,0,0,0,0,0,0,0,0,0,0,0,0,0,0,0,0,0,0,0,0,0,0,0,0,0,0,0,
"Gambia, The",GMB,0,0,0,0,0,0,0,0,0,0,0,0,0,0,0,0,0,0,0,0,0,0,0,0,0,0,0,0,0,0,
Guinea-Bissau,GNB,0,0,0,0,0,0,0,0,0,0,0,0,0,0,0,0,0,0,0,0,0,0,0,0,0,0,0,0,0,0,
Equatorial Guinea,GNQ,0,0.312498859,4.771111887,12.02483778,14.43976767,12.13079999,33.74985544,45.68664746,32.04579831,51.3239555,,,,,,,54.58086686,47.57139499,44.68432024,25.97173906,33.51493683,35.43973636,34.15119675,29.45167728,23.76934117,12.67798268,12.08686442,17.84517458,22.66219317,22.26492392,
Greece,GRC,0.07825635,0.0361782,0.028463965,0.024915311,0.019909789,0.016616674,0.019457364,0.017739727,0.0031962,0.000606617,0.021230632,0.015702579,0.009336996,0.007546646,0.008644873,0.011477777,0.008625725,0.00546485,0.005549375,0.003676007,0.011642061,0.013838995,0.014959492,0.01034408,0.008777851,0.004135843,0.009797013,0.012543638,0.028101375,0.021947046,
Grenada,GRD,0,0,0,0,0,0,0,0,0,0,0,0,0,0,0,0,0,0,0,0,0,0,0,0,0,0,0,0,0,0,
Greenland,GRL,0,0,0,0,0,0,0,0,0,0,0,0,0,0,0,0,0,0,0,0,0,0,0,0,0,0,0,0,0,,
Guatemala,GTM,0.34023312,0.172703317,0.183381616,0.236139092,0.224005751,0.250196445,0.418219677,0.394431074,0.276588435,0.501358456,0.796118393,0.608944586,0.498637236,0.682981868,0.753579226,0.859937357,1.074443538,0.770633613,0.899255466,0.404029413,0.466552793,0.568414773,0.505067263,0.427077405,0.353453542,0.126216837,0.086841634,0.131096208,0.195389083,0.154707855,
Guam,GUM,,,,,,,,,,,,,0,0,0,0,0,0,0,0,0,0,0,0,0,0,0,0,0,,
Guyana,GUY,0,0,0,0,0,0,0,0,0,0,0,0,0,0,0,0,0,0,0,0,0,0,0,0,0,0,0,0,0,0.715417738,
High income,HIC,0.933583668,0.571643698,0.581724082,0.547959336,0.467103094,0.462918424,0.593731282,0.500752913,0.26537668,0.427435926,0.805317623,0.587966348,0.561812203,0.635106714,0.789691274,1.110854171,1.194329187,1.144617041,1.577747134,0.884031092,1.177895819,1.66371054,1.617960142,1.544903113,1.365464184,0.640470317,0.559462471,0.733339879,1.048934201,0.94516185,
"Hong Kong SAR, China",HKG,0,0,0,0,0,0,0,0,0,0,0,0,0,0,0,0,0,0,0,0,0,0,0,0,0,0,0,0,0,0,
Honduras,HND,0,0,0,0,0,0,0,0,0,0,0,0,0,0,0,0,0,0,0,0,0,0,0,0,0,0,0,0,0,0,
Heavily indebted poor countries (HIPC),HPC,1.955808028,0.915163783,1.172535039,1.205900776,0.882412797,0.98468349,1.348615977,1.179853297,0.486157458,1.076259225,2.458339418,1.736972188,1.630135284,1.615176009,3.382259168,4.984507107,5.623135909,5.22460866,6.255456303,2.931345615,4.289946376,5.590948684,3.390688087,2.82124589,2.352823601,0.795388194,0.695853714,1.381643825,2.084773631,1.912299721,
Croatia,HRV,,,,,,0.41641956,0.517004702,0.389611188,0.08568899,0.310772321,0.601209362,0.396134532,0.43107544,0.296143199,0.331552863,0.38551406,0.39816646,0.365750584,0.393814424,0.29910947,0.420974471,0.547534558,0.47007474,0.412235101,0.34201047,0.192505382,0.16080547,0.232557569,0.334283902,0.296795321,
Haiti,HTI,0,0,0,0,0,0,0,0,0,0,0,0,0,0,0,0,0,0,0,0,0,0,0,0,0,0,0,0,0,0,
Hungary,HUN,,0.232587751,0.216826054,0.209356635,0.20120196,0.190521961,0.245778223,0.209350025,0.037950175,0.126992719,0.332620907,0.216710222,0.161764,0.157802993,0.167000122,0.180806783,0.197780733,0.162836411,0.198036718,0.126445486,0.16307574,0.208496754,0.221260874,0.17638387,0.146273774,0.072450627,0.064922172,0.090843718,0.145104128,0.145847005,
IBRD only,IBD,6.0315157,2.667566732,2.719875642,2.823250758,2.387329004,2.408742391,2.962766653,2.473760553,1.291172482,2.341992889,4.158216633,3.133027157,3.258621926,3.554030869,4.608303032,5.84767768,6.017443564,5.197530611,6.067342222,3.306193113,3.912935211,4.795541585,4.522279811,3.911352369,3.370719987,1.500388668,1.229678624,1.673674526,2.216404875,1.807932693,
IDA & IBRD total,IBT,6.055243203,2.758069133,2.857995211,2.949495122,2.491621543,2.517357529,3.09025258,2.578035746,1.332684988,2.418885176,4.321047135,3.23518171,3.31947383,3.607785113,4.732656884,6.029310476,6.183957755,5.346095203,6.243041057,3.3694598,4.04838355,4.962170814,4.585992233,3.948828458,3.387441434,1.478036284,1.207293561,1.67901835,2.240798829,1.841894232,
IDA total,IDA,6.326639016,3.733760537,4.411731623,4.567212377,4.031206358,4.090949271,4.930090721,4.117286097,1.918795494,3.441893952,6.388609361,4.559309321,4.052778987,4.260402952,6.27501148,8.344982395,8.273927323,7.315196866,8.651070076,4.220462373,5.971261428,7.447694197,5.52829142,4.480105387,3.616656515,1.191532612,0.909511858,1.754834455,2.58883965,2.316162141,
IDA blend,IDB,10.19819062,5.678281164,6.905950609,7.44384973,5.541321985,5.698744402,6.984782861,5.780388245,2.277903689,4.529840974,8.999803092,6.034914547,5.093998967,5.359404114,8.186613645,10.74719845,10.2184149,9.121376866,10.99024469,5.596296883,8.056413445,10.15057369,8.691877198,6.848312231,5.451218923,1.917464189,1.592894523,3.166121997,4.739593693,4.333143497,
Indonesia,IDN,9.333683437,5.234791412,4.966786182,3.949073213,3.167593754,3.017042751,3.498528285,3.181994328,3.649379412,3.965285082,6.465635417,4.480144027,3.535391102,3.171137576,3.998432895,5.258280602,4.652071341,3.903636298,4.693985915,2.23957544,2.323502501,2.85826847,2.55732372,2.28559516,1.964774573,0.788731,0.638892182,0.834545476,1.176174043,0.94587769,
IDA only,IDX,3.063977547,2.124374507,2.248183812,2.401707882,2.769025556,2.712385546,3.146906054,2.709377831,1.629970752,2.5479431,4.228273412,3.32939668,3.16735373,3.318704029,4.512639129,6.005924974,6.229188087,5.491798501,6.191789576,2.919134771,3.920909536,4.670493618,2.064516492,1.968150732,1.655764578,0.457459436,0.273639491,0.552621479,0.795296649,0.652584505,
Isle of Man,IMN,,,,,,,,,,,,,,,,,,,,,,,,,,,,,,,
India,IND,1.741134808,1.126706557,0.957900525,0.890831445,0.778815415,0.932049987,1.005647274,0.909366575,0.491262137,0.720579179,1.187827812,0.86637408,0.877973863,0.874924008,1.039183683,1.278302035,1.389688817,1.185832764,1.596356958,0.677677975,0.811983564,1.342550987,1.303833464,1.154074938,0.927377893,0.354014207,0.234217169,0.322149817,0.452287397,0.361661241,
Not classified,INX,,,,,,,,,,,,,,,,,,,,,,,,,,,,,,,
Ireland,IRL,0,0,0,0,0,0,0,0,0,0,0,0,0,0,0,0,0,0,0,0,0,0,0,0,0,0,0,0,0,0,
"Iran, Islamic Rep.",IRN,21.47498313,,,28.9984003,23.96385437,19.46927598,19.69438054,18.66734612,11.93885556,17.23654245,31.38666057,22.31220511,20.72397847,22.06988136,25.24594911,32.36504935,31.94553523,25.34650372,30.04429938,17.30279081,20.53004318,24.75943522,20.18934791,23.15050588,23.1050721,12.76753869,11.8369838,15.89807996,20.405599,,
Iraq,IRQ,9.843471079,,,,,,,,,,,,,,65.84599775,66.56408132,64.70462134,53.23768955,55.20001243,38.20891796,42.44213518,50.21417884,48.89736152,44.55339387,44.30182004,34.01128189,30.28150462,36.09883359,44.79034495,39.61544525,
Iceland,ISL,0,0,0,0,0,0,0,0,0,0,0,0,0,0,0,0,0,0,0,0,0,0,0,0,0,0,0,0,0,0,
Israel,ISR,0.002931555,0.001556023,0.001457788,0.001027235,0.000549185,0.000513286,0.001169809,0.001518052,0.000625048,0.000942107,0.00056253,0.000465142,0.00063896,0.000427862,0.000663779,0.001242506,0.00137118,0.001266775,0.001415351,0.00086022,0.001046729,0.005290562,0.005413584,0.004561534,0.003888514,0.001941378,0.001457375,0.001749199,0.002291357,0.001933171,
Italy,ITA,0.041942637,0.017174462,0.017975654,0.022303261,0.020950989,0.023406481,0.030523074,0.027818921,0.006535529,0.021175965,0.048274502,0.031449304,0.041030636,0.039530333,0.046009459,0.072742056,0.078794455,0.076801697,0.088830108,0.044975548,0.074121671,0.109284223,0.117768228,0.106085444,0.099204334,0.046671378,0.024999849,0.040678109,0.069756469,0.059759767,
Jamaica,JAM,0,0,0,0,0,0,0,0,0,0,0,0,0,0,0,0,0,0,0,0,0,0,0,0,0,0,0,0,0,0,
Jordan,JOR,0.062595486,0.0364235,0.006230154,0.001863002,0.001525666,0.00153182,0.0037034,0.003202021,0.001832205,0.002707535,0.004387915,0.003386422,0.001615729,0.001775291,0.002097803,0.002811001,0.002797461,0.002651471,0.005374956,0.001456883,0.001807605,0.002404725,0.002253264,0.001984198,0.001677425,0.000850612,0.000657174,0.000238806,0.000978519,0.000967125,
Japan,JPN,0.002379283,0.001604757,0.001838408,0.001458856,0.000825583,0.000818712,0.001230243,0.001006302,0.000511753,0.000654504,0.001069697,0.000787365,0.000718769,0.00072543,0.001168683,0.001965373,0.002235615,0.002218292,0.002919046,0.001298356,0.001626754,0.002297684,0.002200968,0.002280065,0.002173158,0.000836117,0.000569898,0.001527199,0.001041035,0.001170546,
Kazakhstan,KAZ,11.85650395,5.989477913,4.760464671,4.546217073,4.761916422,5.401660573,8.061839543,6.579518347,1.734208839,9.825474329,22.87492955,15.76362396,17.66009804,18.2277919,20.57719567,23.74451479,21.22698814,18.49402436,21.48390887,14.20488654,16.63517573,19.5000037,17.27301148,14.32563708,13.61513031,6.753169056,7.142181512,9.981196361,15.58095905,13.83727639,
Kenya,KEN,0,0,0,0,0,0,0,0,0,0,0,0,0,0,0,0,0,0,0,0,0,0,0,0,0,0,0,0,0.00529295,0.022073329,
Kyrgyz Republic,KGZ,0.517093811,0.226456493,0.235659458,0.228627658,0.206495394,0.287128415,0.364422307,0.361871201,0.069033529,0.312417004,0.848566876,0.56091071,0.430031903,0.388145115,0.464357348,0.864822701,0.903457676,0.368733026,0.394437027,0.222291018,0.340942383,0.414530913,0.387499584,0.324930991,0.294104586,0.120833212,0.083633738,0.101740987,0.135973726,0.159577626,
Cambodia,KHM,,,,0,0,0,0,0,0,0,0,0,0,0,0,0,0,0,0,0,0,0,0,0,0,0,0,0,0,0,
Kiribati,KIR,0,0,0,0,0,0,0,0,0,0,0,0,0,0,0,0,0,0,0,0,0,0,0,0,0,0,0,0,0,0,
St. Kitts and Nevis,KNA,0,0,0,0,0,0,0,0,0,0,0,0,0,0,0,0,0,0,0,0,0,0,0,0,0,0,0,0,0,0,
"Korea, Rep.",KOR,0,0,0,0,0,0,0,0,0,0,0,0,0,0,0.000383642,0.001656364,0.001456292,0.000943684,0.000989596,0.001145148,0.001736634,0.001778009,0.001548361,0.001447371,0.000814937,0.000190489,0.000144169,0.00039608,0.000464975,0.000378069,
Kuwait,KWT,55.3452496,9.103082931,29.47364034,40.40166937,38.78035557,38.98686896,42.11800515,38.37744496,29.12719239,34.75303817,51.28820687,43.5285482,38.43864914,40.3941434,47.9233002,55.43409735,52.73171552,48.72753129,53.65776222,39.57988163,48.81698284,58.24907262,54.03873272,52.07976784,50.14175511,36.26221877,31.641264,36.13389372,44.05513925,42.14147618,
Latin America & Caribbean (excluding high income),LAC,2.85611026,1.331877781,1.587307256,1.343514891,1.115349124,1.209647435,1.588255645,1.316586161,0.708515544,1.416396652,2.405181844,1.835533234,2.224668699,2.646608749,3.136219255,3.914658761,3.967534669,3.353805513,3.828553316,2.038525593,2.395650047,3.208619642,3.10906413,2.859268212,2.608291764,1.199473076,0.883323618,1.280084063,1.997852852,1.879741846,
Lao PDR,LAO,0,0,0,0,0,0,0,0,0,0,0,0,0,0,0,0,0,0,0,0,0,0,0,0,0,0,0,0,0,0,
Lebanon,LBN,0,0,0,0,0,0,0,0,0,0,0,0,0,0,0,0,0,0,0,0,0,0,0,0,0,0,0,0,0,0,
Liberia,LBR,,,,,,,,,,,0,0,0,0,0,0,0,0,0,0,0,0,0,0,0,0,0,0,0,0,
Libya,LBY,41.29456037,24.44996575,23.38953052,23.18003136,22.91342739,28.03831153,32.32124479,27.33548221,18.48408208,20.22466761,34.28652482,30.45788409,49.8219827,48.96654033,54.85075063,61.77359812,66.71275796,59.99605558,63.27978822,48.27802791,56.01334831,49.61726672,62.43047025,51.12090917,39.7474404,24.8705752,20.23158274,36.72329946,42.50319908,43.88826332,
St. Lucia,LCA,0,0,0,0,0,0,0,0,0,0,0,0,0,0,0,0,0,0,0,0,0,0,0,0,0,0,0,0,0,0,
Latin America & Caribbean,LCN,3.870052706,1.878865267,2.168944005,1.865831371,1.566636065,1.690568145,2.221474283,1.832898898,0.977483108,1.851594875,3.141663259,2.379868862,2.809361122,3.288515449,4.011193945,5.003638306,5.062707063,4.285700646,4.91642869,2.542181031,2.92547418,3.953349147,3.763113129,3.458128651,3.095278783,1.103579692,0.80990151,1.177925123,1.826663781,1.718666436,
Least developed countries: UN classification,LDC,3.517002484,0.848103552,0.899177862,0.963827975,2.351144722,2.845806586,3.581001958,3.063055218,1.473475481,2.803251004,5.093551644,3.904797532,3.951410751,3.860660477,6.626012474,9.38775872,10.33115638,10.43273555,14.23768337,6.417946521,8.726196191,10.18314446,7.314697265,6.307088417,4.902767223,1.693125282,1.339965657,2.281724356,3.054158984,2.459482099,
Low income,LIC,6.188664849,4.258205123,4.742851648,5.100755484,6.398977695,6.33856772,7.53618348,6.367462193,4.008267463,6.339199559,9.565764072,7.990081902,7.278276532,7.695019787,10.14957824,12.96942993,12.82979853,11.2369026,13.32804715,6.389478996,8.706600671,10.09999146,3.880836804,3.83362187,3.236769994,0.881770262,0.489020516,0.9647313,1.37391665,0.996697468,
Liechtenstein,LIE,,,,,,,,,,,,,,,,,,,,,,,,,,,,,,,
Sri Lanka,LKA,0,0,0,0,0,0,0,0,0,0,0,0,0,0,0,0,0,0,0,0,0,0,0,0,0,0,0,0,0,0,
Lower middle income,LMC,7.302702525,3.53721959,3.402346207,4.802609528,4.063481195,4.101101142,4.774966446,4.126353775,2.457047762,3.681641012,6.434915016,4.802075336,4.442116902,4.686767809,6.120593511,8.09055078,8.149884374,7.088668928,8.888237552,4.597691967,5.49730286,7.047381277,6.252864572,5.491524678,4.654472598,2.044880027,1.700912195,2.402546895,2.840182326,1.77907548,
Low & middle income,LMY,5.860177392,2.617661651,2.726287755,2.838585551,2.385453391,2.431891269,2.969592905,2.473164338,1.277767675,2.344850616,4.197180535,3.15709459,3.232214989,3.520870801,4.639130366,5.925783842,6.084495642,5.286260928,6.202021714,3.357315212,4.044211731,4.912393811,4.542470241,3.899189514,3.350033506,1.51805294,1.239603311,1.724492695,2.304181701,1.897585058,
Lesotho,LSO,0,0,0,0,0,0,0,0,0,0,0,0,0,0,0,0,0,0,0,0,0,0,0,0,0,0,0,0,0,0,
Late-demographic dividend,LTE,6.285228363,2.806198245,3.276722845,3.118598247,2.498778777,2.312048503,2.798924917,2.339497764,1.246792393,2.427950634,4.475295953,3.32649954,3.323204427,3.677940093,4.427800578,5.633271082,5.71203163,4.904393738,5.614771919,3.15802342,3.853405579,4.88784487,4.55791375,3.967057657,3.462305461,1.650177897,1.320890656,1.70513123,2.340017584,2.138688267,
Lithuania,LTU,,,,,,0.082235307,0.130838354,0.117205227,0.035042159,0.107640214,0.318186198,0.329781326,0.276531732,0.219024363,0.195167433,0.176418889,0.153805582,0.108330243,0.105065137,0.063909278,0.092466349,0.119017145,0.104293132,0.073599545,0.06047192,0.027347707,0.017891302,0.021711582,0.026274474,0.049395279,
Luxembourg,LUX,0,0,0,0,0,0,0,0,0,0,0,0,0,0,0,0,0,0,0,0,0,0,0,0,0,0,0,0,0,0,
Latvia,LVA,,,,,,0,0,0,0,0,0,0,0,0,0,0,0,0,0,0,0,0,0,0,0,0,0,0,0,0,
"Macao SAR, China",MAC,0,0,0,0,0,0,0,0,0,0,0,0,0,0,0,0,0,0,0,0,0,0,0,0,0,0,0,0,0,0,
St. Martin (French part),MAF,,,,,,,,,,,,,,,,,,,,,,,,,,,,,,,
Morocco,MAR,0.008628116,0.004901065,0.003280926,0.003299175,0.002672922,0.003960479,0.00447185,0.005873906,0.000866662,0.002650172,0.007184655,0.007706637,0.004764157,0.003478016,0.004021815,0.003976873,0.006154013,0.006309888,0.00595149,0.003073815,0.005255074,0.006998065,0.005086053,0.005126454,0.004486097,0.00236005,0.001845864,0.002311219,0.002949879,0.002614844,
Monaco,MCO,,,,,,,,,,,,,,,,,,,,,,,,,,,,,,,
Moldova,MDA,,,,,,0.019078686,0.026276852,0.017262904,0.004729881,0.023310111,0.0459376,0.027925418,0.025031923,0.02361348,0.023257186,0.036152716,0.029895689,0.051280875,0.097905938,0.065408499,0.047504004,0.070371042,0.056095268,0.041917247,0.030442972,0.013649652,0.008939457,0.009591506,0.01310706,0,
Madagascar,MDG,0,0,0,0,0,0,0,0,0,0,0,0,0,0,0,0,0,0,0,0,0,0,0,0,0.153476928,0.071265882,0.059878806,0.102339877,0.144392346,0.124809007,
Maldives,MDV,0,0,0,0,0,0,0,0,0,0,0,0,0,0,0,0,0,0,0,0,0,0,0,0,0,0,0,0,0,0,
Middle East & North Africa,MEA,24.22247338,20.82834985,21.36108938,21.7719598,19.51618313,16.48927332,18.39346417,16.11948317,10.42174967,14.08252191,22.55609729,17.82240017,17.45638722,20.01965188,24.93172169,31.64723551,31.93015586,28.34930792,32.4549512,19.99405169,24.270259,29.76038834,28.71444666,26.86079548,24.07449932,13.81519809,11.62709345,14.99785431,19.07340303,16.86764626,
Mexico,MEX,6.358834216,3.159485927,2.931940003,2.048726813,1.848826428,2.897813205,3.660186044,2.720371024,1.354437659,1.994689308,3.256029367,2.297578226,2.432993494,3.227507206,4.050530509,5.321742127,5.530374308,4.961995839,5.797958167,3.31730865,3.998094278,5.450382169,5.186720583,4.555880047,3.817779353,1.563276546,1.189734909,1.661561467,2.26800624,1.806175194,
Marshall Islands,MHL,,,,,,,,,,,,,,,,,,,,,,,,,,,,,,,
Middle income,MIC,5.852773541,2.577254217,2.681833433,2.79185438,2.322195757,2.369954458,2.89973303,2.412957433,1.234122164,2.278913316,4.096200522,3.073221577,3.155533228,3.443473718,4.539864494,5.801104209,5.96675598,5.183914414,6.092223628,3.307957071,3.973860129,4.842298816,4.551071216,3.9000676,3.351623072,1.527450375,1.249694972,1.734085669,2.315620169,1.908460091,
North Macedonia,MKD,0,0,0,0,0,0,0,0,0,0,0,0,0,0,0,0,0,0,0,0,0,0,0,0,0,0,0,0,0,0,
Mali,MLI,0,0,0,0,0,0,0,0,0,0,0,0,0,0,0,0,0,0,0,0,0,0,0,0,0,0,0,0,0,0,
Malta,MLT,0,0,0,0,0,0,0,0,0,0,0,0,0,0,0,0,0,0,0,0,0,0,0,0,0,0,0,0,0,0,
Myanmar,MMR,,,,,,,,,,,1.006457617,0.825810212,1.22782031,0.924328582,1.775084587,2.36959102,2.67709435,1.853611184,1.642544167,0.624598465,0.761830555,0.943549904,0.911148934,0.836075442,0.663648879,0.191142365,0.159860924,0.184807445,0.229449243,0.200103623,
Middle East & North Africa (excluding high income),MNA,15.81243219,12.06638031,11.60741022,15.12871454,13.67217492,13.12988856,14.34942923,12.58320869,7.620120937,10.7404987,17.90769673,14.06772292,14.34749548,15.90423136,21.7172842,27.68267619,28.52528342,24.67121459,28.15721091,16.68079456,19.82337824,22.77623781,22.02735363,20.86700447,18.81134918,10.64707837,9.344031415,13.52591511,17.19562143,14.73693631,
Montenegro,MNE,,,,,,,,,,,0,0,0,0,0,0,0,0,0,0,0,0,0,0,0,0,0,0,0,0,
Mongolia,MNG,0,0,0,0,0,0,0,0,0.020391884,0.071327591,0.117593588,0.085219697,0.15135204,0.202562007,0.277310754,0.30954029,0.510257546,0.972209385,1.398265476,1.424547974,1.543204488,1.898191986,2.206768371,2.813736305,3.681717984,1.704772174,1.499399986,1.858623979,2.42401228,2.039722408,
Northern Mariana Islands,MNP,,,,,,,,,,,,,0,0,0,0,0,0,0,0,0,0,0,0,0,0,0,0,0,,
Mozambique,MOZ,,0,0,0,0,0,0,0,0,0,0,0,0,0,0.083485522,0.244307376,0.39533532,0.384336682,0.518286717,0.081492373,0.150631264,0.217973841,0.251356099,0.275890894,0.127596921,0.053693412,0.066109675,0.096583139,0.099664819,0.148736202,
Mauritania,MRT,0,0,0,0,0,0,0,0,0,0,0,0,0,0,0,0,12.00245616,6.179440447,5.952407164,2.776376224,2.546410076,2.91958571,2.464421018,2.037359018,1.656375173,0.551714253,0.425114921,0.602916017,0,0,
Mauritius,MUS,0,0,0,0,0,0,0,0,0,0,0,0,0,0,0,0,0,0,0,0,0,0,0,0,0,0,0,0,0,0,
Malawi,MWI,0,0,0,0,0,0,0,0,0,0,0,0,0,0,0,0,0,0,0,0,0,0,0,0,0,0,0,0,0,0,
Malaysia,MYS,9.527704068,5.040879862,4.665166961,3.949726431,3.21501621,3.1206106,3.531546481,3.164748618,2.2869158,3.304045581,5.494331319,3.799968466,3.836557726,4.326547017,5.728492603,7.164608376,7.164377099,6.219182638,7.2995168,4.156446162,4.646951212,5.411659573,5.092159419,4.491379491,3.958186767,1.878324964,1.586481771,2.156621128,2.88905686,2.363328551,
North America,NAC,0.831830225,0.556590021,0.537807981,0.439776805,0.353427895,0.364890702,0.440050928,0.266092567,0.09895643,0.211324947,0.390125172,0.203222475,0.208945051,0.250103471,0.342976554,0.437879531,0.409077547,0.429695969,0.733439324,0.377055531,0.431235484,0.618381418,0.38597272,0.469452561,0.395634734,0.010641128,0.12006664,0.232311858,0.483791629,0.45526021,
Namibia,NAM,0,0,0,0,0,0,0,0,0,0,0,0,0,0,0,0,0,0,0,0,0,0,0,0,0,0,0,0,0,0,
New Caledonia,NCL,0,0,0,0,0,0,0,0,0,0,0,,,,,,,,,,,,,,,,,,,,
Niger,NER,0,0,0,0,0,0,0,0,0,0,0,0,0,0,0,0,0,0,0,0,0,2.084400635,5.608101939,4.676141308,3.669295909,0.967579307,0.748684395,1.343449736,1.634626887,1.339515389,
Nigeria,NGA,21.85807323,13.86338659,17.11493677,26.42848928,16.63598523,15.23062018,17.77448644,13.98967734,5.306984426,9.970570107,20.64031341,12.93036483,9.180859949,10.222577,15.28869186,18.57681092,16.14685663,14.443735,16.84495634,9.165243168,12.85654034,16.55637937,13.9947523,10.70899549,8.297441643,3.027133107,2.800011182,6.060843732,8.840770487,7.400044744,
Nicaragua,NIC,0,0,0,0,0,0,0,0,0,0,0,0,0,0,0,0,0,0,0,0,0,0,0,0,0,0,0,0,0,0,
Netherlands,NLD,0.112302806,0.05371898,0.037159093,0.035036273,0.046748173,0.036861276,0.04428724,0.035393384,0.008452177,0.018273327,0.040208718,0.026032672,0.044627459,0.043674559,0.047569306,0.049380369,0.046032904,0.065743615,0.069527429,0.030499657,0.035273994,0.056001307,0.054666646,0.049902809,0.059239041,0.026942886,0.01391854,0.020206464,0.028698177,0.021708219,
Norway,NOR,6.949177932,3.649605026,4.146497737,4.663261218,4.579691413,4.597470854,6.705827921,5.445991745,1.388659258,4.734463197,10.94516874,7.944981927,7.273834183,7.157180162,8.188988711,9.308944156,9.24239469,7.906034745,9.284994745,5.561582664,6.514045641,8.033459139,6.963218656,5.835522777,5.613889387,3.151827948,2.69406188,3.765984273,5.24559359,4.808337413,
Nepal,NPL,0,0,0,0,0,0,0,0,0,0,0,0,0,0,0,0,0,0,0,0,0,0,0,0,0,0,0,0,0,0,
Nauru,NRU,,,,,,,,,,,,,,,,,,,,,0,0,0,0,0,0,0,0,0,0,
New Zealand,NZL,0.595777306,0.367817161,0.385662989,0.358960752,0.265611351,0.202590508,0.267218395,0.393215865,0.19133095,0.270558518,0.510947132,0.329315792,0.253036723,0.17534982,0.176174381,0.234944937,0.258401095,0.529593193,1.103049149,0.586990076,0.671599372,0.777849676,0.636441229,0.465569853,0.433610582,0.201054015,0.13210155,0.162747731,0.187201874,0.17015329,
OECD members,OED,0.529880277,0.312009602,0.304699618,0.273091332,0.233591837,0.234534121,0.317475838,0.242396262,0.094563189,0.205462329,0.409134069,0.270423812,0.274547347,0.292530369,0.357608686,0.471552339,0.484282497,0.461333563,0.635834784,0.337009318,0.42377208,0.582879624,0.480766316,0.476545468,0.411728931,0.114262231,0.129921321,0.212716332,0.370340826,0.342085155,
Oman,OMN,51.62616916,33.29802382,33.21940356,32.81129307,30.16591788,32.40312827,37.77414989,33.31047027,23.42646806,32.00578172,45.5477823,37.35510339,34.47945764,34.29749654,37.75389071,44.11597078,41.86337389,38.26665491,38.00364647,29.96775061,37.20832726,46.24518187,42.85476398,41.04159717,36.09029657,21.40675298,18.27956185,21.78184067,26.69860147,24.88329471,
Other small states,OSS,13.55529874,7.716478849,7.746051287,7.970670469,6.8122296,6.486613149,8.472663472,7.745377841,4.983447318,7.527013822,12.08125047,9.133421053,8.207755667,8.354762145,10.30274562,13.93412424,16.15431065,14.80574564,17.40333082,11.65214746,15.33719743,19.08013269,17.93233041,16.1601757,13.8006023,7.490279709,6.048748207,7.620493778,9.284605844,8.867940399,
Pakistan,PAK,1.312150403,0.672442118,0.614074821,0.53971722,0.452442879,0.448736523,0.527166667,0.511788877,0.276321315,0.42823176,0.571163577,0.493134697,0.547012001,0.526734989,0.62068867,0.862474089,0.904341445,0.953574712,1.032666586,0.496055555,0.664419461,0.966723983,0.967733105,0.972259283,0.947807657,0.326277598,0.224534617,0.343036377,0.492702874,0.474832546,
Panama,PAN,0,0,0,0,0,0,0,0,0,0,0,0,0,0,0,0,0,0,0,0,0,0,0,0,0,0,0,0,0,0,
Peru,PER,3.178338073,1.236335957,1.286507395,1.387705692,0.999660031,0.935597885,1.108145375,0.893075984,0.469621682,0.843809867,1.371734413,0.966695563,0.976032401,1.01223094,1.090860264,1.353290452,1.411063088,1.254370377,1.439980416,0.663427082,0.794976578,1.002015347,0.831406465,0.7085455,0.702145002,0.243161955,0.123414368,0.200670476,0.328325524,0.31416627,
Philippines,PHL,0.071873593,0.025329945,0.06383305,0.069099762,0.035418774,0.018394215,0.012388869,0.005491996,0.002540413,0.004089406,0.010211894,0.057345404,0.064830659,0.102124048,0.246809914,0.330527628,0.330589691,0.279063793,0.33244717,0.25328702,0.294029775,0.410754644,0.312759918,0.310608123,0.283421906,0.068033651,0.044943394,0.04848724,0.073291743,0.049249791,
Palau,PLW,,,,,,,,,,,,,,,,,,,,,,,,,,,,,,,
Papua New Guinea,PNG,0,0.020250055,5.117285452,10.47537465,7.404727072,8.753180545,10.28927566,7.337690416,4.784006042,10.48326689,14.86024615,11.71968184,10.20101981,9.209404479,10.88538985,11.75694766,9.798023088,7.123657658,8.684962747,4.338249131,4.01186255,4.588024198,3.50443695,3.606652673,4.7178357,2.287646977,1.931234568,2.357300738,2.358820618,2.039621548,
Poland,POL,0.015481178,0.008341761,0.008632156,0.012830122,0.010223801,0.008169765,0.011072932,0.010531259,0.003011643,0.013472255,0.043946171,0.033059308,0.030398351,0.036177102,0.047890064,0.055366466,0.055768077,0.044456902,0.052222429,0.029308209,0.040169943,0.053775486,0.059181024,0.073441633,0.063582542,0.029105598,0.025646536,0.035356621,0.053501545,0.044180681,
Pre-demographic dividend,PRE,10.01272767,5.115165442,6.416607851,6.668096644,6.189652108,6.550403695,8.357439978,6.891277948,2.565834705,5.369338743,10.80938993,7.308470102,6.074617447,6.13291484,15.87267254,19.75171232,20.19123258,18.94339533,23.35238714,12.88401632,16.73548596,21.12358351,18.63336808,15.86767589,13.51890481,6.895788269,6.473164571,9.666993923,13.07111267,11.40894487,
Puerto Rico,PRI,0,0,0,0,0,0,0,0,0,0,0,0,0,0,0,0,0,0,0,0,0,0,0,0,0,0,0,0,0,0,
"Korea, Dem. People's Rep.",PRK,,,,,,,,,,,,,,,,,,,,,,,,,,,,,,,
Portugal,PRT,0,0,0,0,0,0,0,0,0,0,0,0,0,0,0,0,0,0,0,0,0,0,0,0,0,0,0,0,0,0,
Paraguay,PRY,0,0,0,0,0,0,0,0,0,0,0,0,0,0,0,0,0,0,0,0,0,0,0,0,0,0,0,0,0,0,
West Bank and Gaza,PSE,,,,,0,0,0,0,0,0,0,0,0,0,0,0,0,0,0,0,0,0,0,0,0,0,0,0,0,,
Pacific island small states,PSS,0,0,0,0,0,0,0,0,0,0,0,0,0,0,0,0,0,0,0,0,0,0,0,0,0,0,0,0,0,0,
Post-demographic dividend,PST,0.435599849,0.259884593,0.252833512,0.224763557,0.190741087,0.191153269,0.256040388,0.185161687,0.062997892,0.156261793,0.323529925,0.205786233,0.208150637,0.218578228,0.269499005,0.348855427,0.348942583,0.34320266,0.500094752,0.265830292,0.323139964,0.432579574,0.328325146,0.335395026,0.292015775,0.063330469,0.098735629,0.168574375,0.312317642,0.294362338,
French Polynesia,PYF,0,0,0,0,0,0,0,0,0,0,0,,,,,,,,,,,,,,,,,,,,
Qatar,QAT,47.8782104,30.26651368,28.62024619,30.13480268,26.76985789,27.96600497,36.25288786,28.24637469,24.57509499,29.59907922,38.8650211,31.62599481,28.34185867,31.0318335,34.05779053,38.87659349,34.5402121,30.79890526,31.11480352,23.2697034,28.4097061,32.76890096,29.08501044,26.52379938,23.00983866,13.82261933,11.75050134,14.7525401,17.30983039,16.91028233,
Romania,ROU,2.134740645,1.147775854,1.377660011,1.243360452,1.036732391,0.911354835,1.296604291,1.053571052,0.224468627,0.886412247,1.88066855,1.315103231,1.206878482,1.083877284,1.117232065,1.13996569,1.013773823,0.755126526,0.875580118,0.546942588,0.791282407,1.077947713,1.088243681,0.886613455,0.746568332,0.351186405,0.249693851,0.32306761,0.435863343,0.377650758,
Russian Federation,RUS,9.62571383,4.014399127,4.219441089,3.812216101,3.51823496,4.144310043,5.753357549,4.446915389,1.677440685,7.897813171,14.50860663,9.794072267,10.09186285,10.62505115,11.46027285,13.16938712,12.47874823,10.59931949,11.589874,8.430604011,9.929433754,11.418126,10.34237921,9.12265251,9.20040065,5.934759459,5.177756529,6.469967077,10.0124516,9.158778074,
Rwanda,RWA,0,0,0,0,0,0,0,0,0,0,0,0,0,0,0,0,0,0,0,0,0,0,0,0,0,0,0,0,0,0,
South Asia,SAS,1.512128956,0.931362887,0.801601284,0.731884021,0.649624041,0.762206211,0.822815927,0.7508622,0.404679169,0.60261665,0.965261997,0.720470555,0.738567001,0.739049688,0.88292853,1.102642298,1.202688318,1.063866188,1.380631111,0.594996621,0.723488586,1.175162583,1.140822007,1.011766084,0.82761004,0.310606683,0.206111869,0.287620542,0.402654545,0.32665605,
Saudi Arabia,SAU,47.29940525,32.37103299,33.6123522,32.19565725,28.58311779,29.58806343,33.32433222,29.24203198,20.7082639,26.7218053,41.265663,33.15821508,31.1621009,36.814527,42.17367569,51.49068636,51.2880746,47.53217839,54.49603413,34.31343941,41.26944874,49.97996033,47.69254746,44.43484964,39.72733804,23.19450109,19.33192489,23.31699616,28.85960104,24.24034889,
Sudan,SDN,0,0,0.017168751,0.012275143,0.002274824,0.004980591,0.101754733,0.164194233,0.127321495,2.021601006,10.00378521,7.038437927,7.23943177,7.131378268,13.38572422,17.39542976,16.97073306,18.23203293,22.90041099,11.7090162,15.33436989,21.64044355,4.610575189,5.540967933,3.489376691,0.976413486,1.207999498,2.628705649,3.560521034,3.598094414,
Senegal,SEN,0.000860379,0.000391962,0.000362994,0.000396646,0.000695476,0.00087751,0.001425968,0.001567016,0.000375544,0.000560545,0.000930482,0,0,0,0,0,0,0,0,0,0,0,0,0,0,0,0,0,0,0,
Singapore,SGP,0,0,0,0,0,0,0,0,0,0,0,0,0,0,0,0,0,0,0,0,0,0,0,0,0,0,0,0,0,0,
Solomon Islands,SLB,0,0,0,0,0,0,0,0,0,0,0,0,0,0,0,0,0,0,0,0,0,0,0,0,0,0,0,0,0,0,
Sierra Leone,SLE,0,0,0,0,0,0,0,0,0,0,0,0,0,0,0,0,0,0,0,0,0,0,0,0,0,0,0,0,0,0,
El Salvador,SLV,0,0,0,0,0,0,0,0,0,0,0,0,0,0,0,0,0,0,0,0,0,0,0,0,0,0,0,0,0,0,
San Marino,SMR,,,,,,,,,,,,,,,,,,,,,,,,,,,,,,,
Somalia,SOM,0,,,,,,,,,,,,,,,,,,,,,,,,,,,,,,
Serbia,SRB,,,,,,0.325568562,0.337133936,0.217849396,0.068240415,0.2574538,1.677271872,0.603940966,0.437886278,0.376240826,0.370604259,0.50779119,0.518342699,0.421333914,0.488086409,0.309952722,0.628366704,0.957415553,1.159012692,0.969601007,0.856998325,0.395516265,0.279282738,0.379270077,0.479318211,0.419362468,
Sub-Saharan Africa (excluding high income),SSA,5.761430978,2.747035989,3.293283512,3.259034662,2.896563022,3.242678023,4.378889396,3.642538123,1.44185454,3.031225972,6.459801194,4.45736244,4.082844961,3.712173156,6.259317138,8.713641294,9.602283962,9.432487789,12.92525711,6.212393809,8.483520697,10.61443323,8.777755752,7.398969609,5.951009758,2.170351658,1.878795902,3.438135271,4.877430201,4.313044638,
South Sudan,SSD,,,,,,,,,,,,,,,,,,,62.69702163,36.42540807,45.76522175,55.79116831,5.370323547,16.71124857,23.91968867,8.517323393,,,,,
Sub-Saharan Africa,SSF,5.755056276,2.743902814,3.288942483,3.254026273,2.891933138,3.238012191,4.372840843,3.637110266,1.439455505,3.026121376,6.449729882,4.449990387,4.075898445,3.707068356,6.251067151,8.703011471,9.591488231,9.423195485,12.91499632,6.207858724,8.477569856,10.60715034,8.77203474,7.393295801,5.946568933,2.168536382,1.877040498,3.434912276,4.872892258,4.309152164,
Small states,SST,11.07488111,6.337072609,6.442783543,6.378802476,5.423482633,5.295920149,6.820809413,5.980677444,3.711136429,5.673988087,9.312817195,6.914520301,6.343498221,6.729138293,8.389722154,11.57479986,13.5034567,12.46771696,14.81510966,9.847120843,13.05095785,16.43401319,15.45416899,13.96855877,11.95735528,6.286569225,5.100155349,6.511753083,8.016013631,7.595358969,
Sao Tome and Principe,STP,,,,,,,,,,,,0,0,0,0,0,0,0,0,0,0,0,0,0,0,0,0,0,0,0,
Suriname,SUR,6.592507842,3.450559581,4.929401738,4.804365219,3.666237479,4.028392495,4.559982523,4.492939406,2.105253763,5.386641248,9.559490374,8.409841071,6.52857799,6.292533537,6.899611969,9.127951138,8.073511321,8.434952164,10.37169376,4.674907039,5.86920739,9.183949791,7.873743312,7.215985534,6.519235481,2.818498286,3.072215423,4.868592196,6.893204607,5.637356473,
Slovak Republic,SVK,0.059053825,0.024217175,0.024140978,0.020181806,0.015201609,0.014613244,0.018162983,0.013046176,0.002884856,0.011138043,0.02369669,0.0129396,0.011489022,0.009753458,0.009785165,0.010625307,0.010254104,0.007174279,0.00709635,0.00353362,0.004339688,0.00695147,0.005158202,0.004065731,0.003216608,0.001723529,0.001083358,0.001176658,0.001147405,0.002567888,
Slovenia,SVN,0.001699961,0.000723849,0.000782279,0.000743516,0.000607957,0.000477966,0.000332153,0.00027201,6.48E-05,0.000226286,0.00057351,0.000287302,0.00027076,0.000181691,0.000127821,0.00014718,0.000162411,0.000145424,0.000177043,0.00010313,0.000155007,0.000220805,0.000236307,0.000205609,0.000179358,8.76E-05,6.74E-05,9.54E-05,0.000138626,0.000124521,
Sweden,SWE,0.000118147,3.50E-05,1.80E-05,1.16E-05,9.99E-05,7.64E-05,0,0,0,0,0,0,0,0,0,0,0,0,0,0,0,0,0,0,0,0,0,0,0,0,
Eswatini,SWZ,0,0,0,0,0,0,0,0,0,0,0,0,0,0,0,0,0,0,0,0,0,0,0,0,0,0,0,0,0,0,
Sint Maarten (Dutch part),SXM,,,,,,,,,,,,,,,,,,,,,,,,,,,,,,,
Seychelles,SYC,0,0,0,0,0,0,0,0,0,0,0,0,0,0,0,0,0,0,0,0,0,0,0,0,0,0,0,0,0,0,
Syrian Arab Republic,SYR,27.36136214,19.98961068,20.07018124,21.11625103,26.31718268,25.99536534,27.18158301,22.45538662,13.18980242,18.70647775,25.1752387,17.4369243,16.93394898,19.24521848,21.31914884,26.51198575,25.74941245,21.32069724,,,,,,,,,,,,,
Turks and Caicos Islands,TCA,,,,,,,,,,,,0,0,0,0,0,0,0,0,0,0,0,0,0,0,0,0,0,0,0,
Chad,TCD,0,0,0,0,0,0,0,0,0,0,0,0,0,6.13505811,32.34347888,35.02440219,34.17872643,30.08037294,31.973711,15.55889221,21.06935041,25.73025092,22.33193947,18.45560528,17.2981221,7.5189901,6.732631329,14.80073048,20.55309964,17.7867,
East Asia & Pacific (IDA & IBRD countries),TEA,5.12105475,2.800322984,2.765944389,2.515318284,1.897176805,1.712455274,1.973349576,1.683907818,0.944183995,1.411293521,2.538512561,1.70319902,1.58741869,1.644637215,2.098042984,2.769874969,2.737318747,2.240701422,2.500831103,1.195012871,1.486173302,1.816845088,1.596679253,1.342468174,1.098657179,0.423236784,0.327810842,0.424674369,0.555413388,0.478063281,
Europe & Central Asia (IDA & IBRD countries),TEC,5.832778747,2.731434683,2.512049343,2.202611529,2.049855268,2.117557545,2.869696681,2.237858306,0.591583121,2.393957744,5.281288336,4.126202034,4.258679894,4.493655016,5.135756804,6.160809671,6.36968729,5.606365408,6.404655386,4.390700271,5.487968627,6.892692438,6.408157576,5.553253755,5.29678234,2.880650565,2.424485672,3.357243331,5.26643214,4.743066968,
Togo,TGO,0,0,0,0,0,0,0,0,0,0,0,0,0,0,0,0,0,0,0,0,0,0,0,0,0,0,0,0,0,0,
Thailand,THA,0.34936011,0.179568324,0.193426517,0.167522667,0.140644355,0.122970084,0.170427883,0.216324134,0.151458478,0.24978658,0.647982341,0.505882172,0.525289184,0.673398783,0.840712069,1.375636809,1.555621837,1.434809872,1.924799637,1.076589513,1.316075967,1.710235596,1.638671829,1.443156736,1.269016871,0.534472601,0.446000313,0.557714189,0.715489371,0.59960937,
Tajikistan,TJK,0.55938156,0.202596071,0.162166509,0.125720161,0.098246691,0.106703951,0.176276499,0.157825414,0.020462559,0.089009773,0.24273799,0.12684724,0.119050016,0.110782165,0.133821288,0.202799333,0.217497935,0.195202106,0.197635708,0.1084898,0.142898197,0.195318237,0.172574074,0.12721856,0.098276317,0.048069958,0.043241521,0.060640788,0.107257239,0.029920097,
Turkmenistan,TKM,19.1375383,8.381204055,8.650645772,7.100715919,7.661716445,8.53815372,13.37119622,12.36854465,3.509727158,14.81543635,29.27282161,18.89506935,16.82593101,15.8292408,19.94262926,25.94879586,25.27127786,22.97065531,21.97954913,11.3727736,14.97406499,18.21732134,15.28796131,12.98109246,10.83292765,5.713040954,4.504213147,6.632112318,9.616824069,,
Latin America & the Caribbean (IDA & IBRD countries),TLA,4.088577033,1.959910268,2.268051148,1.941647607,1.629628573,1.758684131,2.300143909,1.897053027,1.014638454,1.936221364,3.279050641,2.495445704,2.977647652,3.488885725,4.234993618,5.249347883,5.300182734,4.462982733,5.092282603,2.642374336,3.01570673,4.062148749,3.869396693,3.556026598,3.183286235,1.14493203,0.842379807,1.2208707,1.892593597,1.760451807,
Timor-Leste,TLS,,,,,,,,,,,0,0,0,0,,,,,,,,,,,,24.39234327,13.01354438,13.94201256,15.27786498,16.27009774,
Middle East & North Africa (IDA & IBRD countries),TMN,15.81243219,12.06638031,11.60741022,15.12871454,13.81264388,13.26648541,14.48299813,12.70904389,7.701403003,10.85423507,18.09246561,14.19806901,14.46954621,16.03793856,21.88761018,27.88785564,28.71500952,24.81549623,28.33136205,16.79911608,19.96930622,22.94748043,22.19106333,21.05067368,18.98565498,10.75705745,9.448873221,13.68711952,17.41659179,14.73693631,
Tonga,TON,0,0,0,0,0,0,0,0,0,0,0,0,0,0,0,0,0,0,0,0,0,0,0,0,0,0,0,0,0,0,
South Asia (IDA & IBRD),TSA,1.512128956,0.931362887,0.801601284,0.731884021,0.649624041,0.762206211,0.822815927,0.7508622,0.404679169,0.60261665,0.965261997,0.720470555,0.738567001,0.739049688,0.88292853,1.102642298,1.202688318,1.063866188,1.380631111,0.594996621,0.723488586,1.175162583,1.140822007,1.011766084,0.82761004,0.310606683,0.206111869,0.287620542,0.402654545,0.32665605,
Sub-Saharan Africa (IDA & IBRD countries),TSS,5.755056276,2.743902814,3.288942483,3.254026273,2.891933138,3.238012191,4.372840843,3.637110266,1.439455505,3.026121376,6.449729882,4.449990387,4.075898445,3.707068356,6.251067151,8.703011471,9.591488231,9.423195485,12.91499632,6.207858724,8.477569856,10.60715034,8.77203474,7.393295801,5.946568933,2.168536382,1.877040498,3.434912276,4.872892258,4.309152164,
Trinidad and Tobago,TTO,19.25926871,10.50294822,10.04633017,11.09655768,9.358543013,9.476916105,11.4949805,9.488273688,4.59102051,7.301140241,11.12467249,6.939663258,7.786768456,8.07215028,8.436189188,12.34860705,12.52777191,9.304045506,9.294673613,6.283587442,7.149413435,6.692894617,6.441526469,5.633520578,4.98832513,2.078967774,1.88212769,3.106244109,3.992666236,3.261331427,
Tunisia,TUN,6.567899398,4.195407254,3.889643527,3.502929095,2.790790476,2.547627831,2.857451894,2.348390545,1.333592182,2.003433059,3.409424847,2.397162564,2.535210405,2.473487664,3.066942846,4.11550745,4.696086938,4.853696163,5.655384995,3.21866751,4.166268927,4.980798309,5.016305116,4.451159573,3.213785892,1.244461339,1.083490929,1.457561757,1.957993895,1.709948271,
Turkey,TUR,0.247428817,0.139449735,0.134900627,0.102480453,0.124819963,0.100617372,0.131323194,0.100071473,0.016810677,0.058669044,0.111729341,0.101926033,0.088257432,0.077309243,0.076066583,0.091925893,0.097053024,0.08402868,0.106170096,0.073930759,0.092887282,0.12405112,0.111895588,0.096097976,0.090936839,0.042382248,0.034315596,0.053093101,0.105972754,0.102051668,
Tuvalu,TUV,0,0,0,0,0,0,0,0,0,0,0,0,0,0,0,0,0,0,0,0,0,0,0,0,0,0,0,0,0,0,
Tanzania,TZA,0,0,0,0,0,0,0,0,0,0,0,0,0,0,0,0,0,0,0,0,0,0,0,0,0,0,0,0,0,0,
Uganda,UGA,0,0,0,0,0,0,0,0,0,0,0,0,0,0,0,0,0,0,0,0,0,0,0,0,0,0,0,0,0,0,
Ukraine,UKR,0.612245523,0.311706366,0.319968249,0.333053825,0.373059151,0.442466851,0.673032161,0.472054917,0.1369263,0.633298296,0.970152358,0.586402577,0.557894092,0.601827638,0.680554737,0.780134454,0.798305919,0.646249995,0.672702819,0.51132373,0.560481019,0.671352699,0.574696804,0.469618819,0.544202956,0.298386147,0.207722023,0.243976929,0.321959182,0.30122493,
Upper middle income,UMC,5.25457788,2.286735329,2.424991489,2.083468226,1.717761083,1.759352704,2.22405878,1.821928688,0.842691224,1.762967255,3.271313062,2.455175423,2.667325208,2.960797765,3.949287285,4.973508025,5.179315544,4.503861186,5.16751467,2.856792025,3.439960816,4.112718959,3.999703165,3.411549157,2.948269828,1.359947954,1.096436157,1.513161634,2.152412045,1.948931081,
Uruguay,URY,0,0,0,0,0,0,0,0,0,0,0,0,0,0,0,0,0,0,0,0,0,0,0,0,0,0,0,0,0,0,
United States,USA,0.755406414,0.506238881,0.479478538,0.382980083,0.302313306,0.308837568,0.369542178,0.220575595,0.08036639,0.170737537,0.312189245,0.160958378,0.162088163,0.191338165,0.2576246,0.327421932,0.299627714,0.311333513,0.534781394,0.278526214,0.318203998,0.456102255,0.290179107,0.361277554,0.309076094,0.008323013,0.091837745,0.177012169,0.375637502,0.362014067,
Uzbekistan,UZB,2.637302116,1.19482564,1.560769707,1.760597186,2.183000982,3.261425295,4.413635494,3.443214994,0.90807659,2.844657535,6.713053995,5.741007864,7.174384855,8.00033437,8.435391719,8.550587284,8.42624329,6.496664355,6.778643138,2.936039646,2.485751058,3.082619276,2.343306943,1.825722078,1.432426627,0.548555422,0.425692607,0.954762493,1.907556611,1.443573297,
St. Vincent and the Grenadines,VCT,0,0,0,0,0,0,0,0,0,0,0,0,0,0,0,0,0,0,0,0,0,0,0,0,0,0,0,0,0,0,
"Venezuela, RB",VEN,30.04600779,17.26650247,16.50313589,16.56291923,16.52308287,14.70966845,22.72059751,16.96700146,8.519600513,12.61402758,19.72478841,13.95448249,18.43863592,23.34721337,26.79866573,30.95742912,29.34954487,23.35396966,23.16141087,10.39478356,11.66059074,21.54355307,17.03969658,16.3737986,11.35520054,,,,,,
British Virgin Islands,VGB,,,,,,,,,,,,,,,,,,,,,,,,,,,,,,,
Virgin Islands (U.S.),VIR,,,,,,,,,,,,,0,0,0,0,0,0,0,0,0,0,0,0,0,0,0,0,,,
Vietnam,VNM,5.235254014,3.191178915,4.541075938,3.758490138,3.2028328,3.389522093,3.651668127,3.222151604,2.069618121,3.812710582,7.571232594,5.838673302,5.373032668,5.748511247,8.326206678,8.821913181,8.977710082,7.15045026,7.460621672,3.980628608,4.789758519,6.307391383,5.80130754,4.886451598,3.656084525,1.491286496,1.052861044,1.287539305,1.560191716,1.208632221,
Vanuatu,VUT,0,0,0,0,0,0,0,0,0,0,0,0,0,0,0,0,0,0,0,0,0,0,0,0,0,0,0,0,0,0,
World,WLD,1.830817183,0.925710605,0.934478513,0.94338077,0.804205651,0.810599543,1.046361942,0.900668004,0.46659609,0.779445501,1.46161086,1.092037108,1.077427469,1.192796829,1.573460765,2.188559304,2.393446372,2.256338213,2.930272788,1.621087052,2.120062263,2.814749733,2.694889406,2.445548013,2.129870278,0.954464233,0.800358272,1.095782303,1.507203281,1.293582399,
Samoa,WSM,0,0,0,0,0,0,0,0,0,0,0,0,0,0,0,0,0,0,0,0,0,0,0,0,0,0,0,0,0,0,
Kosovo,XKX,,,,,,,,,,,0,0,0,0,0,0,0,0,0,0,0,0,0,0,0,0,0,0,0,0,
"Yemen, Rep.",YEM,29.66510266,17.52103153,15.57157411,21.40659786,38.27585843,41.73586371,37.85682461,30.74013934,22.22944789,29.5392102,42.20384006,33.98790291,31.79456648,33.00857476,34.95062648,42.31550457,41.54001705,33.36996483,33.9076386,20.25102946,22.18922839,23.45277434,17.01460059,11.0687861,8.929987043,1.673473654,0.691067271,1.837060451,4.264451734,5.284514491,
South Africa,ZAF,0,0.009077598,0.020256956,0.03914548,0.043250888,0.059201753,0.071422181,0.068925215,0.037022732,0.080249529,0.19502903,0.100423433,0.100402511,0.078751253,0.204820617,0.176476,0.12287992,0.096942744,0.132872573,0.022390154,0.027725904,0.026142343,0.089558713,0.084419341,0.010581003,0.005081135,0.005127205,0.005800471,0.00558495,0.004474008,
Zambia,ZMB,0,0,0,0,0,0,0,0,0,0,0,0,0,0,0,0,0,0,0,0,0,0,0,0,0,0,0,0,0,0,
Zimbabwe,ZWE,0,0,0,0,0,0,0,0,0,0,0,0,0,0,0,0,0,0,0,0,0,0,0,0,0,0,0,0,0,0,
