Country Name,Country Code,Indicator Name,Indicator Code,1960,1961,1962,1963,1964,1965,1966,1967,1968,1969,1970,1971,1972,1973,1974,1975,1976,1977,1978,1979,1980,1981,1982,1983,1984,1985,1986,1987,1988,1989,1990,1991,1992,1993,1994,1995,1996,1997,1998,1999,2000,2001,2002,2003,2004,2005,2006,2007,2008,2009,2010,2011,2012,2013,2014,2015,2016,2017,2018,2019,2020
Aruba,ABW,Coal rents (% of GDP),NY.GDP.COAL.RT.ZS,,,,,,,,,,,,,,,,,,,,,,,,,,,0,0,0,0,0,0,0,0,0,0,0,0,0,0,0,0,0,0,0,0,0,0,0,0,0,0,0,0,0,0,0,0,,,
Africa Eastern and Southern,AFE,Coal rents (% of GDP),NY.GDP.COAL.RT.ZS,,,,,,,,,,,,0.703625386,0.705841997,0.697400732,1.026953252,2.010323647,2.321984018,2.323448959,2.085445154,2.040955679,2.064694393,3.050537761,3.567544873,2.307309271,2.280663158,2.962925398,2.115577242,1.261039371,1.47945388,1.664211679,1.616154522,1.591112153,1.402104464,1.096227877,1.119840766,1.485386147,1.321189378,1.09285643,0.869177763,0.597339679,0.77827639,1.467196237,0.932278736,0.870120066,2.143219509,1.504306993,1.444661032,1.779819624,3.609607953,1.236969537,1.83001143,2.070060599,1.405672923,1.10724231,0.810023645,0.590041032,0.695974588,0.873784939,0.998933829,0.75004801,
Afghanistan,AFG,Coal rents (% of GDP),NY.GDP.COAL.RT.ZS,,,,,,,,,,,,,,,,,,,,,0.051536256,0.08699304,,,,,,,,,,,,,,,,,,,,,0.004340991,0.007421791,0.016454885,0.010903631,0.011152411,0.076415204,0.224465173,0.126422321,0.212188085,0.495356516,0.270285101,0.237255122,0.226599986,0.162117663,0.24730234,0.397626964,0.535542773,0.373839671,
Africa Western and Central,AFW,Coal rents (% of GDP),NY.GDP.COAL.RT.ZS,,,,,,,,,,,,0.004697407,0.007535734,0.007194016,0.007762683,0.009746795,0.004813644,0.007147233,0.006284926,0.004064884,0.00457393,0.0026688,0.002124742,0.00317003,0.003797767,0.005432532,0.004132535,0.003339933,0.00326939,0.004461945,0.004070258,0.004270169,0.003569394,0.003184286,0.002820023,0.003168769,0.002331603,0.001890753,0.00135646,0.000900149,0.000540751,0.000910636,0.000808215,0.000695817,0.001816614,0.000932717,0.000752379,0.00103466,0.002091161,0.000849733,0.001705476,0.001783487,0.001175395,0.000798086,0.000594416,0.000413581,0.000541985,0.000757694,0.000793713,0.000541576,
Angola,AGO,Coal rents (% of GDP),NY.GDP.COAL.RT.ZS,,,,,,,,,,,,,,,,,,,,,0,0,0,0,0,0,0,0,0,0,0,0,0,0,0,0,0,0,0,0,0,0,0,0,0,0,0,0,0,0,0,0,0,0,0,0,0,0,0,0,
Albania,ALB,Coal rents (% of GDP),NY.GDP.COAL.RT.ZS,,,,,,,,,,,,,,,,,,,,,,,,,0.368325704,0.556625382,0.152296786,0.048179543,0.076891499,0.090923396,0.22452216,0.204425723,0.06768917,0.00230365,0.001502844,0.002814941,0.001711157,0.000352537,0.00077061,0.000110313,0.000620564,0.001277136,0.000274595,0.000890331,0.006822021,0.003077833,0.002931413,0.004030065,0.013985094,0.000729611,0.001394767,0.000801741,0.000360916,0.000108033,0,0.005924115,0.00038768,0.015576529,0.033583408,0.024377128,
Andorra,AND,Coal rents (% of GDP),NY.GDP.COAL.RT.ZS,,,,,,,,,,,,,,,,,,,,,,,,,,,,,,,,,,,,,,,,,,,,,,,,,,,,,,,,,,,,,
Arab World,ARB,Coal rents (% of GDP),NY.GDP.COAL.RT.ZS,,,,,,,,,,,,0.000683186,0.000912469,0.001277606,0.002769943,0.007371133,0.004686138,0.004139544,0.00315981,0.002906715,0.002649967,0.004225278,0.005085617,0.002971305,0.002291327,0.002587804,0.001475879,0.000331983,0.000709491,0.000846192,0.000715021,0.001020383,0.000727553,8.12E-05,0.000103817,0.000893785,0.000407424,0.000125136,0.000116052,0,5.28E-05,6.52E-05,3.07E-05,2.89E-05,0.000174364,6.76E-05,6.20E-06,0,0,0,0,0,0,0,0,0,0,0,0,0,
United Arab Emirates,ARE,Coal rents (% of GDP),NY.GDP.COAL.RT.ZS,,,,,,,,,,,,,,,,0,0,0,0,0,0,0,0,0,0,0,0,0,0,0,0,0,0,0,0,0,0,0,0,0,0,0,0,0,0,0,0,0,0,0,0,0,0,0,0,0,0,0,0,0,
Argentina,ARG,Coal rents (% of GDP),NY.GDP.COAL.RT.ZS,,,,,,,,,,,,0,0,0,0.001698359,0.008900673,0.011303041,0.008988767,0.005424772,0.007096349,0.006546769,0.015724128,0.01616896,0.005769878,0.005046877,0.004600426,0.001233619,0,0.000155694,0.002200565,0.000737056,0.000527206,9.90E-05,0,0,8.99E-05,9.48E-06,0,0,0,0,2.83E-05,0,1.82E-08,0.000555633,0.000123145,0.00066304,0.000868098,0.003006872,0.000361862,0.000573381,0.000910414,0.00057181,0.000378985,0.000211509,8.63E-05,7.00E-05,6.92E-05,0.000118583,0.000100897,
Armenia,ARM,Coal rents (% of GDP),NY.GDP.COAL.RT.ZS,,,,,,,,,,,,,,,,,,,,,,,,,,,,,,,0,0,0,0,0,0,0,0,0,0,0,0,0,0,0,0,0,0,0,0,0,0,0,0,0,0,0,1.43E-06,0,0,
American Samoa,ASM,Coal rents (% of GDP),NY.GDP.COAL.RT.ZS,,,,,,,,,,,,,,,,,,,,,,,,,,,,,,,,,,,,,,,,,,,0,0,0,0,0,0,0,0,0,0,0,0,0,0,0,0,0,,
Antigua and Barbuda,ATG,Coal rents (% of GDP),NY.GDP.COAL.RT.ZS,,,,,,,,,,,,,,,,,,,,,0,0,0,0,0,0,0,0,0,0,0,0,0,0,0,0,0,0,0,0,0,0,0,0,0,0,0,0,0,0,0,0,0,0,0,0,0,0,0,0,
Australia,AUS,Coal rents (% of GDP),NY.GDP.COAL.RT.ZS,,,,,,,,,,,0.134494459,0.105012064,0.10710763,0.103159488,0.29367005,1.108107076,1.23060285,1.294738859,1.009085166,0.858113541,0.840480621,1.383241612,1.439265154,1.19518381,0.892595586,0.997430686,0.604669236,0.198456654,0.225124425,0.314702116,0.370667297,0.351788326,0.25637284,0.139130487,0.053953951,0.164404928,0.110699001,0.102595439,0.174881083,0.106568031,0.18375102,0.618038501,0.381820365,0.215618765,0.92587914,0.999473956,1.063513707,0.849000165,2.965239463,1.505073329,2.022258471,2.362836144,1.196547658,0.811491124,0.753799867,0.468459288,0.595087742,0.780970349,0.7930724,0.658377181,
Austria,AUT,Coal rents (% of GDP),NY.GDP.COAL.RT.ZS,,,,,,,,,,,0,0.002451349,0.002375289,0.002210201,0.0045375,0.032702751,0.031488052,0.025855391,0.014812314,0.009524807,0.018988537,0.04907701,0.056560692,0.022336448,0.012505642,0.018748381,0.003798915,0.000798357,0.000873348,0.001078298,0.003581445,0.002741958,0.001213916,0.000125743,0.000124892,0.000502745,0.00022759,0.000109043,0.000210344,3.76E-05,0.000454909,0.001454311,0.000525493,0.000378304,0.000657099,0,0,0,0,0,0,0,0,0,0,0,0,0,0,0,
Azerbaijan,AZE,Coal rents (% of GDP),NY.GDP.COAL.RT.ZS,,,,,,,,,,,,,,,,,,,,,,,,,,,,,,,0,0,0,0,0,0,0,0,0,0,0,0,0,0,0,0,0,0,0,0,0,0,0,0,0,0,0,0,0,0,
Burundi,BDI,Coal rents (% of GDP),NY.GDP.COAL.RT.ZS,,,,,,,,,,,,,,,,,,,,,0,0,0,0,0,0,0,0,0,0,0,0,0,0,0,0,0,0,0,0,0,0,0,0,0,0,0,0,0,0,0,0,0,0,0,0,0,0,0,0,
Belgium,BEL,Coal rents (% of GDP),NY.GDP.COAL.RT.ZS,,,,,,,,,,,0.10391407,0.10928789,0.081081903,0.059817301,0.094976536,0.19980251,0.215707271,0.180842175,0.128705149,0.101109335,0.100430603,0.166289481,0.21594936,0.15860616,0.130387348,0.118018412,0.055862661,0.020505838,0.003725369,0.000267624,0.002324065,0.00124802,0.000211738,0,0,0,0,0,0,0,0,0,0,0,0,0,0,0,0,0,0,0,0,0,0,0,0,0,0,0,
Benin,BEN,Coal rents (% of GDP),NY.GDP.COAL.RT.ZS,,,,,,,,,,,,0,0,0,0,0,0,0,0,0,0,0,0,0,0,0,0,0,0,0,0,0,0,0,0,0,0,0,0,0,0,0,0,0,0,0,0,0,0,0,0,0,0,0,0,0,0,0,0,0,
Burkina Faso,BFA,Coal rents (% of GDP),NY.GDP.COAL.RT.ZS,,,,,,,,,,,,,,,,,,,,,0,0,0,0,0,0,0,0,0,0,0,0,0,0,0,0,0,0,0,0,0,0,0,0,0,0,0,0,0,0,0,0,0,0,0,0,0,0,0,0,
Bangladesh,BGD,Coal rents (% of GDP),NY.GDP.COAL.RT.ZS,,,,,,,,,,,,0,0,0,0,0,0,0,0,0,0,0,0,0,0,0,0,0,0,0,0,0,0,0,0,0,0,0,0,0,0,0,0,0,0,0.006889371,0.012404892,0.019814517,0.063671855,0.033401607,0.037650674,0.039843448,0.034322945,0.026091466,0.021343328,0.010460013,0.015671081,0.021068835,0.018759267,0.012440322,
Bulgaria,BGR,Coal rents (% of GDP),NY.GDP.COAL.RT.ZS,,,,,,,,,,,,,,,,,,,,,0.479448068,0.972696782,1.184459301,0.587220362,0.313139475,0.426287894,0.123438037,0.02946072,0.052214942,0.069716458,0.230743831,0.375963464,0.264282425,0.026342776,0.037186957,0.099761476,0.090792685,0.03870011,0.057467601,0.00959425,0.099519858,0.321113158,0.091522523,0.080722939,0.622500569,0.327326102,0.308633993,0.434676543,1.111968424,0.327792637,0.691788659,0.950745074,0.392856105,0.168350986,0.141928412,0.113049582,0.104201811,0.141543765,0.132490666,0.093615953,
Bahrain,BHR,Coal rents (% of GDP),NY.GDP.COAL.RT.ZS,,,,,,,,,,,,,,,,,,,,,0,0,0,0,0,0,0,0,0,0,0,0,0,0,0,0,0,0,0,0,0,0,0,0,0,0,0,0,0,0,0,0,0,0,0,0,0,0,0,0,
"Bahamas, The",BHS,Coal rents (% of GDP),NY.GDP.COAL.RT.ZS,,,,,,,,,,,,,,,,,,,,,0,0,0,0,0,0,0,0,0,0,0,0,0,0,0,0,0,0,0,0,0,0,0,0,0,0,0,0,0,0,0,0,0,0,0,0,0,0,0,0,
Bosnia and Herzegovina,BIH,Coal rents (% of GDP),NY.GDP.COAL.RT.ZS,,,,,,,,,,,,,,,,,,,,,,,,,,,,,,,,,,,0.016847382,0.066834246,0.0374302,0.037387276,0.083342737,0.012890397,0.136727165,0.435513011,0.136154718,0.127553207,0.980780079,0.615078878,0.617064745,0.813474463,2.388209933,0.786556406,1.442052319,1.915000727,0.872457463,0.410772751,0.261918586,0.191504772,0.229643396,0.294254793,0.310322451,0.227436283,
Belarus,BLR,Coal rents (% of GDP),NY.GDP.COAL.RT.ZS,,,,,,,,,,,,,,,,,,,,,,,,,,,,,,,0,0,0,0,0,0,0,0,0,0,0,0,0,0,0,0,0,0,0,0,0,0,0,0,0,0,0,0,0,0,
Belize,BLZ,Coal rents (% of GDP),NY.GDP.COAL.RT.ZS,,,,,,,,,,,,,,,,,,,,,0,0,0,0,0,0,0,0,0,0,0,0,0,0,0,0,0,0,0,0,0,0,0,0,0,0,0,0,0,0,0,0,0,0,0,0,0,0,0,0,
Bermuda,BMU,Coal rents (% of GDP),NY.GDP.COAL.RT.ZS,,,,,,,,,,,,,,,,,,,,,0,0,0,0,0,0,0,0,0,0,0,0,0,0,0,0,0,0,0,0,0,0,0,0,0,0,0,0,0,0,0,0,0,0,0,0,0,0,0,0,
Bolivia,BOL,Coal rents (% of GDP),NY.GDP.COAL.RT.ZS,,,,,,,,,,,,0,0,0,0,0,0,0,0,0,0,0,0,0,0,0,0,0,0,0,0,0,0,0,0,0,0,0,0,0,0,0,0,0,0,0,0,0,0,0,0,0,0,0,0,0,0,0,0,0,
Brazil,BRA,Coal rents (% of GDP),NY.GDP.COAL.RT.ZS,,,,,,,,,,,,0.007341728,0.005934757,0.004827499,0.013404911,0.026461129,0.029385018,0.030257056,0.027049358,0.024588902,0.030438761,0.044445701,0.049816306,0.043984125,0.035528149,0.036577453,0.017421912,0.004475291,0.006770746,0.008324492,0.005371522,0.003662439,0.002985704,0.000166377,0.000545481,0.001802374,0.001157306,0.000875482,2.06E-05,1.40E-05,7.02E-06,0.003015499,0.000385201,0.000646021,0.012016399,0.007570868,0.006606767,0.008428432,0.022414358,0.007111085,0.00905381,0.010434677,0.009058033,0.009235362,0.006677493,0.006441225,0.006243883,0.005303391,0.007175578,0.005384537,
Barbados,BRB,Coal rents (% of GDP),NY.GDP.COAL.RT.ZS,,,,,,,,,,,,,,,,,,,,,0,0,0,0,0,0,0,0,0,0,0,0,0,0,0,0,0,0,0,0,0,0,0,0,0,0,0,0,0,0,0,0,0,0,0,0,0,0,0,0,
Brunei Darussalam,BRN,Coal rents (% of GDP),NY.GDP.COAL.RT.ZS,,,,,,,,,,,,0,0,0,0,0,0,0,0,,0,0,0,0,0,0,0,0,0,0,0,0,0,0,0,0,0,0,0,0,0,0,0,0,0,0,0,0,0,0,0,0,0,0,0,0,0,0,0,0,
Bhutan,BTN,Coal rents (% of GDP),NY.GDP.COAL.RT.ZS,,,,,,,,,,,,,,,,,,,,,0.00060089,0.001541325,0.001752636,0.001875089,0.002887698,0.004027247,0.004042886,0.004813194,0.006247604,0.007899042,0.008054066,0.009403847,0.231775039,0.137177237,0.181104493,0.275096733,0.220191572,0.13631276,0.100094096,0.068989389,0.092335786,0.224848161,0.14526037,0.107001388,0.111773171,0.223519069,0.252965808,0.2810393,0.669176805,0.125883534,0.270239827,0.301648485,0.219420178,0,0,0,0,0,0,0,
Botswana,BWA,Coal rents (% of GDP),NY.GDP.COAL.RT.ZS,,,,,,,,,,,,,,,,,,,,,0.663600079,1.236004881,1.477038946,0.753961974,0.566675642,0.78699098,0.546131679,0.278122213,0.32848081,0.364175612,0.376737733,0.347958133,0.339113517,0.240960842,0.250343875,0.324110871,0.234916212,0.185903366,0.169065852,0.103384344,0.141605853,0.253388687,0.171528322,0.123347493,0.348542009,0.270780555,0.281419336,0.317716522,0.755471782,0.225355864,0.424236468,0.358519936,0.4814118,0.380390281,0.289933953,0.273924706,0.255633898,0.362810294,0.445826834,0.332180266,
Central African Republic,CAF,Coal rents (% of GDP),NY.GDP.COAL.RT.ZS,,,,,,,,,,,,,,,,,,,,,0,0,0,0,0,0,0,0,0,0,0,0,0,0,0,0,0,0,0,0,0,0,0,0,0,0,0,0,0,0,0,0,0,0,0,0,0,0,0,0,
Canada,CAN,Coal rents (% of GDP),NY.GDP.COAL.RT.ZS,,,,,,,,,,,0.043373678,0.056702572,0.05908197,0.06513482,0.108052359,0.276796712,0.258102045,0.278578111,0.287656699,0.262213067,0.27741076,0.376774784,0.419394419,0.28720733,0.301085327,0.31096841,0.219249847,0.124979933,0.140205927,0.17662648,0.180125049,0.181149648,0.138999096,0.114736106,0.095314294,0.16484467,0.171376253,0.155309469,0.117625913,0.069200648,0.068104044,0.112389946,0.086138549,0.070537539,0.141936412,0.152678777,0.153698792,0.1101604,0.374914611,0.198467998,0.247000531,0.311002066,0.163607129,0.104900639,0.079366324,0.066959111,0.080106895,0.090499148,0.085080099,0.061579746,
Central Europe and the Baltics,CEB,Coal rents (% of GDP),NY.GDP.COAL.RT.ZS,,,,,,,,,,,,,,,,,,,,,0.479448068,0.972696782,1.184459301,0.587220362,0.313139475,0.426287894,0.123438037,0.071038337,0.091687507,0.123056061,1.128972838,0.881387903,0.606365364,0.315845128,0.190100961,0.230208395,0.184136614,0.153890446,0.125754674,0.057827993,0.11273221,0.265820686,0.132855698,0.105881853,0.465544314,0.34307161,0.326344629,0.295278772,0.857051855,0.328019153,0.521345548,0.611797086,0.312331157,0.141088869,0.113930815,0.102760058,0.110238751,0.130084021,0.127340612,0.096589126,
Switzerland,CHE,Coal rents (% of GDP),NY.GDP.COAL.RT.ZS,,,,,,,,,,,0,0,0,0,0,0,0,0,0,0,0,0,0,0,0,0,0,0,0,0,0,0,0,0,0,0,0,0,0,0,0,0,0,0,0,0,0,0,0,0,0,0,0,0,0,0,0,0,0,0,
Channel Islands,CHI,Coal rents (% of GDP),NY.GDP.COAL.RT.ZS,,,,,,,,,,,,,,,,,,,,,,,,,,,,,,,,,,,,,,,,,,,,,,,,,,,,,,,,,,,,,
Chile,CHL,Coal rents (% of GDP),NY.GDP.COAL.RT.ZS,,,,,,,,,,,,1.75E-07,2.56E-06,6.56E-06,0.020600109,0.209620268,0.133832552,0.104394254,0.060029438,0.034234311,0.058918307,0.092902694,0.121483776,0.070919464,0.055720599,0.086902567,0.038080833,2.94E-05,0.003472449,0.02507801,0.028030072,0.022516736,0.004465864,0,0,0.001210861,0.000120614,0,0,0,0,0.000374207,0,2.24E-07,0.003862075,0.003635523,0.003152567,0.002302078,0.016728079,0.003407138,0.007347395,0.008841737,0.006155586,0.018655109,0.02123839,0.013230887,0.011644127,0.013612338,0.013885599,0.010741102,
China,CHN,Coal rents (% of GDP),NY.GDP.COAL.RT.ZS,,,,,,,,,,,,0.071901104,0.066747421,0.074793733,0.708382271,2.689025988,3.026941115,3.076800238,3.329811536,2.690779525,4.544976537,7.948075236,8.720416017,4.385011955,2.98087284,3.043732631,1.583281532,0.192834301,0.907487392,1.468714746,1.692228582,1.332548206,0.681826305,0.139915526,0.062797636,0.415214375,0.127230526,0.083409792,0.149197139,0.070094996,0.145299039,0.755540632,0.212393816,0.175690394,2.442334827,1.812570952,1.800467184,2.056039885,4.952110594,1.713526225,2.744802374,3.534045914,1.782535093,1.081208082,0.794104008,0.406939843,0.413619945,0.539149611,0.577117159,0.427944418,
Cote d'Ivoire,CIV,Coal rents (% of GDP),NY.GDP.COAL.RT.ZS,,,,,,,,,,,,,,,,,,,0,0,0,0,0,0,0,0,0,0,0,0,0,0,0,0,0,0,0,0,0,0,0,0,0,0,0,0,0,0,0,0,0,0,0,0,0,0,0,0,0,0,
Cameroon,CMR,Coal rents (% of GDP),NY.GDP.COAL.RT.ZS,,,,,,,,,,,,0,0,0,0,0,0,0,0,0,0,0,0,0,0,0,0,0,0,0,0,0,0,0,0,0,0,0,0,0,0,0,0,0,0,0,0,0,0,0,0,0,0,0,0,0,0,0,0,0,
"Congo, Dem. Rep.",COD,Coal rents (% of GDP),NY.GDP.COAL.RT.ZS,,,,,,,,,,,,0.00730931,0.008504179,0.008374888,0.010636333,0.02669036,0.019519484,0.01873035,0.011925585,0.011768,0.024038452,0.041588717,0.034794905,0.024559666,0.029454852,0.036095186,0.024393548,0.019107108,0.021167815,0.025091317,0.02591306,0,0,0,0,0,0,0,0,0,0,0,0,0,0,0,0,0,0,0,0,0,0,0,0,0,0,0,0,0,
"Congo, Rep.",COG,Coal rents (% of GDP),NY.GDP.COAL.RT.ZS,,,,,,,,,,,,0,0,0,0,0,0,0,0,0,0,0,0,0,0,0,0,0,0,0,0,0,0,0,0,0,0,0,0,0,0,0,0,0,0,0,0,0,0,0,0,0,0,0,0,0,0,0,0,0,
Colombia,COL,Coal rents (% of GDP),NY.GDP.COAL.RT.ZS,,,,,,,,,,,,0.041017235,0.036823549,0.034318163,0.12211583,0.39696081,0.401369422,0.335788091,0.278783871,0.215396363,0.21866717,0.331504941,0.36529375,0.243297347,0.218471336,0.329507661,0.190039883,0.054428761,0.060487676,0.217843007,0.234974123,0.200180791,0.0909772,0.032396885,0.014478449,0.037862312,0.021388096,0.016613058,0.017159287,0.005501109,0.005654292,0.033793679,0.017923077,0.01223523,0.899113352,0.461125416,0.51043007,0.844270583,2.282326402,0.554695024,1.116906453,1.587720632,0.893676828,0.621598849,0.496080628,0.474826007,0.587770039,0.714389606,0.712420562,0.543751024,
Comoros,COM,Coal rents (% of GDP),NY.GDP.COAL.RT.ZS,,,,,,,,,,,,,,,,,,,,,0,0,0,0,0,0,0,0,0,0,0,0,0,0,0,0,0,0,0,0,0,0,0,0,0,0,0,0,0,0,0,0,0,0,0,0,0,0,0,0,
Cabo Verde,CPV,Coal rents (% of GDP),NY.GDP.COAL.RT.ZS,,,,,,,,,,,,,,,,,,,,,0,0,0,0,0,0,0,0,0,0,0,0,0,0,0,0,0,0,0,0,0,0,0,0,0,0,0,0,0,0,0,0,0,0,0,0,0,0,0,0,
Costa Rica,CRI,Coal rents (% of GDP),NY.GDP.COAL.RT.ZS,,,,,,,,,,,,0,0,0,0,0,0,0,0,0,0,0,0,0,0,0,0,0,0,0,0,0,0,0,0,0,0,0,0,0,0,0,0,0,0,0,0,0,0,0,0,0,0,0,0,0,0,0,0,0,
Caribbean small states,CSS,Coal rents (% of GDP),NY.GDP.COAL.RT.ZS,,,,,,,,,,,,,0,0,0,0,0,0,,,0,0,0,0,0,0,0,0,0,0,0,0,0,0,0,0,0,0,0,0,0,0,0,0,0,0,0,0,0,0,0,0,0,0,0,0,0,0,0,0,
Cuba,CUB,Coal rents (% of GDP),NY.GDP.COAL.RT.ZS,,,,,,,,,,,,0,0,0,0,0,0,0,0,0,0,0,0,0,0,0,0,0,0,0,0,0,0,0,0,0,0,0,0,0,0,0,0,0,0,0,0,0,0,0,0,0,0,0,0,0,0,0,0,,
Curacao,CUW,Coal rents (% of GDP),NY.GDP.COAL.RT.ZS,,,,,,,,,,,,,,,,,,,,,,,,,,,,,,,,,,,,,,,,,,,,,,,,,,,,0,0,0,0,0,0,0,0,0,
Cayman Islands,CYM,Coal rents (% of GDP),NY.GDP.COAL.RT.ZS,,,,,,,,,,,,,,,,,,,,,,,,,,,,,,,,,,,,,,,,,,,,,,,0,0,0,0,0,0,0,0,0,0,0,0,0,,
Cyprus,CYP,Coal rents (% of GDP),NY.GDP.COAL.RT.ZS,,,,,,,,,,,,,,,,0,0,0,0,0,0,0,0,0,0,0,0,0,0,0,0,0,0,0,0,0,0,0,0,0,0,0,0,0,0,0,0,0,0,0,0,0,0,0,0,0,0,0,0,0,
Czech Republic,CZE,Coal rents (% of GDP),NY.GDP.COAL.RT.ZS,,,,,,,,,,,,,,,,,,,,,,,,,,,,,,,1.379222834,1.658396395,1.059243757,0.489426854,0.274632381,0.338647797,0.280139219,0.252737779,0.230306856,0.10424521,0.203787317,0.445349152,0.22048249,0.167427142,0.653673362,0.540903303,0.527963798,0.455412306,1.328638639,0.528595922,0.777441585,0.892237157,0.446050665,0.183969336,0.147812278,0.120276245,0.121554899,0.137818193,0.130069147,0.099324664,
Germany,DEU,Coal rents (% of GDP),NY.GDP.COAL.RT.ZS,,,,,,,,,,,0.132445157,0.151251296,0.115803766,0.095503874,0.174816417,0.558965662,0.593461122,0.495382072,0.337543857,0.270450392,0.346837395,0.737559301,0.829217567,0.4555613,0.331077331,0.367431204,0.141787119,0.063445109,0.057012933,0.077250913,0.103669494,0.083791071,0.054365004,0.031281857,0.017204947,0.0234116,0.021278284,0.018977225,0.017000653,0.00910564,0.015493686,0.035453413,0.020936113,0.015435147,0.069483462,0.060935241,0.057419615,0.059207163,0.179434331,0.065539648,0.102030235,0.11763972,0.056878298,0.024779671,0.019059198,0.014172972,0.013788056,0.017431884,0.017585168,0.01341616,
Djibouti,DJI,Coal rents (% of GDP),NY.GDP.COAL.RT.ZS,,,,,,,,,,,,,,,,,,,,,,,,,,0,,0,0,0,0,0,0,0,0,0,0,0,0,0,0,0,0,0,0,0,0,0,0,0,0,0,0,0,0,0,0,0,0,0,
Dominica,DMA,Coal rents (% of GDP),NY.GDP.COAL.RT.ZS,,,,,,,,,,,,,,,,,,,,,0,0,0,0,0,0,0,0,0,0,0,0,0,0,0,0,0,0,0,0,0,0,0,0,0,0,0,0,0,0,0,0,0,0,0,0,0,0,0,0,
Denmark,DNK,Coal rents (% of GDP),NY.GDP.COAL.RT.ZS,,,,,,,,,,,0,0,0,0,0,0,0,0,0,0,0,0,0,0,0,0,0,0,0,0,0,0,0,0,0,0,0,0,0,0,0,0,0,0,0,0,0,0,0,0,0,0,0,0,0,0,0,0,0,0,
Dominican Republic,DOM,Coal rents (% of GDP),NY.GDP.COAL.RT.ZS,,,,,,,,,,,,0,0,0,0,0,0,0,0,0,0,0,0,0,0,0,0,0,0,0,0,0,0,0,0,0,0,0,0,0,0,0,0,0,0,0,0,0,0,0,0,0,0,0,0,0,0,0,0,0,
Algeria,DZA,Coal rents (% of GDP),NY.GDP.COAL.RT.ZS,,,,,,,,,,,,0.002531959,0.002806335,0.003496774,0.008614685,0.020400397,0.001392264,0.000604615,0,0.000246986,0.000177163,0.000208778,0.001240306,0.001517631,0.001176206,0.000920874,0.000336328,0.000288524,0.00015478,0.000204542,0,0,0,0,0,0,0,0,0,0,0,0,0,0,0,0,0,0,0,0,0,0,0,0,0,0,0,0,0,0,
East Asia & Pacific (excluding high income),EAP,Coal rents (% of GDP),NY.GDP.COAL.RT.ZS,,,,,,,,,,,,0.05604254,0.052050869,0.056571829,0.49416224,1.888870018,1.974238084,1.972370282,1.888378926,1.57220206,2.438562826,4.087402708,4.478653986,2.413884759,1.697849754,1.852885857,0.941274693,0.106754519,0.514649109,0.859444008,0.959188255,0.744495745,0.383975896,0.076410952,0.038480453,0.255933367,0.085219219,0.058397642,0.123010823,0.056460203,0.1205224,0.609920578,0.176325976,0.146762226,1.961109272,1.460424191,1.468567142,1.739325071,4.203248817,1.493094103,2.375722617,3.127810576,1.602661486,1.000234115,0.745056754,0.387533051,0.398105162,0.520317143,0.568167982,0.417011448,
Early-demographic dividend,EAR,Coal rents (% of GDP),NY.GDP.COAL.RT.ZS,,,,,,,,,,,,0.140749818,0.142212263,0.142592713,0.204736489,0.433246946,0.446063109,0.435302005,0.37394745,0.332470812,0.384657216,0.552089753,0.657330525,0.441793186,0.394356677,0.437526473,0.348285235,0.246224321,0.299965292,0.362420462,0.340692284,0.352546657,0.285788332,0.185300994,0.189676058,0.285552157,0.240618988,0.197572603,0.159370486,0.106304454,0.140659594,0.257755868,0.176675455,0.190129213,0.552337519,0.410974527,0.422201939,0.522826702,1.116898148,0.512286733,0.705781463,0.895241618,0.575088049,0.450698364,0.361695149,0.276133943,0.30994656,0.391178212,0.485769113,0.36374357,
East Asia & Pacific,EAS,Coal rents (% of GDP),NY.GDP.COAL.RT.ZS,,,,,,,,,,,,0.033520782,0.028116906,0.026735575,0.167385545,0.641453683,0.637203167,0.606633221,0.433120308,0.382951867,0.586069708,0.964017046,1.127733193,0.625440826,0.450396486,0.505532697,0.20241438,0.026359572,0.082008878,0.140943581,0.161132532,0.123350682,0.068092119,0.017293192,0.007990841,0.047576502,0.021619675,0.017849445,0.035956887,0.017083193,0.034529126,0.176347628,0.065679359,0.051197007,0.599789918,0.505695933,0.573718897,0.72922392,1.999212637,0.762144453,1.238437414,1.695545695,0.903587031,0.615311331,0.482635625,0.26399856,0.270031844,0.361595845,0.400562018,0.299951891,
Europe & Central Asia (excluding high income),ECA,Coal rents (% of GDP),NY.GDP.COAL.RT.ZS,,,,,,,,,,,0.068131437,0.09114191,0.072482821,0.065567486,0.104563796,0.261065762,0.269865616,0.234842277,0.19165514,0.116384699,0.26557778,0.519356633,0.656693882,0.357451302,0.243075011,0.300391834,0.114401926,0.059678976,,,0.657842133,0.441090609,0.473647344,0.264175666,0.177298426,0.239289692,0.201874122,0.158832988,0.167787568,0.11313363,0.175295976,0.419056643,0.245234253,0.185970814,0.608478153,0.50336837,0.451947541,0.375967394,1.211464414,0.575234339,0.740951031,0.786453646,0.394511413,0.17755149,0.163803765,0.183288631,0.225897143,0.294868014,0.343702567,0.266558074,
Europe & Central Asia,ECS,Coal rents (% of GDP),NY.GDP.COAL.RT.ZS,,,,,,,,,,,0.052264836,0.059718908,0.044774304,0.038735008,0.067856152,0.226447281,0.242074073,0.207589632,0.138063584,0.102744973,0.12970135,0.282864426,0.320470194,0.16448988,0.098923772,0.118255223,0.04397654,0.018978214,0.01666161,0.021580613,0.118218325,0.080904505,0.066265313,0.038942063,0.022960621,0.032129731,0.026600423,0.02259737,0.020892924,0.010935482,0.020800604,0.050408492,0.028808523,0.022458149,0.090796912,0.081701274,0.081220125,0.077442651,0.265289416,0.107360467,0.163277485,0.190648063,0.101411566,0.046239857,0.038792828,0.037018153,0.042444255,0.057277551,0.062872165,0.049654131,
Ecuador,ECU,Coal rents (% of GDP),NY.GDP.COAL.RT.ZS,,,,,,,,,,,,0,0,0,0,0,0,0,0,0,0,0,0,0,0,0,0,0,0,0,0,0,0,0,0,0,0,0,0,0,0,0,0,0,0,0,0,0,0,0,0,0,0,0,0,0,0,0,0,0,
"Egypt, Arab Rep.",EGY,Coal rents (% of GDP),NY.GDP.COAL.RT.ZS,,,,,,,,,,,,0,0,0,0,0,0,0,0,0,0,0,0,0,0,0,0,0,0,0,0,0,0,0,0,0,0,0,0,0,0.000251041,0.000445043,0.000251079,0.000283157,0.001281345,0.000620432,0,0,0,0,0,0,0,0,0,0,0,0,0,0,
Euro area,EMU,Coal rents (% of GDP),NY.GDP.COAL.RT.ZS,,,,,,,,,,,0.056426905,0.06419026,0.048758052,0.04034074,0.071906324,0.219605746,0.236962406,0.202467936,0.137106079,0.106961989,0.132452243,0.278636093,0.316535021,0.173277292,0.121913027,0.133945861,0.050936297,0.022046847,0.019140813,0.025026824,0.036384519,0.029843296,0.019499182,0.011187709,0.006322329,0.009353488,0.007728056,0.006402346,0.005849237,0.002879509,0.005583848,0.013447055,0.007001869,0.005166885,0.025238515,0.020188795,0.0188871,0.020658635,0.060120434,0.021313655,0.034421242,0.040033605,0.01956771,0.008566076,0.006663455,0.004850707,0.004602517,0.00595383,0.005918739,0.004501722,
Eritrea,ERI,Coal rents (% of GDP),NY.GDP.COAL.RT.ZS,,,,,,,,,,,,,,,,,,,,,,,,,,,,,,,,,0,0,0,0,0,0,0,0,0,0,0,0,0,0,0,0,0,0,0,0,,,,,,,,,
Spain,ESP,Coal rents (% of GDP),NY.GDP.COAL.RT.ZS,,,,,,,,,,,0.018464077,0.020661254,0.016465938,0.012684976,0.021955898,0.083768846,0.092019703,0.095453525,0.06120918,0.043239313,0.069904685,0.204375879,0.260152121,0.128485972,0.063984218,0.085101805,0.021799022,0.004907194,0.005587315,0.005304803,0.019175786,0.014756698,0.007950827,0.001314184,0.001721021,0.006157557,0.003705068,0.001925672,0.002318762,0.000229927,0.003780972,0.011971259,0.003863341,0.003102552,0.020669827,0.012621019,0.011673308,0.014514849,0.032326071,0.009708667,0.016521157,0.01592518,0.007663207,0.002970767,0.002553208,0.001723757,0.001123465,0.001895622,0.001262945,0.00094375,
Estonia,EST,Coal rents (% of GDP),NY.GDP.COAL.RT.ZS,,,,,,,,,,,,,,,,,,,,,,,,,,,,,,,,,,0,0,0,0,0,0,0,0,0,0,0,0,0,0,0,0,0,0,0,0,0,0,0,0,0,0,0,
Ethiopia,ETH,Coal rents (% of GDP),NY.GDP.COAL.RT.ZS,,,,,,,,,,,,,,,,,,,,,,0,0,0,0,0,0,0,0,0,0,0,0,0,0,0,0,0,0,0,0,0,0,0,0,0,0,0,0,0.001902178,0.007219576,0.005019091,0,0,0,0,0,0,0,0,
European Union,EUU,Coal rents (% of GDP),NY.GDP.COAL.RT.ZS,,,,,,,,,,,0.05193235,0.05922061,0.045034711,0.037369121,0.066707873,0.202840892,0.218183714,0.187209797,0.127418111,0.099611398,0.125724548,0.264335435,0.30209685,0.164862834,0.115055165,0.126692015,0.047966161,0.021336421,0.018820815,0.024632463,0.064477927,0.053927633,0.035780094,0.021088497,0.012753898,0.019288014,0.01600023,0.013886055,0.01227694,0.005749768,0.011542109,0.028582353,0.014858123,0.011304746,0.052957191,0.043012898,0.042015561,0.042975253,0.131639284,0.046963291,0.076205798,0.089939271,0.045336393,0.020296201,0.016284769,0.013882504,0.014340702,0.017889078,0.018045705,0.014033944,
Fragile and conflict affected situations,FCS,Coal rents (% of GDP),NY.GDP.COAL.RT.ZS,,,,,,,,,,,,0.036102528,0.030720206,0.033145707,0.037853348,0.061073717,0.063341831,0.054556278,0.046636754,0.046164971,0.036139856,0.03240178,0.035342762,0.027756335,0.025960314,0.031534392,0.029655711,0.028330258,0.031579521,0.045190634,0.031398285,0.056909404,0.048861338,0.034281097,0.033607588,0.039610457,0.03125245,0.021229667,0.016945436,0.012773947,0.014083679,0.026774381,0.016728708,0.014354311,0.061360758,0.038779187,0.033752806,0.041165934,0.075340617,0.023273777,0.036196204,0.051912486,0.039687315,0.029246586,0.027754022,0.027686176,0.028078037,0.06698043,0.064888509,0.051816104,
Finland,FIN,Coal rents (% of GDP),NY.GDP.COAL.RT.ZS,,,,,,,,,,,0,0,0,0,0,0,0,0,0,0,0,0,0,0,0,0,0,0,0,0,0,0,0,0,0,0,0,0,0,0,0,0,0,0,0,0,0,0,0,0,0,0,0,0,0,0,0,0,0,0,
Fiji,FJI,Coal rents (% of GDP),NY.GDP.COAL.RT.ZS,,,,,,,,,,,,,,,,,,,,,0,0,0,0,0,0,0,0,0,0,0,0,0,0,0,0,0,0,0,0,0,0,0,0,0,0,0,0,0,0,0,0,0,0,0,0,0,0,0,0,
France,FRA,Coal rents (% of GDP),NY.GDP.COAL.RT.ZS,,,,,,,,,,,0.025932456,0.025499351,0.018251004,0.013703635,0.023225241,0.070368187,0.075675792,0.066303212,0.040186152,0.02882217,0.032877759,0.07178013,0.079830858,0.038801,0.027758645,0.027039034,0.008874021,0.003307601,0.002782952,0.003536467,0.007476934,0.006474465,0.003848109,0.002065113,0.001072603,0.001477569,0.000794564,0.000348564,0.000329664,2.46E-05,0.000420285,0.000935286,0.000249087,0.000248187,0.000155987,0,0,0,0,0,0,0,0,0,0,0,0,0,0,0,
Faroe Islands,FRO,Coal rents (% of GDP),NY.GDP.COAL.RT.ZS,,,,,,,,,,,,,,,,,,,,,,,,,,,,,,,,,,,,,,,0,0,0,0,0,0,0,0,0,0,0,0,0,0,0,,,,,,,,
"Micronesia, Fed. Sts.",FSM,Coal rents (% of GDP),NY.GDP.COAL.RT.ZS,,,,,,,,,,,,,,,,,,,,,,,,,,,,,,,,,,,,,,,,,,,,,,,,,,,,,,,,,,,,,
Gabon,GAB,Coal rents (% of GDP),NY.GDP.COAL.RT.ZS,,,,,,,,,,,,0,0,0,0,0,0,0,0,0,0,0,0,0,0,0,0,0,0,0,0,0,0,0,0,0,0,0,0,0,0,0,0,0,0,0,0,0,0,0,0,0,0,0,0,0,0,0,0,0,
United Kingdom,GBR,Coal rents (% of GDP),NY.GDP.COAL.RT.ZS,,,,,,,,,,,0.056445586,0.064094053,0.043958244,0.047844727,0.077186405,0.406499144,0.443288934,0.380119352,0.219064006,0.1315606,0.185589297,0.454570488,0.502843419,0.203979686,0.030508679,0.094496624,0.028357168,0.008136865,0.00715262,0.007636897,0.040245269,0.034091553,0.016666669,0.002857879,0.002618295,0.009310452,0.005971123,0.003249935,0.002524431,0.000261864,0.003111619,0.010925761,0.004238437,0.00375022,0.019804948,0.01104934,0.009717075,0.012119938,0.045258223,0.016622423,0.030643463,0.036033079,0.015639727,0.006615698,0.005277045,0.003492828,0.002092573,0.002062025,0.001916516,0.001425609,
Georgia,GEO,Coal rents (% of GDP),NY.GDP.COAL.RT.ZS,,,,,,,,,,,,,,,,,,,,,,,,,,,,,,,0.213326315,0.097485086,0.008241005,0.029255744,0.002192473,0.001902791,0.0004486,5.20E-05,0.000297482,7.39E-05,0.000294476,0.000132454,0.000251163,0.000308819,0.002356407,0.000768135,0.001203341,0.002346794,0.004538005,0.022114396,0.025600298,0.034267238,0.024478015,0.019103394,0.010909965,0.008124882,0.008811005,0.00989798,0.005542809,0.004081645,
Ghana,GHA,Coal rents (% of GDP),NY.GDP.COAL.RT.ZS,,,,,,,,,,,,0,0,0,0,0,0,0,0,0,0,0,0,0,0,0,0,0,0,0,0,0,0,0,0,0,0,0,0,0,0,0,0,0,0,0,0,0,0,0,0,0,0,0,0,0,0,0,0,0,
Gibraltar,GIB,Coal rents (% of GDP),NY.GDP.COAL.RT.ZS,,,,,,,,,,,,,,,,,,,,,,,,,,,,,,,,,,,,,,,,,,,,,,,,,,,,,,,,,,,,,
Guinea,GIN,Coal rents (% of GDP),NY.GDP.COAL.RT.ZS,,,,,,,,,,,,,,,,,,,,,,,,,,,0,0,0,0,0,0,0,0,0,0,0,0,0,0,0,0,0,0,0,0,0,0,0,0,0,0,0,0,0,0,0,0,0,0,
"Gambia, The",GMB,Coal rents (% of GDP),NY.GDP.COAL.RT.ZS,,,,,,,,,,,,,,,,,,,,,0,0,0,0,0,0,0,0,0,0,0,0,0,0,0,0,0,0,0,0,0,0,0,0,0,0,0,0,0,0,0,0,0,0,0,0,0,0,0,0,
Guinea-Bissau,GNB,Coal rents (% of GDP),NY.GDP.COAL.RT.ZS,,,,,,,,,,,,,,,,,,,,,0,0,0,0,0,0,0,0,0,0,0,0,0,0,0,0,0,0,0,0,0,0,0,0,0,0,0,0,0,0,0,0,0,0,0,0,0,0,0,0,
Equatorial Guinea,GNQ,Coal rents (% of GDP),NY.GDP.COAL.RT.ZS,,,,,,,,,,,,,,,,,,,,,0,0,0,0,0,0,0,0,0,0,0,0,0,0,0,0,0,0,0,0,,,,,,,0,0,0,0,0,0,0,0,0,0,0,0,0,0,
Greece,GRC,Coal rents (% of GDP),NY.GDP.COAL.RT.ZS,,,,,,,,,,,0,0.004038102,0.004351455,0.004822282,0.011040747,0.108854674,0.124743372,0.114750933,0.060861651,0.048234901,0.096133008,0.257503253,0.277646726,0.14274928,0.087530149,0.141960044,0.037762549,0.012203475,0.017009532,0.024005098,0.068024863,0.057751429,0.030878205,0.003572946,0.004491373,0.019649135,0.010157946,0.004674555,0.009582347,0.001733742,0.019346855,0.062518759,0.018888757,0.014835837,0.127732175,0.080719755,0.073686674,0.107133071,0.288100891,0.092608097,0.172912948,0.229273897,0.12386562,0.054894925,0.042598945,0.028316698,0.022450252,0.033044759,0.0336743,0.025629812,
Grenada,GRD,Coal rents (% of GDP),NY.GDP.COAL.RT.ZS,,,,,,,,,,,,,,,,,,,,,0,0,0,0,0,0,0,0,0,0,0,0,0,0,0,0,0,0,0,0,0,0,0,0,0,0,0,0,0,0,0,0,0,0,0,0,0,0,0,0,
Greenland,GRL,Coal rents (% of GDP),NY.GDP.COAL.RT.ZS,,,,,,,,,,,,,,,,,,,,,0,0,0,0,0,0,0,0,0,0,0,0,0,0,0,0,0,0,0,0,0,0,0,0,0,0,0,0,0,0,0,0,0,0,0,0,0,0,0,,
Guatemala,GTM,Coal rents (% of GDP),NY.GDP.COAL.RT.ZS,,,,,,,,,,,,0,0,0,0,0,0,0,0,0,0,0,0,0,0,0,0,0,0,0,0,0,0,0,0,0,0,0,0,0,0,0,0,0,0,0,0,0,0,0,0,0,0,0,0,0,0,0,0,0,
Guam,GUM,Coal rents (% of GDP),NY.GDP.COAL.RT.ZS,,,,,,,,,,,,,,,,,,,,,,,,,,,,,,,,,,,,,,,,,,,0,0,0,0,0,0,0,0,0,0,0,0,0,0,0,0,0,,
Guyana,GUY,Coal rents (% of GDP),NY.GDP.COAL.RT.ZS,,,,,,,,,,,,,,,,,,,,,0,0,0,0,0,0,0,0,0,0,0,0,0,0,0,0,0,0,0,0,0,0,0,0,0,0,0,0,0,0,0,0,0,0,0,0,0,0,0,0,
High income,HIC,Coal rents (% of GDP),NY.GDP.COAL.RT.ZS,,,,,,,,,,,0.069819811,0.074499201,0.069306189,0.068814821,0.135489028,0.352277071,0.364291297,0.331195764,0.230384708,0.21312967,0.258985338,0.417037616,0.457058965,0.250660756,0.19549282,0.203487646,0.108780636,0.050877516,0.061073353,0.082016724,0.098622886,0.086128329,0.062888761,0.0328656,0.027137819,0.067677045,0.071991081,0.071228117,0.066732559,0.05032451,0.059923247,0.102168966,0.070167498,0.063942286,0.148171241,0.129427468,0.135170644,0.118879835,0.352381672,0.165650187,0.239864199,0.293371226,0.179461106,0.131212682,0.108524258,0.078308544,0.073381821,0.097922095,0.103881454,0.077160897,
"Hong Kong SAR, China",HKG,Coal rents (% of GDP),NY.GDP.COAL.RT.ZS,,,,,,,,,,,,0,0,0,0,0,0,0,0,0,0,0,0,0,0,0,0,0,0,0,0,0,0,0,0,0,0,0,0,0,0,0,0,0,0,0,0,0,0,0,0,0,0,0,0,0,0,0,0,0,
Honduras,HND,Coal rents (% of GDP),NY.GDP.COAL.RT.ZS,,,,,,,,,,,,0,0,0,0,0,0,0,0,0,0,0,0,0,0,0,0,0,0,0,0,0,0,0,0,0,0,0,0,0,0,0,0,0,0,0,0,0,0,0,0,0,0,0,0,0,0,0,0,0,
Heavily indebted poor countries (HIPC),HPC,Coal rents (% of GDP),NY.GDP.COAL.RT.ZS,,,,,,,,,,,,,,,,,,,0.022759024,0.017275941,0.021537944,0.02833205,0.030826131,0.018085226,0.016300412,0.017740288,0.011869855,0.007258747,0.009706132,0.010685535,0.010390708,0.008210433,0.008777689,0.006350501,0.005213292,0.006217122,0.00493172,0.003109494,0.00295893,0.002154557,0.002449947,0.004357809,0.002994642,0.003097464,0.00621065,0.003836951,0.002964089,0.004506129,0.009485912,0.005030022,0.010077534,0.032575048,0.06484934,0.049910526,0.044289433,0.036690124,0.040467232,0.100152628,0.097386036,0.078227328,
Croatia,HRV,Coal rents (% of GDP),NY.GDP.COAL.RT.ZS,,,,,,,,,,,,,,,,,,,,,,,,,,,,,,,,,,,,0.000800646,0.000421489,0.000156947,0.000176247,3.92E-06,0,0,0,0,0,0,0,0,0,0,0,0,0,0,0,0,0,0,0,0,
Haiti,HTI,Coal rents (% of GDP),NY.GDP.COAL.RT.ZS,,,,,,,,,,,,0,0,0,0,0,0,0,0,0,0,0,0,0,0,0,0,0,0,0,0,0,0,0,0,0,0,0,0,0,0,0,0,0,0,0,0,0,0,0,0,0,0,0,0,0,0,0,0,0,
Hungary,HUN,Coal rents (% of GDP),NY.GDP.COAL.RT.ZS,,,,,,,,,,,,,,,,,,,,,,,,,,,,,,,,0.105742315,0.053008477,0.004535878,0.005083109,0.02519163,0.014725058,0.006392483,0.011043605,0.001849411,0.018761233,0.050278958,0.013435972,0.011634427,0.075452327,0.036246597,0.0374644,0.05151772,0.134531137,0.044480749,0.085462298,0.102053426,0.047298723,0.023292867,0.017841925,0.011907102,0.012559258,0.013220807,0.013727623,0.00986385,
IBRD only,IBD,Coal rents (% of GDP),NY.GDP.COAL.RT.ZS,,,,,,,,,,,,0.104289518,0.102276196,0.102623899,0.265289226,0.79675856,0.792942861,0.791336923,0.687319282,0.593800661,0.806584495,1.290678704,1.488250345,0.906850219,0.717805293,0.805031526,0.476636057,0.186528828,0.318406636,0.437230338,0.532251974,0.453443845,0.362925381,0.184830734,0.145812466,0.25758446,0.180760473,0.145359341,0.140541215,0.090989706,0.136581201,0.379373134,0.186825709,0.177490523,1.024583634,0.756866144,0.749641845,0.86049188,2.142617723,0.867341436,1.298058711,1.681149673,0.930774834,0.611825917,0.481273352,0.316192831,0.341093619,0.434510378,0.498589298,0.373204415,
IDA & IBRD total,IBT,Coal rents (% of GDP),NY.GDP.COAL.RT.ZS,,,,,,,,,,,,0.09722919,0.095882528,0.097345009,0.244659863,0.720279779,0.721122566,0.722074997,0.620450143,0.536058673,0.717961253,1.096108906,1.275286368,0.79494316,0.637374701,0.717713565,0.42838501,0.169347688,0.288372854,0.398446169,0.494357441,0.420264546,0.33761657,0.174096666,0.138785151,0.243767976,0.171224819,0.137687748,0.132623742,0.085703235,0.127981088,0.354728672,0.174073088,0.165336513,0.952111975,0.704892154,0.696977003,0.803317803,2.004616959,0.810404049,1.217009319,1.580836156,0.875268669,0.574264197,0.451203391,0.295370925,0.319365689,0.409808774,0.469871815,0.351346544,
IDA total,IDA,Coal rents (% of GDP),NY.GDP.COAL.RT.ZS,,,,,,,,,,,,0.037974154,0.038104104,0.043011194,0.053193874,0.083218202,0.090091107,0.081213543,0.063078692,0.053835701,0.054858743,0.048372123,0.056160419,0.041391057,0.038471319,0.047223559,0.040195779,0.033222376,0.040615012,0.049292682,0.06108423,0.062415936,0.052775987,0.035314299,0.033978833,0.043487665,0.03354525,0.024397644,0.02079375,0.015340267,0.018651188,0.034833283,0.020202497,0.017744632,0.053118093,0.042025865,0.035763237,0.045320866,0.090284003,0.036620981,0.054087044,0.06996809,0.05416278,0.03825749,0.036188826,0.026491571,0.027885705,0.056300731,0.056543226,0.043527775,
IDA blend,IDB,Coal rents (% of GDP),NY.GDP.COAL.RT.ZS,,,,,,,,,,,,0.067525559,0.060101932,0.073800097,0.090409525,0.144465234,0.138913839,0.127846261,0.110170834,0.091354837,0.091808281,0.062704077,0.074797592,0.061926345,0.06159035,0.079043823,0.074925315,0.066064067,0.080769685,0.100677743,0.113630956,0.122101538,0.102459495,0.074535434,0.068868001,0.087890657,0.067646438,0.050282509,0.043441717,0.03184419,0.03677158,0.063695818,0.038416759,0.032941444,0.085799263,0.068380612,0.053964548,0.063908747,0.110667283,0.047744226,0.065565268,0.075795703,0.04099275,0.030205285,0.031673862,0.021746527,0.01921257,0.029688311,0.031383019,0.022691296,
Indonesia,IDN,Coal rents (% of GDP),NY.GDP.COAL.RT.ZS,,,,,,,,,,,,0.000176008,0.000157441,0.000153898,0.001727412,0.007162191,0.005547454,0.005517095,0.004334043,0.00442627,0.006016453,0.010578682,0.014529687,0.008265409,0.01174504,0.026488687,0.018574318,0.00341751,0.019452499,0.054223936,0.063297249,0.064225411,0.060105877,0.016073626,0.015788739,0.08880909,0.048533272,0.030252785,0.151060259,0.061031618,0.14424977,0.530014689,0.186938131,0.157698758,1.421884442,1.030458658,1.174155302,1.719398833,3.723622343,1.388881313,2.027893053,2.933722753,1.723844089,1.335055458,1.0850717,0.619364745,0.653686752,0.844627966,1.083488951,0.739067484,
IDA only,IDX,Coal rents (% of GDP),NY.GDP.COAL.RT.ZS,,,,,,,,,,,,0.011638443,0.015703857,0.01579548,0.017610473,0.028861253,0.030130245,0.026571083,0.018114794,0.013873055,0.017499632,0.0226623,0.024634313,0.014282515,0.012669762,0.013637663,0.009862153,0.006200165,0.008204875,0.008834028,0.016761775,0.012968047,0.009631563,0.005315693,0.004254249,0.005366422,0.003915558,0.002461398,0.002558735,0.001764764,0.003671365,0.010807522,0.004730641,0.004711427,0.022964738,0.0163457,0.01661155,0.026545757,0.06831329,0.025886411,0.042558285,0.063861057,0.068588988,0.046915551,0.041083543,0.031362469,0.036088479,0.079339072,0.077865576,0.060980125,
Isle of Man,IMN,Coal rents (% of GDP),NY.GDP.COAL.RT.ZS,,,,,,,,,,,,,,,,,,,,,,,,,,,,,,,,,,,,,,,,,,,,,,,,,,,,,,,,,,,,,
India,IND,Coal rents (% of GDP),NY.GDP.COAL.RT.ZS,,,,,,,,,,,,0.214919827,0.234750432,0.246383678,0.469979676,1.175098684,1.221468443,1.060957904,0.832843469,0.75568665,0.919849538,1.436881838,1.561721993,0.976601951,0.878232512,0.878807265,0.674957934,0.414500278,0.525682536,0.692881916,0.76762073,0.973368544,0.839378872,0.608173317,0.569773896,0.859000249,0.769053636,0.658006522,0.523750506,0.362218705,0.488529457,0.795694039,0.560020503,0.567593084,1.353047895,1.094936997,1.097788817,1.183737893,2.845080212,1.389415438,1.637103828,2.020306204,1.490725928,1.211580981,0.977394728,0.760087154,0.804135881,0.939988105,1.15119017,0.816504693,
Not classified,INX,Coal rents (% of GDP),NY.GDP.COAL.RT.ZS,,,,,,,,,,,,,,,,,,,,,,,,,,,,,,,,,,,,,,,,,,,,,,,,,,,,,,,,,,,,,
Ireland,IRL,Coal rents (% of GDP),NY.GDP.COAL.RT.ZS,,,,,,,,,,,0,5.85E-05,4.88E-05,4.68E-05,0.000122905,0.004778314,0.004567534,0.003352711,0.000454902,0.000914204,0.002291073,0.007662726,0.007197039,0.002616444,0.000813236,0.001330816,0.000153277,1.45E-05,2.03E-05,2.70E-05,0.000247382,8.79E-06,4.33E-06,8.08E-07,1.02E-06,3.44E-06,0,0,0,0,0,0,0,0,0,0,0,0,0,0,0,0,0,0,0,0,0,0,0,0,
"Iran, Islamic Rep.",IRN,Coal rents (% of GDP),NY.GDP.COAL.RT.ZS,,,,,,,,,,,,0.010335815,0.012351484,0.014145599,0.019229425,0.042442013,0.041945058,0.035564235,0.026862124,0.024466797,0.023767656,0.027578441,0.027924039,0.019950614,0.016624221,0.013706273,0.009332807,0.009587375,0.01012284,0.011001592,0.011801863,,,0.016084528,0.009114836,0.009312598,0.007574864,0.007320963,0.009028377,0.002381814,0.003590774,0.00757425,0.007826323,0.0047926,0.011468658,0.021366255,0.022138925,0.011915915,0.044156631,0.019459487,0.017750659,0.024120463,0.009997619,0.007146899,0.004941995,0.003316816,0.004047107,0.006618314,0.005434293,,
Iraq,IRQ,Coal rents (% of GDP),NY.GDP.COAL.RT.ZS,,,,,,,,,,,,0,0,0,0,0,0,0,0,,0,0,0,0,0,0,0,0,0,0,0,,,,,,,,,,,,,,0,0,0,0,0,0,0,0,0,0,0,0,0,0,0,0,
Iceland,ISL,Coal rents (% of GDP),NY.GDP.COAL.RT.ZS,,,,,,,,,,,0,0,0,0,0,0,0,0,0,0,0,0,0,0,0,0,0,0,0,0,0,0,0,0,0,0,0,0,0,0,0,0,0,0,0,0,0,0,0,0,0,0,0,0,0,0,0,0,0,0,
Israel,ISR,Coal rents (% of GDP),NY.GDP.COAL.RT.ZS,,,,,,,,,,,,0,0,0,0,0,0,0,0,0,0,0,0,0,0,0,0,0,0,0,0,0,0,0,0,0,0,0,0,0,0,0,0,0,0,0,0,0,0,0,0,0,0,0,0,0,0,0,0,0,
Italy,ITA,Coal rents (% of GDP),NY.GDP.COAL.RT.ZS,,,,,,,,,,,0,0.000117404,7.63E-05,0.000107892,0.00021199,0.002013971,0.001969694,0.001600351,0.000930728,0.000783619,0.00124618,0.002731524,0.004638805,0.001751844,0.000987656,0.001467721,0.000169423,4.01E-05,5.86E-05,7.38E-05,0.000213252,0.000171751,8.57E-05,8.30E-06,4.32E-06,1.31E-05,5.38E-06,3.78E-06,6.33E-06,7.06E-07,9.37E-07,7.13E-05,3.11E-05,4.28E-05,0.000114631,7.51E-05,1.65E-05,0.000174154,0.000387657,7.92E-05,0.00021441,0.000227629,0.000104065,5.29E-05,5.91E-05,5.60E-05,0,0,0,0,
Jamaica,JAM,Coal rents (% of GDP),NY.GDP.COAL.RT.ZS,,,,,,,,,,,,0,0,0,0,0,0,0,0,0,0,0,0,0,0,0,0,0,0,0,0,0,0,0,0,0,0,0,0,0,0,0,0,0,0,0,0,0,0,0,0,0,0,0,0,0,0,0,0,0,
Jordan,JOR,Coal rents (% of GDP),NY.GDP.COAL.RT.ZS,,,,,,,,,,,,0,0,0,0,0,0,0,0,0,0,0,0,0,0,0,0,0,0,0,0,0,0,0,0,0,0,0,0,0,0,0,0,0,0,0,0,0,0,0,0,0,0,0,0,0,0,0,0,0,
Japan,JPN,Coal rents (% of GDP),NY.GDP.COAL.RT.ZS,,,,,,,,,,,0.019456006,0.012005963,0.007123186,0.005311788,0.017304829,0.050144907,0.056675494,0.046394772,0.027541543,0.021579319,0.023571678,0.035651719,0.042318968,0.023405551,0.015614808,0.014603761,0.005119804,0.000430725,0.0011187,0.001693629,0.001442091,0.001016181,0.00045139,2.59E-05,2.28E-05,0.000254874,5.97E-05,1.87E-05,6.20E-05,2.43E-05,5.03E-05,0.000388529,3.26E-05,3.10E-05,0.000570345,0.000375123,0.000458448,0.000733099,0.001712232,0.000479914,0.000830289,0.001142289,0.00069061,0.000682118,0.000617052,0.000360437,0.000368076,0.000512442,0.000429132,0.000306361,
Kazakhstan,KAZ,Coal rents (% of GDP),NY.GDP.COAL.RT.ZS,,,,,,,,,,,,,,,,,,,,,,,,,,,,,,,2.933643728,2.880495254,2.0137304,1.134925293,0.761387103,1.091357996,0.871655306,0.630925306,0.540030122,0.27656261,0.755453364,1.657145771,0.818717979,0.727715269,2.861054629,1.889641594,1.568968818,1.502591691,4.781235789,1.785773313,2.472266454,2.519903888,1.184633468,0.548920134,0.519309582,0.53351736,0.819866845,1.020435139,1.053053541,0.792582394,
Kenya,KEN,Coal rents (% of GDP),NY.GDP.COAL.RT.ZS,,,,,,,,,,,,0,0,0,0,0,0,0,0,0,0,0,0,0,0,0,0,0,0,0,0,0,0,0,0,0,0,0,0,0,0,0,0,0,0,0,0,0,0,0,0,0,0,0,0,0,0,0,0,0,
Kyrgyz Republic,KGZ,Coal rents (% of GDP),NY.GDP.COAL.RT.ZS,,,,,,,,,,,,,,,,,,,,,,,,,,,,,,,0.456066532,0.419028502,0.163587914,0.020169627,0.016421478,0.039779231,0.019166764,0.011430703,0.016025008,0.003121993,0.034300969,0.115381898,0.03731025,0.029797838,0.268508179,0.11525843,0.100697065,0.151623049,0.429060702,0.175665455,0.307812791,0.428188827,0.246596781,0.145149017,0.152901877,0.127218236,0.127140333,0.151288499,0.201203509,0.144123869,
Cambodia,KHM,Coal rents (% of GDP),NY.GDP.COAL.RT.ZS,,,,,,,,,,,,,,,,,,,,,,,,,,,,,,,,,,,,0,0,0,0,0,0,0,0,0,0,0,0,0,0,0,0,0,0,0,0,0,0,0.003945156,0,0,
Kiribati,KIR,Coal rents (% of GDP),NY.GDP.COAL.RT.ZS,,,,,,,,,,,,,,,,,,,,,0,0,0,0,0,0,0,0,0,0,0,0,0,0,0,0,0,0,0,0,0,0,0,0,0,0,0,0,0,0,0,0,0,0,0,0,0,0,0,0,
St. Kitts and Nevis,KNA,Coal rents (% of GDP),NY.GDP.COAL.RT.ZS,,,,,,,,,,,,,,,,,,,,,0,0,0,0,0,0,0,0,0,0,0,0,0,0,0,0,0,0,0,0,0,0,0,0,0,0,0,0,0,0,0,0,0,0,0,0,0,0,0,0,
"Korea, Rep.",KOR,Coal rents (% of GDP),NY.GDP.COAL.RT.ZS,,,,,,,,,,,,0.007647901,0.007886479,0.011737349,0.159321003,0.610769001,0.420198122,0.350873799,0.21734099,0.162651574,0.303538033,0.532115172,0.533069609,0.231409105,0.150990759,0.192996424,0.084633728,0.002700412,0.028107865,0.032623069,0.027027475,0.016332941,0.005482279,0.000277888,0.000197018,0.001709148,0.000295529,0.000129322,0.000606014,0.000199238,0.001009208,0.006994962,0.000474243,0.0004104,0.007455858,0.003713695,0.003538298,0.005645364,0.015703601,0.004927529,0.00667829,0.008681485,0.004828356,0.002842222,0.002042033,0.00114934,0.001235926,0.001365464,0.001222584,0.000937639,
Kuwait,KWT,Coal rents (% of GDP),NY.GDP.COAL.RT.ZS,,,,,,,,,,,,0,0,0,0,0,0,0,0,,0,0,0,0,0,0,0,0,0,0,0,0,0,0,0,0,0,0,0,0,0,0,0,0,0,0,0,0,0,0,0,0,0,0,0,0,0,0,0,0,
Latin America & Caribbean (excluding high income),LAC,Coal rents (% of GDP),NY.GDP.COAL.RT.ZS,,,,,,,,,,,,0.008832563,0.007653436,0.007067264,0.017668556,0.044482239,0.047394945,0.049477338,0.043079499,0.035107874,0.032780956,0.043690793,0.056909035,0.0487073,0.041132764,0.044085563,0.026864822,0.009898694,0.009501039,0.019678242,0.020324384,0.013996214,0.00865023,0.00322309,0.002099549,0.005109883,0.003665925,0.002898743,0.001846187,0.000591223,0.00065111,0.005206697,0.002294475,0.00258322,0.066508843,0.040693968,0.043491243,0.066006263,0.181735632,0.05204442,0.093371859,0.1349727,0.08052259,0.057223285,0.044782085,0.036159824,0.044178305,0.052050007,0.058390194,0.044875501,
Lao PDR,LAO,Coal rents (% of GDP),NY.GDP.COAL.RT.ZS,,,,,,,,,,,,,,,,,,,,,,,,,0.000187752,0.000438132,0.000549216,1.81E-05,0.000459071,0.00064798,0.00062377,0.000427358,0.000196795,1.15E-05,1.02E-05,0.002801987,0.00121089,0.001107646,0.035530571,0.0224626,0.044237132,0.102058012,0.064646536,0.048483635,0.294681961,0.188517483,0.166295119,0.427165123,0.558564352,0.21825398,0.400825242,0.456182829,0.232669524,,,,,,,,
Lebanon,LBN,Coal rents (% of GDP),NY.GDP.COAL.RT.ZS,,,,,,,,,,,,,,,,,,,,,,,,,,,,,0,0,0,0,0,0,0,0,0,0,0,0,0,0,0,0,0,0,0,0,0,0,0,0,0,0,0,0,0,0,0,0,
Liberia,LBR,Coal rents (% of GDP),NY.GDP.COAL.RT.ZS,,,,,,,,,,,,,,,,,,,,,,,,,,,,,,,,,,,,,,,,,0,0,0,0,0,0,0,0,0,0,0,0,0,0,0,0,0,0,0,0,
Libya,LBY,Coal rents (% of GDP),NY.GDP.COAL.RT.ZS,,,,,,,,,,,,,,,,,,,,,,,,,,,,,,,0,0,0,0,0,0,0,0,0,0,0,0,0,0,0,0,0,0,0,0,0,0,0,0,0,0,0,0,0,0,
St. Lucia,LCA,Coal rents (% of GDP),NY.GDP.COAL.RT.ZS,,,,,,,,,,,,,,,,,,,,,0,0,0,0,0,0,0,0,0,0,0,0,0,0,0,0,0,0,0,0,0,0,0,0,0,0,0,0,0,0,0,0,0,0,0,0,0,0,0,0,
Latin America & Caribbean,LCN,Coal rents (% of GDP),NY.GDP.COAL.RT.ZS,,,,,,,,,,,,0.007535065,0.0065978,0.006072075,0.016267985,0.044079395,0.045523869,0.046792084,0.039827797,0.031793182,0.029938318,0.040723836,0.051923136,0.042717006,0.036299251,0.03947129,0.023763553,0.00853962,0.008298524,0.018916857,0.019678168,0.013801546,0.007997216,0.002867926,0.001882951,0.004752681,0.003283859,0.00256648,0.001627795,0.000512434,0.000564989,0.004673229,0.001979285,0.002234628,0.06345657,0.038084844,0.040078682,0.060940644,0.164529764,0.045390088,0.082053458,0.120461009,0.07033068,0.050625871,0.039380116,0.033539663,0.040610915,0.048009008,0.053576596,0.041208128,
Least developed countries: UN classification,LDC,Coal rents (% of GDP),NY.GDP.COAL.RT.ZS,,,,,,,,,,,,0.015127652,0.020826354,0.020478195,0.022975619,0.036911095,0.041504801,0.036404457,0.028219375,0.021374714,0.02341346,0.029915002,0.032853065,0.01942033,0.017280293,0.017768046,0.012710003,0.007724854,0.009910356,0.010312073,0.009559346,0.008215943,0.009256815,0.006664694,0.005153033,0.006223312,0.004660764,0.002928024,0.003064698,0.002199245,0.002830984,0.006486335,0.003611337,0.003551049,0.010940923,0.008932407,0.009904713,0.017175735,0.032602168,0.014920073,0.023901092,0.041897956,0.058441482,0.042612382,0.036972917,0.029184927,0.033783334,0.077360232,0.076945454,0.061573442,
Low income,LIC,Coal rents (% of GDP),NY.GDP.COAL.RT.ZS,,,,,,,,,,,,,,,,,,,,,0.00996783,0.013786914,0.009686482,0.009054261,0.008333394,0.009507426,0.006117924,0.004746704,0.0062761,0.008145452,0.007666874,0.0054164,0.005281522,0.004694935,0.004715479,0.005950861,0.004626892,0.003496792,0.002549339,0.001780322,0.001407444,0.002374921,0.001903979,0.002213825,0.00507127,0.002765952,0.003268987,0.00601999,0.016392455,0.008792223,0.017415388,0.056056246,0.10976696,0.085897491,0.073578811,0.060220114,0.071892579,0.182621817,0.188998069,0.158388584,
Liechtenstein,LIE,Coal rents (% of GDP),NY.GDP.COAL.RT.ZS,,,,,,,,,,,,,,,,,,,,,,,,,,,,,,,,,,,,,,,,,,,,,,,,,,,,,,,,,,,,,
Sri Lanka,LKA,Coal rents (% of GDP),NY.GDP.COAL.RT.ZS,,,,,,,,,,,,0,0,0,0,0,0,0,0,0,0,0,0,0,0,0,0,0,0,0,0,0,0,0,0,0,0,0,0,0,0,0,0,0,0,0,0,0,0,0,0,0,0,0,0,0,0,0,0,0,
Lower middle income,LMC,Coal rents (% of GDP),NY.GDP.COAL.RT.ZS,,,,,,,,,,,,0.100973226,0.106323491,0.109638162,0.178396006,0.390256074,0.381990867,0.340494573,0.269693906,0.237073731,0.282289175,0.381875899,0.420419039,0.286671135,0.252368383,0.267679743,0.202819168,0.139244435,0.188740133,0.252627748,0.41509125,0.359587185,0.404831292,0.248300738,0.216060641,0.310415991,0.259793094,0.227306266,0.2139846,0.143306995,0.195523462,0.361220919,0.236842907,0.231398112,0.704087973,0.566644093,0.575708658,0.671424857,1.506269514,0.714221398,0.961998719,1.254395548,0.789596693,0.60543223,0.49354816,0.3562575,0.393657076,0.501114075,0.6238209,0.460600545,
Low & middle income,LMY,Coal rents (% of GDP),NY.GDP.COAL.RT.ZS,,,,,,,,,,,,0.101371833,0.099580631,0.101468738,0.254599203,0.739389003,0.743209909,0.747247976,0.641855435,0.557982649,0.750035416,1.146416722,1.329171466,0.825606339,0.658345977,0.740050797,0.440748918,0.173533775,0.296623741,0.406804797,0.47717917,0.40779818,0.332465785,0.170190137,0.137814098,0.246274646,0.171960743,0.138320534,0.134768088,0.088240208,0.131127702,0.365465901,0.177123882,0.168409468,0.980567142,0.727590251,0.72111888,0.835452127,2.082806271,0.842385329,1.264012923,1.633713892,0.905301364,0.59480875,0.468210415,0.299928703,0.324152219,0.416503826,0.478577606,0.358793877,
Lesotho,LSO,Coal rents (% of GDP),NY.GDP.COAL.RT.ZS,,,,,,,,,,,,,,,,,,,,,0,0,0,0,0,0,0,0,0,0,0,0,0,0,0,0,0,0,0,0,0,0,0,0,0,0,0,0,0,0,0,0,0,0,0,0,0,0,0,0,
Late-demographic dividend,LTE,Coal rents (% of GDP),NY.GDP.COAL.RT.ZS,,,,,,,,,,,,0.038504001,0.035261245,0.037217621,0.298876585,1.11576741,1.085116809,1.07662777,0.959059453,0.815490461,1.192820831,2.016041007,2.26586945,1.388838457,1.010773089,1.142774507,0.544867518,0.061456064,,0.431006021,0.581330091,0.440473583,0.307545917,0.116809177,0.063942542,0.171498243,0.086981049,0.063919358,0.085878101,0.047620719,0.089366164,0.382056505,0.13736582,0.114711257,1.149563024,0.839218631,0.818573693,0.928006721,2.387902451,0.933642309,1.462395201,1.875524774,0.992761689,0.611901546,0.477189744,0.289867203,0.305474462,0.394268549,0.432556485,0.324692245,
Lithuania,LTU,Coal rents (% of GDP),NY.GDP.COAL.RT.ZS,,,,,,,,,,,,,,,,,,,,,,,,,,,,,,,,,,,,0,0,0,0,0,0,0,0,0,0,0,0,0,0,0,0,0,0,0,0,0,0,0,0,0,
Luxembourg,LUX,Coal rents (% of GDP),NY.GDP.COAL.RT.ZS,,,,,,,,,,,0,0,0,0,0,0,0,0,0,0,0,0,0,0,0,0,0,0,0,0,0,0,0,0,0,0,0,0,0,0,0,0,0,0,0,0,0,0,0,0,0,0,0,0,0,0,0,0,0,0,
Latvia,LVA,Coal rents (% of GDP),NY.GDP.COAL.RT.ZS,,,,,,,,,,,,,,,,,,,,,,,,,,,,,,,,,,,,0,0,0,0,0,0,0,0,0,0,0,0,0,0,0,0,0,0,0,0,0,0,0,0,0,
"Macao SAR, China",MAC,Coal rents (% of GDP),NY.GDP.COAL.RT.ZS,,,,,,,,,,,,,,,,,,,,,,,0,0,0,0,0,0,0,0,0,0,0,0,0,0,0,0,0,0,0,0,0,0,0,0,0,0,0,0,0,0,0,0,0,0,0,0,0,0,
St. Martin (French part),MAF,Coal rents (% of GDP),NY.GDP.COAL.RT.ZS,,,,,,,,,,,,,,,,,,,,,,,,,,,,,,,,,,,,,,,,,,,,,,,,,,,,,,,,,,,,,
Morocco,MAR,Coal rents (% of GDP),NY.GDP.COAL.RT.ZS,,,,,,,,,,,,0.003521285,0.005107661,0.007873389,0.027972308,0.084352885,0.086121844,0.077306483,0.05491036,0.043949597,0.051732242,0.104116343,0.115717267,0.066545083,0.056708873,0.063900782,0.027169098,0.005183807,0.010537732,0.012876192,0.014393037,0.013287744,0.009711697,0.001167184,0.001356316,0.011438808,0.005206893,0.001881364,0.001575687,0,0.000313294,5.36E-05,0,0,0.001118938,0.000388963,0.000126521,0,0,0,0,0,0,0,0,0,0,0,0,0,
Monaco,MCO,Coal rents (% of GDP),NY.GDP.COAL.RT.ZS,,,,,,,,,,,,,,,,,,,,,,,,,,,,,,,,,,,,,,,,,,,,,,,,,,,,,,,,,,,,,
Moldova,MDA,Coal rents (% of GDP),NY.GDP.COAL.RT.ZS,,,,,,,,,,,,,,,,,,,,,,,,,,,,,,,,,,,,0,0,0,0,0,0,0,0,0,0,0,0,0,0,0,0,0,0,0,0,0,0,0,0,0,
Madagascar,MDG,Coal rents (% of GDP),NY.GDP.COAL.RT.ZS,,,,,,,,,,,,,,,,,,,,,0,0,0,0,0,0,0,0,0,0,0,0,0,0,0,0,0,0,0,0,0,0,0,0,0,0,0,0,0,0,0,0,0,0,0,0,0,0,0,0,
Maldives,MDV,Coal rents (% of GDP),NY.GDP.COAL.RT.ZS,,,,,,,,,,,,,,,,,,,,,0,0,0,0,0,0,0,0,0,0,0,0,0,0,0,0,0,0,0,0,0,0,0,0,0,0,0,0,0,0,0,0,0,0,0,0,0,0,0,0,
Middle East & North Africa,MEA,Coal rents (% of GDP),NY.GDP.COAL.RT.ZS,,,,,,,,,,,,0.003233582,0.004025919,0.00537024,0.007579028,0.016998712,0.015244882,0.013241651,0.009370708,0.008960541,0.006573764,0.008737383,0.010615103,0.007974408,0.006595121,0.006242603,0.004426463,0.002773969,0.003042019,0.003233372,0.00265062,0.001048276,0.00073844,0.002081339,0.001339435,0.001965255,0.001467355,0.001124521,0.001353145,0.000322815,0.000459691,0.001070883,0.001100589,0.000720426,0.001849655,0.003220419,0.003302954,0.001967231,0.007004838,0.003489722,0.003189737,0.004363894,0.001710533,0.000947207,0.000613078,0.000416437,0.000549307,0.000921851,0.000482407,0,
Mexico,MEX,Coal rents (% of GDP),NY.GDP.COAL.RT.ZS,,,,,,,,,,,,0.018683418,0.016045306,0.017192897,0.034768879,0.069267387,0.072885117,0.094066856,0.074947579,0.05292881,0.031356748,0.029588054,0.055538262,0.069380926,0.051828208,0.043075642,0.045114147,0.024787581,0.015650801,0.022523058,0.027874594,0.019113716,0.010543563,0.00454705,0.003582157,0.010286042,0.008967349,0.006552199,0.003836749,0.000959917,0.001017591,0.006623841,0.002618002,0.004198578,0.026989154,0.029248181,0.035186767,0.034928146,0.106331258,0.053116429,0.079313056,0.132249903,0.059014208,0.038948598,0.029235558,0.014342257,0.020407615,0.024259628,0.027323548,0.020581957,
Marshall Islands,MHL,Coal rents (% of GDP),NY.GDP.COAL.RT.ZS,,,,,,,,,,,,,,,,,,,,,,,,,,,,,,,,,,,,,,,,,,,,,,,,,,,,,,,,,,,,,
Middle income,MIC,Coal rents (% of GDP),NY.GDP.COAL.RT.ZS,,,,,,,,,,,,0.103666374,0.101815834,0.103645052,0.260397023,0.757294529,0.761108074,0.766281907,0.658727942,0.571275515,0.774200029,1.184199518,1.372886232,0.853126224,0.679169593,0.763080778,0.455269802,0.179349563,0.305730847,0.418345362,0.487771021,0.417710789,0.339679612,0.173611649,0.139915035,0.250088089,0.174522808,0.140405374,0.136882056,0.089667761,0.133568345,0.371769133,0.180445805,0.171491969,0.998144952,0.740420736,0.733649297,0.849718016,2.112860755,0.855335383,1.281912527,1.65404145,0.915643148,0.601627246,0.473751487,0.303471009,0.327545946,0.419458639,0.482140375,0.361214477,
North Macedonia,MKD,Coal rents (% of GDP),NY.GDP.COAL.RT.ZS,,,,,,,,,,,,,,,,,,,,,,,,,,,,,,,0,0,0.341686867,0.032173456,0.031323843,0.125743808,0.07114283,0.037259975,0.083224798,0.013630072,0.142606885,0.511920263,0.147667713,0.128125161,1.058592067,0.582032835,0.545623194,0.710210302,2.203500854,0.663088104,1.160509071,1.554201418,0.654166362,0,0,0,0,0,0,0,
Mali,MLI,Coal rents (% of GDP),NY.GDP.COAL.RT.ZS,,,,,,,,,,,,,,,,,,,,,0,0,0,0,0,0,0,0,0,0,0,0,0,0,0,0,0,0,0,0,0,0,0,0,0,0,0,0,0,0,0,0,0,0,0,0,0,0,0,0,
Malta,MLT,Coal rents (% of GDP),NY.GDP.COAL.RT.ZS,,,,,,,,,,,,0,0,0,0,0,0,0,0,0,0,0,0,0,0,0,0,0,0,0,0,0,0,0,0,0,0,0,0,0,0,0,0,0,0,0,0,0,0,0,0,0,0,0,0,0,0,0,0,0,
Myanmar,MMR,Coal rents (% of GDP),NY.GDP.COAL.RT.ZS,,,,,,,,,,,,,,,,,,,,,,,,,,,,,,,,,,,,,,,,,0.008638458,0.06837714,0.009938128,0.010714822,0.101278707,0.074048648,0.082765346,0.106356481,0.153618107,0.03943649,0.065991264,0.077766321,0.055086027,0.027247126,0.02431366,0.014086843,0.007675909,0.013683851,0.010622669,0.007786338,
Middle East & North Africa (excluding high income),MNA,Coal rents (% of GDP),NY.GDP.COAL.RT.ZS,,,,,,,,,,,,0.004190947,0.005295082,0.007209308,0.012451745,0.028726583,0.026407531,0.023079417,0.016216551,0.016403582,0.013058989,0.018463216,0.019515299,0.013196503,0.010517583,0.009389206,0.00610929,0.004072305,0.004538435,0.004997537,0.003761948,0.002271428,0.001602512,0.00393031,0.002540654,0.004260447,0.003103444,0.002390246,0.002754123,0.00066525,0.001019818,0.002307128,0.002438732,0.001593877,0.003968111,0.007059571,0.00729403,0.004168066,0.015309643,0.007058277,0.006522361,0.009345105,0.003617975,0.002123686,0.001403311,0.000934271,0.001218388,0.002152428,0.001246878,0,
Montenegro,MNE,Coal rents (% of GDP),NY.GDP.COAL.RT.ZS,,,,,,,,,,,,,,,,,,,,,,,,,,,,,,,,,,,,,,,,,,,,,,0.297713595,0.299218299,0.293831044,1.057742942,0.189186758,0.728129287,0.839670247,0.363572087,0.16315309,0.125508919,0.094388535,0.077569175,0.098639332,0.115296952,0.083836915,
Mongolia,MNG,Coal rents (% of GDP),NY.GDP.COAL.RT.ZS,,,,,,,,,,,,,,,,,,,,,,2.694187752,3.171549395,1.55503562,1.417917383,2.376080572,1.032075444,0.236068818,0.72411718,0.964734242,1.318435481,1.34657301,1.363120003,0.583467628,0.469771539,1.27423901,0.942984593,0.569869304,1.144657221,0.586163753,1.505540693,2.952848121,1.481390687,1.114331618,4.573697955,4.678113806,4.375951486,4.781595138,13.34972624,10.94926784,19.68537393,25.96456445,10.07955694,5.914036317,5.004748629,2.356696441,4.3449162,7.833904053,8.706055952,6.91484652,
Northern Mariana Islands,MNP,Coal rents (% of GDP),NY.GDP.COAL.RT.ZS,,,,,,,,,,,,,,,,,,,,,,,,,,,,,,,,,,,,,,,,,,,,,,,,,,,,,,,,,,,,,
Mozambique,MOZ,Coal rents (% of GDP),NY.GDP.COAL.RT.ZS,,,,,,,,,,,,,,,,,,,,,,,,,,,,,,,,0.021426271,0.0255441,0.017830355,0.018306328,0.024169228,0.008198382,0.004926217,0.003161172,0.001807781,0.002593314,0.008217153,0.00803675,0.006999802,0.008069127,0.001014377,0.01403495,0.010210464,0.029128445,0.010591729,0.019901376,0.466412619,1.821594588,1.490045112,1.324872441,1.245435088,1.743918649,4.471546944,4.133648752,3.40875022,
Mauritania,MRT,Coal rents (% of GDP),NY.GDP.COAL.RT.ZS,,,,,,,,,,,,,,,,,,,,,0,0,0,0,0,0,0,0,0,0,0,0,0,0,0,0,0,0,0,0,0,0,0,0,0,0,0,0,0,0,0,0,0,0,0,0,0,0,0,0,
Mauritius,MUS,Coal rents (% of GDP),NY.GDP.COAL.RT.ZS,,,,,,,,,,,,,,,,,0,0,0,0,0,0,0,0,0,0,0,0,0,0,0,0,0,0,0,0,0,0,0,0,0,0,0,0,0,0,0,0,0,0,0,0,0,0,0,0,0,0,0,0,
Malawi,MWI,Coal rents (% of GDP),NY.GDP.COAL.RT.ZS,,,,,,,,,,,,,,,,,,,,,,,,0.018341211,0.016333398,0.050712047,0.040775331,0.030539341,0.04772965,0.056675195,0.04813452,0.040686546,0.045307359,0.028393264,0.05129957,0.060046557,0.034776958,0.024863117,0.028485568,0.021418358,0.039162767,0.042188776,0.017654055,0.028608467,0.051038625,0.038777112,0.04487938,0.055576451,0.103618802,0.029921363,0.062413682,0.067301554,0.055529812,0.046093622,0.02909227,0.017527163,0.017006,0.027157487,0.024177469,0.015972377,
Malaysia,MYS,Coal rents (% of GDP),NY.GDP.COAL.RT.ZS,,,,,,,,,,,,0,0,0,0,0,0,0,0,0,0,0,0,0,0,0,0,0,0.000225114,0.001729506,0.001606937,0.002105622,0.000371206,0.000113024,3.53E-05,0.000376966,0.000126947,5.69E-05,0.000368971,0.000118179,0.000412531,0.004237626,0.000443733,0.00019701,0.008167428,0.009500538,0.010329801,0.017419168,0.044125955,0.026783918,0.047230171,0.070011014,0.039233852,0.027247111,0.019528496,0.011502406,0.011420726,0.019037061,0.017675425,0.012729231,
North America,NAC,Coal rents (% of GDP),NY.GDP.COAL.RT.ZS,,,,,,,,,,,0.089623943,0.10009036,0.105750319,0.117285024,0.234889581,0.547278173,0.550678727,0.522186717,0.392848551,0.401396075,0.511286526,0.688863006,0.713749228,0.376480142,0.306868666,0.306222722,0.201234922,0.109340542,0.140993091,0.181269159,0.194289817,0.176579807,0.137787562,0.069892247,0.065980059,0.18461464,0.194789116,0.181135539,0.159573172,0.123605431,0.135536437,0.205829647,0.146940656,0.14753739,0.307130237,0.255449034,0.264782783,0.237711248,0.66898355,0.318008177,0.443866733,0.550724684,0.345427892,0.261784423,0.212296185,0.147187595,0.131148753,0.174154429,0.188287002,0.132662984,
Namibia,NAM,Coal rents (% of GDP),NY.GDP.COAL.RT.ZS,,,,,,,,,,,,,,,,,,,,,,,,,,,,,,,,0,0,0,0,0,0,0,0,0,0,0,0,0,0,0,0,0,0,0,0,0,0,0,0,0,0,0,0,0,
New Caledonia,NCL,Coal rents (% of GDP),NY.GDP.COAL.RT.ZS,,,,,,,,,,,,,,,,,,,,,0,0,0,0,0,0,0,0,0,0,0,0,0,0,0,0,0,0,0,0,0,,,,,,,,,,,,,,,,,,,,
Niger,NER,Coal rents (% of GDP),NY.GDP.COAL.RT.ZS,,,,,,,,,,,,,,,,,,,,,0.019294622,0.0494401,0.082597785,0.164891165,0.18786691,0.215151061,0.103509997,0.084298466,0.099140973,0.135664644,0.089882255,0.093466469,0.080064239,0.089421059,0.10716776,0.130630675,0.10919909,0.092671856,0.058182163,0.041744433,0.030840679,0.050209422,0.032471668,0.031614855,0.108684847,0.057095763,0.055341909,0.063155082,0.114909667,0.041074469,0.09698292,0.105998483,0.063191323,0.045225323,0.033602217,0.022293659,0.025633273,0.033221922,0.032486367,0.023667311,
Nigeria,NGA,Coal rents (% of GDP),NY.GDP.COAL.RT.ZS,,,,,,,,,,,,0.007930229,0.011721927,0.011182188,0.011010586,0.014208605,0.006618633,0.010047784,0.010505101,0.006599984,0.007029741,0.002686362,0.001549128,0.00133542,0.002023131,0.004167012,0.004458995,0.003377908,0.002575806,0.003535436,0.003275267,0.003895232,0.003106017,0.00124246,0.000957189,0.000847342,0.000255603,0.000241152,0.000209703,0.000176782,4.09E-05,6.63E-05,0.000482501,0.000269853,0.000219307,0.000135411,0.000109869,0.000382966,0.000943261,0.0003993,0.0006311,0.000603414,0.000542222,0.00035834,0.000253198,0.000199993,0.000264855,0.000383885,0.000424264,0.000275341,
Nicaragua,NIC,Coal rents (% of GDP),NY.GDP.COAL.RT.ZS,,,,,,,,,,,,0,0,0,0,0,0,0,0,0,0,0,0,0,0,0,0,0,0,0,0,0,0,0,0,0,0,0,0,0,0,0,0,0,0,0,0,0,0,0,0,0,0,0,0,0,0,0,0,0,
Netherlands,NLD,Coal rents (% of GDP),NY.GDP.COAL.RT.ZS,,,,,,,,,,,0,0.000241045,0.000189318,0.000118944,0.000112009,0,0,0,0,0,0,0,0,0,0,0,0,0,0,0,0,0,0,0,0,0,0,0,0,0,0,0,0,0,0,0,0,0,0,0,0,0,0,0,0,0,0,0,0,0,
Norway,NOR,Coal rents (% of GDP),NY.GDP.COAL.RT.ZS,,,,,,,,,,,0.008593581,0.008683628,0.007375261,0.005826337,0.010326612,0.021001664,0.031135107,0.023343342,0.016953179,0.011559187,0.008503304,0.018045698,0.021337491,0.015285167,0.011778049,0.009629323,0.004414202,0.002944405,4.75E-05,8.78E-05,0.00132875,0.001275381,0.000716034,0.00010138,0.000148202,0.000491682,0.000244554,0.000204589,0.000210251,1.76E-05,0.000674933,0.006499636,0.002796097,0.003660089,0.024474595,0.007394474,0.01120133,0.026157849,0.062333442,0.017426031,0.021608668,0.016671573,0.006921372,0.005819033,0.005265937,0.003842452,0.003343611,0.000661842,0.000818951,0.000645474,
Nepal,NPL,Coal rents (% of GDP),NY.GDP.COAL.RT.ZS,,,,,,,,,,,,0,0,0,0,0,0,0,0,0,0,0,0,0,0,0,0,0,0,0,0,0,0,0,0,0,0,0,0,0,0.003581061,0.003055229,0.002557548,0.002328572,0.004864904,0.004762284,0.007805919,0.006617476,0.012369686,0.005790793,0.006927615,0.007315916,0.005585153,0.004847148,0.004209187,0.003215634,0.004039966,0.005023076,0.003514665,0.002450163,
Nauru,NRU,Coal rents (% of GDP),NY.GDP.COAL.RT.ZS,,,,,,,,,,,,,,,,,,,,,,,,,,,,,,,,,,,,,,,,,,,,,,,,,,,0,0,0,,,,,,,,
New Zealand,NZL,Coal rents (% of GDP),NY.GDP.COAL.RT.ZS,,,,,,,,,,,0.003612476,0.004051367,0.004110166,0.006354992,0.051418392,0.180415027,0.178248483,0.152913655,0.093449841,0.070135317,0.125653623,0.213838673,0.233711742,0.139467682,0.118688777,0.11517185,0.051757191,0.01136898,0.020055065,0.037922977,0.038500543,0.039996973,0.034409804,0.017734599,0.007536033,0.022969849,0.016590045,0.013602312,0.02114976,0.012369623,0.027217067,0.068664541,0.049939587,0.028335993,0.080642951,0.10313483,0.129067949,0.070103277,0.319937674,0.155159049,0.207630086,0.246683654,0.125282563,0.067510578,0.042039706,0.023168057,0.021536714,0.028989441,0.034683114,0.02841688,
OECD members,OED,Coal rents (% of GDP),NY.GDP.COAL.RT.ZS,,,,,,,,,,,0.069807095,0.074472083,0.069219043,0.068832912,0.136650785,0.354998823,0.368988532,0.336900821,0.234266357,0.215364409,0.26373939,0.423767662,0.467484935,0.256876415,0.199871661,0.207849963,0.111142836,0.051962404,0.062085243,0.083744025,0.100749727,0.087838706,0.063942153,0.033108635,0.027409442,0.068856919,0.073106237,0.072089665,0.067058572,0.050482213,0.060170235,0.10291942,0.070339685,0.064291275,0.152951555,0.132492724,0.138975992,0.125236253,0.372091561,0.171872894,0.251902832,0.311938224,0.190315327,0.138430224,0.114261447,0.082581139,0.078395331,0.104524273,0.111183782,0.082433955,
Oman,OMN,Coal rents (% of GDP),NY.GDP.COAL.RT.ZS,,,,,,,,,,,,0,0,0,0,0,0,0,0,0,0,0,0,0,0,0,0,0,0,0,0,0,0,0,0,0,0,0,0,0,0,0,0,0,0,0,0,0,0,0,0,0,0,0,0,0,0,0,0,0,
Other small states,OSS,Coal rents (% of GDP),NY.GDP.COAL.RT.ZS,,,,,,,,,,,,0,0,0,0,0,0,0,0,,0.036122397,0.060628343,0.066816803,0.040097572,0.03278274,0.044101311,0.037702763,0.022492946,0.029355638,0.035906104,0.037019724,0.031360598,0.029213817,0.020792714,0.023977472,0.028045287,0.019519438,0.016579134,0.015730571,0.010372627,0.013568911,0.022761143,0.015330061,0.012915139,0.034262907,0.027644521,0.024473602,0.026190579,0.056327997,0.01528547,0.030219946,0.027530451,0.023131578,0.016070097,0.01280998,0.012459606,0.01281428,0.018537038,0.021767367,0.016319734,
Pakistan,PAK,Coal rents (% of GDP),NY.GDP.COAL.RT.ZS,,,,,,,,,,,,0.025717819,0.031973341,0.052565601,0.075337804,0.133641219,0.093943409,0.096924663,0.070757465,0.072713805,0.099807197,0.129755808,0.137142822,0.080578773,0.067325857,0.091891449,0.064461296,0.041560259,0.058383385,0.063368921,0.076430173,0.07201382,0.060968201,0.044258906,0.041727439,0.069096322,0.05798597,0.044497796,0.040826165,0.028444081,0.029089496,0.051199892,0.0353767,0.03536868,0.105248049,0.083163832,0.06307142,0.089572374,0.156227589,0.067183649,0.095161831,0.101896148,0.060467515,0.053573532,0.047282385,0.038758105,0.041313923,0.051047112,0.062265654,0.051546874,
Panama,PAN,Coal rents (% of GDP),NY.GDP.COAL.RT.ZS,,,,,,,,,,,,0,0,0,0,0,0,0,0,0,0,0,0,0,0,0,0,0,0,0,0,0,0,0,0,0,0,0,0,0,0,0,0,0,0,0,0,0,0,0,0,0,0,0,0,0,0,0,0,0,
Peru,PER,Coal rents (% of GDP),NY.GDP.COAL.RT.ZS,,,,,,,,,,,,0,0,0,0.000556112,0.001506326,0.00139932,0.00201665,0.001792272,0.001356604,0.003465628,0.012252935,0.010087097,0.007599458,0.005445334,0.009258971,0.004330665,0,0.000353907,0.002145412,0.001644918,0.00067456,0.000325356,0,0,8.63E-05,3.75E-06,0,0,0,0,1.77E-05,0,8.44E-09,0.000701301,0.000656628,0.001566182,0.002951244,0.009437101,0.004646254,0.002644679,0.006038377,0.004270476,0.002913657,0.002435013,0.002292234,0.002634069,0.003612082,0.003088471,0.002213504,
Philippines,PHL,Coal rents (% of GDP),NY.GDP.COAL.RT.ZS,,,,,,,,,,,,0.000102684,0.000121353,0.000183966,0.0010745,0.006792724,0.006887312,0.014459832,0.009173338,0.007564279,0.013887394,0.022711923,0.038990701,0.040633675,0.035645194,0.047128702,0.025688364,0.00532122,0.013952347,0.018077746,0.019254378,0.018157809,0.013936133,0.004398211,0.003721389,0.010784587,0.005155776,0.00277513,0.00631984,0.002337864,0.008280756,0.017419422,0.010426052,0.011907469,0.066787834,0.047109394,0.03388965,0.063555234,0.145279828,0.070267627,0.142961204,0.169770778,0.092052019,0.057233481,0.047117295,0.02783386,0.045751946,0.063064005,0.068932819,0.046460314,
Palau,PLW,Coal rents (% of GDP),NY.GDP.COAL.RT.ZS,,,,,,,,,,,,,,,,,,,,,,,,,,,,,,,,,,,,,,,,,,,,,,,,,,,,,,,,,,,,,
Papua New Guinea,PNG,Coal rents (% of GDP),NY.GDP.COAL.RT.ZS,,,,,,,,,,,,,,,,,,,,,0,0,0,0,0,0,0,0,0,0,0,0,0,0,0,0,0,0,0,0,0,0,0,0,0,0,0,0,0,0,0,0,0,0,0,0,0,0,0,0,
Poland,POL,Coal rents (% of GDP),NY.GDP.COAL.RT.ZS,,,,,,,,,,,,,,,,,,,,,,,,,,,,,,,1.976151321,1.34668436,0.904535639,0.532464965,0.315744452,0.44363456,0.333488353,0.285285898,0.218411242,0.104916263,0.180543659,0.415384335,0.235182703,0.204309872,0.872812919,0.6471215,0.60729313,0.525559182,1.510338866,0.589268636,0.881706879,1.018330747,0.544961052,0.262590852,0.214005525,0.202954264,0.229091436,0.268396778,0.266729606,0.203689036,
Pre-demographic dividend,PRE,Coal rents (% of GDP),NY.GDP.COAL.RT.ZS,,,,,,,,,,,,0.014285843,0.017238863,0.01682547,0.017150243,0.028702816,0.020470626,0.019642692,0.015492124,,0.011946764,0.0112941,0.011908145,0.008404146,0.008457567,0.010026322,0.008063308,0.005033275,0.006187028,0.006797297,0.004398474,0.008378791,0.008467648,0.006509024,0.00488402,0.005499809,0.004030109,0.002547502,0.002466753,0.001783342,0.001913943,0.003299139,0.00223238,0.002206956,0.003704007,0.002110872,0.001510443,0.002346473,0.004787238,0.002698781,0.00497164,0.015333411,0.028916891,0.02261004,0.02009388,0.018530378,0.022654103,0.057192891,0.056385139,0.044517111,
Puerto Rico,PRI,Coal rents (% of GDP),NY.GDP.COAL.RT.ZS,,,,,,,,,,,,,,,,,,,,,0,0,0,0,0,0,0,0,0,0,0,0,0,0,0,0,0,0,0,0,0,0,0,0,0,0,0,0,0,0,0,0,0,0,0,0,0,0,0,0,
"Korea, Dem. People's Rep.",PRK,Coal rents (% of GDP),NY.GDP.COAL.RT.ZS,,,,,,,,,,,,,,,,,,,,,,,,,,,,,,,,,,,,,,,,,,,,,,,,,,,,,,,,,,,,,
Portugal,PRT,Coal rents (% of GDP),NY.GDP.COAL.RT.ZS,,,,,,,,,,,0,7.79E-05,7.89E-05,6.84E-05,0.000160226,0.00651255,0.005371547,0.00494512,0.003048425,0.002409107,0.00408096,0.009145079,0.009949209,0.004939914,0.003067125,0.005028542,0.001051712,0.000298097,0.00034531,0.000465927,0.001368946,0.001091193,0.000431997,4.61E-05,4.30E-05,0,0,0,0,0,0,0,0,0,0,0,0,0,0,0,0,0,0,0,0,0,0,0,0,0,
Paraguay,PRY,Coal rents (% of GDP),NY.GDP.COAL.RT.ZS,,,,,,,,,,,,0,0,0,0,0,0,0,0,0,0,0,0,0,0,0,0,0,0,0,0,0,0,0,0,0,0,0,0,0,0,0,0,0,0,0,0,0,0,0,0,0,0,0,0,0,0,0,0,0,
West Bank and Gaza,PSE,Coal rents (% of GDP),NY.GDP.COAL.RT.ZS,,,,,,,,,,,,,,,,,,,,,,,,,,,,,,,,,,,,,,0,0,0,0,0,0,0,0,0,0,0,0,0,0,0,0,0,0,0,0,0,0,,
Pacific island small states,PSS,Coal rents (% of GDP),NY.GDP.COAL.RT.ZS,,,,,,,,,,,,,,,,,,,,,0,0,0,0,0,0,0,0,0,0,0,0,0,0,0,0,0,0,0,0,0,0,0,0,0,0,0,0,0,0,0,0,0,0,0,0,0,0,0,0,
Post-demographic dividend,PST,Coal rents (% of GDP),NY.GDP.COAL.RT.ZS,,,,,,,,,,,0.069972787,0.075447951,0.070193872,0.06986186,0.13879174,0.360440759,0.374401706,0.340982619,0.236611204,0.21920634,0.270226284,0.437170086,0.476795649,0.259660803,0.201968828,0.209811747,0.111314543,0.052068611,0.062490892,0.084063612,0.103476744,0.082980601,0.066237524,0.034706138,0.028136916,0.069436853,0.074253928,0.073911137,0.069453344,0.052652088,0.062715598,0.106151356,0.07347976,0.066799461,0.152418194,0.134938202,0.14164387,0.123856002,0.369875137,0.174977807,0.252514533,0.31178958,0.191634806,0.140188239,0.115549872,0.082881579,0.077255373,0.103287906,0.109920138,0.081616261,
French Polynesia,PYF,Coal rents (% of GDP),NY.GDP.COAL.RT.ZS,,,,,,,,,,,,,,,,,,,,,0,0,0,0,0,0,0,0,0,0,0,0,0,0,0,0,0,0,0,0,0,,,,,,,,,,,,,,,,,,,,
Qatar,QAT,Coal rents (% of GDP),NY.GDP.COAL.RT.ZS,,,,,,,,,,,,0,0,0,0,0,0,0,0,,0,0,0,0,0,0,0,0,0,0,0,0,0,0,0,0,0,0,0,0,0,0,0,0,0,0,0,0,0,0,0,0,0,0,0,0,0,0,0,0,
Romania,ROU,Coal rents (% of GDP),NY.GDP.COAL.RT.ZS,,,,,,,,,,,,,,,,,,,,,,,,,,,,0.101453907,0.113504494,0.150911364,0.24502274,0.226894417,0.206384784,0.046107446,0.032470229,0.083969038,0.054882393,0.026899825,0.025869497,0.006074248,0.04610311,0.143184725,0.045107133,0.041570309,0.301788845,0.137847088,0.130859266,0.159777713,0.408020023,0.140910856,0.251149774,0.319498179,0.140671357,0.047759815,0.035187535,0.026000749,0.024829669,0.031079979,0.029483577,0.020843801,
Russian Federation,RUS,Coal rents (% of GDP),NY.GDP.COAL.RT.ZS,,,,,,,,,,,,,,,,,,,,,,,,,,,,,,,0.585289819,0.457302661,0.401992066,0.239733298,0.163128952,0.260342009,0.237352132,0.183192904,0.266247481,0.225225803,0.265292553,0.532557583,0.32743645,0.255464214,0.762596811,0.672704586,0.558162995,0.437222974,1.384540431,0.73389616,0.888072459,0.838492369,0.438143715,0.201506914,0.206494447,0.284512538,0.366097584,0.444948087,0.516321289,0.400348533,
Rwanda,RWA,Coal rents (% of GDP),NY.GDP.COAL.RT.ZS,,,,,,,,,,,,,,,,,,,,,0,0,0,0,0,0,0,0,0,0,0,0,0,0,0,0,0,0,0,0,0,0,0,0,0,0,0,0,0,0,0,0,0,0,0,0,0,0,0,0,
South Asia,SAS,Coal rents (% of GDP),NY.GDP.COAL.RT.ZS,,,,,,,,,,,,0.163843979,0.18818823,0.206149146,0.3773607,0.871373312,0.966854185,0.859029882,0.669306626,0.605006374,0.731143286,1.118071893,1.234553608,0.791017969,0.694962348,0.702777657,0.544797654,0.337596002,0.42453579,0.552370094,0.616306542,0.739249869,0.640512979,0.454528938,0.439110622,0.657791203,0.586202605,0.505044842,0.402207563,0.282495171,0.369053075,0.608179276,0.429898915,0.440307272,1.058840225,0.86524471,0.871277688,0.968402297,2.256410516,1.117320265,1.343301168,1.63528139,1.19493513,0.962217353,0.77886401,0.598006775,0.637267317,0.752880875,0.914830398,0.658670296,
Saudi Arabia,SAU,Coal rents (% of GDP),NY.GDP.COAL.RT.ZS,,,,,,,,,,,,0,0,0,0,0,0,0,0,0,0,0,0,0,0,0,0,0,0,0,0,0,0,0,0,0,0,0,0,0,0,0,0,0,0,0,0,0,0,0,0,0,0,0,0,0,0,0,0,0,
Sudan,SDN,Coal rents (% of GDP),NY.GDP.COAL.RT.ZS,,,,,,,,,,,,0,0,0,0,0,0,0,0,0,0,0,0,0,0,0,0,0,0,0,0,0,0,0,0,0,0,0,0,0,0,0,0,0,0,0,0,0,0,0,0,0,0,0,0,0,0,0,0,0,
Senegal,SEN,Coal rents (% of GDP),NY.GDP.COAL.RT.ZS,,,,,,,,,,,,0,0,0,0,0,0,0,0,0,0,0,0,0,0,0,0,0,0,0,0,0,0,0,0,0,0,0,0,0,0,0,0,0,0,0,0,0,0,0,0,0,0,0,0,0,0,0,0,0,
Singapore,SGP,Coal rents (% of GDP),NY.GDP.COAL.RT.ZS,,,,,,,,,,,,0,0,0,0,0,0,0,0,0,0,0,0,0,0,0,0,0,0,0,0,0,0,0,0,0,0,0,0,0,0,0,0,0,0,0,0,0,0,0,0,0,0,0,0,0,0,0,0,0,
Solomon Islands,SLB,Coal rents (% of GDP),NY.GDP.COAL.RT.ZS,,,,,,,,,,,,,,,,,,,,,0,0,0,0,0,0,0,0,0,0,0,0,0,0,0,0,0,0,0,0,0,0,0,0,0,0,0,0,0,0,0,0,0,0,0,0,0,0,0,0,
Sierra Leone,SLE,Coal rents (% of GDP),NY.GDP.COAL.RT.ZS,,,,,,,,,,,,,,,,,,,,,0,0,0,0,0,0,0,0,0,0,0,0,0,0,0,0,0,0,0,0,0,0,0,0,0,0,0,0,0,0,0,0,0,0,0,0,0,0,0,0,
El Salvador,SLV,Coal rents (% of GDP),NY.GDP.COAL.RT.ZS,,,,,,,,,,,,0,0,0,0,0,0,0,0,0,0,0,0,0,0,0,0,0,0,0,0,0,0,0,0,0,0,0,0,0,0,0,0,0,0,0,0,0,0,0,0,0,0,0,0,0,0,0,0,0,
San Marino,SMR,Coal rents (% of GDP),NY.GDP.COAL.RT.ZS,,,,,,,,,,,,,,,,,,,,,,,,,,,,,,,,,,,,,,,,,,,,,,,,,,,,,,,,,,,,,
Somalia,SOM,Coal rents (% of GDP),NY.GDP.COAL.RT.ZS,,,,,,,,,,,,,,,,,,,,,0,0,0,0,0,0,0,0,0,0,0,,,,,,,,,,,,,,,,,,,,,,,,,,,,,,
Serbia,SRB,Coal rents (% of GDP),NY.GDP.COAL.RT.ZS,,,,,,,,,,,,,,,,,,,,,,,,,,,,,,,,,,,,0.188333168,0.085980118,0.032372479,0.086719354,0.011870307,0.371675853,0.641436934,0.17175157,0.148621082,1.278344102,0.631333562,0.593369501,0.74361516,1.979293177,0.60675217,1.223184338,1.396658852,0.635683779,0.310202822,0.191991688,0.178105878,0.195230068,0.240596487,0.226404517,0.163086711,
Sub-Saharan Africa (excluding high income),SSA,Coal rents (% of GDP),NY.GDP.COAL.RT.ZS,,,,,,,,,,,,0.485767414,0.468612104,0.472693541,0.654027085,1.23651005,1.310767513,1.381122989,1.205856696,1.144895716,1.167039161,1.299929068,1.593429657,1.229021455,1.272172746,1.556720331,1.206699191,0.772772821,0.93776288,1.092274361,1.026588257,1.027955527,0.903619927,0.755162511,0.808657855,1.039104145,0.894146562,0.749750002,0.581006359,0.389450739,0.516599317,0.921544167,0.549862492,0.540669139,1.333050216,0.918994226,0.831754717,1.014704272,1.953828243,0.707404995,1.055389559,1.185714212,0.787184285,0.591639451,0.429429544,0.319115085,0.383222143,0.508683093,0.567258965,0.411614902,
South Sudan,SSD,Coal rents (% of GDP),NY.GDP.COAL.RT.ZS,,,,,,,,,,,,,,,,,,,,,,,,,,,,,,,,,,,,,,,,,,,,,,,,,,,,,0,0,0,0,,,,,
Sub-Saharan Africa,SSF,Coal rents (% of GDP),NY.GDP.COAL.RT.ZS,,,,,,,,,,,,0.485767414,0.468612104,0.472693541,0.654027085,1.23651005,1.310767513,1.381122989,1.205856696,1.144895716,1.166352778,1.299366828,1.592714448,1.228394604,1.271407004,1.555619249,1.205687443,0.772089768,0.936859241,1.091137627,1.025442801,1.026783076,0.902428824,0.754002,0.807365291,1.037608996,0.892911478,0.748632777,0.58003965,0.388794902,0.5157939,0.920020021,0.548926961,0.539925637,1.331293212,0.917873139,0.830819586,1.013704648,1.952258391,0.706883086,1.054641346,1.184892774,0.786671228,0.59118576,0.429109091,0.318848178,0.382864089,0.508206241,0.566731189,0.411243424,
Small states,SST,Coal rents (% of GDP),NY.GDP.COAL.RT.ZS,,,,,,,,,,,,0,0,0,0,0,0,0,0,,0.024754574,0.040500548,0.04224581,0.02463235,0.020584118,0.027553509,0.024187469,0.015036416,0.020084449,0.024459631,0.026043271,0.022647961,0.021611648,0.014862796,0.017070041,0.020617542,0.014235597,0.011742177,0.010948938,0.007222054,0.00954039,0.015817917,0.010734753,0.009424519,0.025718497,0.021109134,0.019058934,0.020821147,0.045487531,0.012371338,0.024765343,0.023046982,0.01938655,0.013517289,0.010795729,0.010214617,0.010558251,0.015401388,0.018251346,0.013602046,
Sao Tome and Principe,STP,Coal rents (% of GDP),NY.GDP.COAL.RT.ZS,,,,,,,,,,,,,,,,,,,,,,,,,,,,,,,,,,,,,,,,,,0,0,0,0,0,0,0,0,0,0,0,0,0,0,0,0,0,0,0,
Suriname,SUR,Coal rents (% of GDP),NY.GDP.COAL.RT.ZS,,,,,,,,,,,,,,,,,,,,,,,,,,,,,,,,,,,,,,,,,0,0,0,0,0,0,0,0,0,0,0,0,0,0,0,0,0,0,0,0,
Slovak Republic,SVK,Coal rents (% of GDP),NY.GDP.COAL.RT.ZS,,,,,,,,,,,,,,,,,,,,,,,,,,,,,,,0.102489741,0.074388713,0.033929196,0.003414694,0.003796865,0.014089343,0.007579783,0.003327682,0.006068462,0.001094342,0.010689221,0.03232933,0.008966385,0.006409765,0.051221845,0.023771069,0.019584002,0.025910693,0.077987462,0.027422043,0.048061707,0.053362361,0.022704205,0.011568249,0.009055252,0.005491773,0.005558891,0.006885117,0.006003352,0.004421684,
Slovenia,SVN,Coal rents (% of GDP),NY.GDP.COAL.RT.ZS,,,,,,,,,,,,,,,,,,,,,,,,,,,,,,,0.06940892,0.082727911,0.053491257,0.005041797,0.005456781,0.019987814,0.010573399,0.00493122,0.009180989,0.001472318,0.016028597,0.048987928,0.016941958,0.01464131,0.125417253,0.076606612,0.075519058,0.104996965,0.26792231,0.086072041,0.175712469,0.204887585,0.088775675,0.043460967,0.025912601,0.019632407,0.023228047,0.028297923,0.02886951,0.02113339,
Sweden,SWE,Coal rents (% of GDP),NY.GDP.COAL.RT.ZS,,,,,,,,,,,0,0,0,5.35E-07,1.15E-06,0.00032268,4.31E-05,6.54E-06,2.35E-05,1.46E-05,5.09E-05,0.000136939,0.000136995,4.89E-05,1.52E-05,3.08E-05,3.54E-06,7.81E-07,7.17E-07,0,1.12E-05,2.46E-05,1.74E-05,0,0,0,0,0,0,0,0,0,0,0,0,0,0,0,0,0,0,0,0,0,0,0,0,0,0,0,
Eswatini,SWZ,Coal rents (% of GDP),NY.GDP.COAL.RT.ZS,,,,,,,,,,,,,,,,,,,,,0.776140374,1.018866095,0.913975887,0.418684847,0.46072527,0.940518204,0.605788367,0.323418499,0.306937045,0.379367548,0.263047869,0.189776596,0.122617195,0.047266848,0.148500488,0.17586882,0.122516946,0.148929258,0.192393794,0.142452555,0.192317894,0.311294406,0.295359781,0.233571605,0.613222457,0.393627183,0.405447119,0.564639634,1.252435882,0.262145023,0.180680572,0.206043362,0.146827863,0.108813291,0.089382237,0.066287493,0.088458123,0.131120171,0.139330263,0.106582407,
Sint Maarten (Dutch part),SXM,Coal rents (% of GDP),NY.GDP.COAL.RT.ZS,,,,,,,,,,,,,,,,,,,,,,,,,,,,,,,,,,,,,,,,,,,,,,,,,,,,,,,,,,,,,
Seychelles,SYC,Coal rents (% of GDP),NY.GDP.COAL.RT.ZS,,,,,,,,,,,,,,,,,,,,,0,0,0,0,0,0,0,0,0,0,0,0,0,0,0,0,0,0,0,0,0,0,0,0,0,0,0,0,0,0,0,0,0,0,0,0,0,0,0,0,
Syrian Arab Republic,SYR,Coal rents (% of GDP),NY.GDP.COAL.RT.ZS,,,,,,,,,,,,0,0,0,0,0,0,0,0,0,0,0,0,0,0,0,0,0,0,0,0,0,0,0,0,0,0,0,0,0,0,0,0,0,0,0,0,0,,,,,,,,,,,,,
Turks and Caicos Islands,TCA,Coal rents (% of GDP),NY.GDP.COAL.RT.ZS,,,,,,,,,,,,,,,,,,,,,,,,,,,,,,,,,,,,,,,,,,0,0,0,0,0,0,0,0,0,0,0,0,0,0,0,0,0,0,0,
Chad,TCD,Coal rents (% of GDP),NY.GDP.COAL.RT.ZS,,,,,,,,,,,,,,,,,,,,,0,0,0,0,0,0,0,0,0,0,0,0,0,0,0,0,0,0,0,0,0,0,0,0,0,0,0,0,0,0,0,0,0,0,0,0,0,0,0,0,
East Asia & Pacific (IDA & IBRD countries),TEA,Coal rents (% of GDP),NY.GDP.COAL.RT.ZS,,,,,,,,,,,,0.05604254,0.052050869,0.056571829,0.49416224,1.888870018,1.974238084,1.972370282,1.888378926,1.57220206,2.438562826,4.087402708,4.478653986,2.413884759,1.697849754,1.852885857,0.941274693,0.106754519,0.514649109,0.859444008,0.959188255,0.744495745,0.383975896,0.076410952,0.038480453,0.255933367,0.085219219,0.058397642,0.123010823,0.056460203,0.1205224,0.609920578,0.176370192,0.146795532,1.961482158,1.460659636,1.468760871,1.73951555,4.203642583,1.493249459,2.375881435,3.127974869,1.60274284,1.000288211,0.74509443,0.38755274,0.39812491,0.520338676,0.568190006,0.417011448,
Europe & Central Asia (IDA & IBRD countries),TEC,Coal rents (% of GDP),NY.GDP.COAL.RT.ZS,,,,,,,,,,,0.068131437,0.09114191,0.072482821,0.065567486,0.104563796,0.261065762,0.269865616,0.234842277,0.19165514,0.116384699,0.26557778,0.519356633,0.656693882,0.357451302,0.243075011,0.300391834,0.114401926,0.059678976,,,0.748282484,0.532824275,0.520413274,0.293898374,0.196514395,0.265020401,0.219046138,0.175568805,0.172610145,0.108189783,0.172059746,0.407648371,0.236832562,0.184014419,0.634401786,0.513757958,0.464428483,0.389098839,1.230439276,0.565641372,0.747289756,0.80298751,0.405890048,0.184472321,0.167636651,0.183376692,0.222986095,0.287117211,0.327411817,0.253480814,
Togo,TGO,Coal rents (% of GDP),NY.GDP.COAL.RT.ZS,,,,,,,,,,,,0,0,0,0,0,0,0,0,0,0,0,0,0,0,0,0,0,0,0,0,0,0,0,0,0,0,0,0,0,0,0,0,0,0,0,0,0,0,0,0,0,0,0,0,0,0,0,0,0,
Thailand,THA,Coal rents (% of GDP),NY.GDP.COAL.RT.ZS,,,,,,,,,,,,0.000587027,0.000538393,0.000810384,0.005744871,0.017520096,0.01785023,0.014644516,0.011905719,0.021199467,0.033332916,0.061825604,0.082470203,0.036652398,0.028263746,0.084636547,0.043618478,0.011274666,0.025987833,0.04286049,0.055445932,0.051348061,0.033623899,0.010482658,0.010522276,0.037003304,0.024818196,0.018133343,0.038387466,0.015334428,0.039346981,0.100020688,0.046329598,0.035241047,0.163004077,0.106476014,0.086452369,0.111328504,0.24708393,0.091603461,0.132364912,0.182614326,0.081930625,0.052692276,0.039644847,0.021057664,0.025659469,0.02959224,0.028423273,0.019393561,
Tajikistan,TJK,Coal rents (% of GDP),NY.GDP.COAL.RT.ZS,,,,,,,,,,,,,,,,,,,,,,,,,,,,,,,0.118786108,0.074896935,0.038151827,0.005494225,0.00351279,0.008280198,0.00138234,0.000730976,0.000892613,0.00014348,0.002883961,0.008469314,0.004622546,0.005107794,0.064470051,0.042616525,0.037976249,0.081129695,0.209008758,0.066462276,0.108807259,0.139320484,0.108085156,0.068918187,0.09686549,0.113637093,0.257325987,0.432565469,0.541794923,0.367686861,
Turkmenistan,TKM,Coal rents (% of GDP),NY.GDP.COAL.RT.ZS,,,,,,,,,,,,,,,,,,,,,,,,,,,,,,,0,0,0,0,0,0,0,0,0,0,0,0,0,0,0,0,0,0,0,0,0,0,0,0,0,0,0,0,0,,
Latin America & the Caribbean (IDA & IBRD countries),TLA,Coal rents (% of GDP),NY.GDP.COAL.RT.ZS,,,,,,,,,,,,0.007823249,0.006862407,0.006298462,0.016796049,0.0456457,0.047061349,0.048270732,0.041224859,0.032815967,0.03142419,0.042561763,0.054567772,0.045332335,0.038727591,0.042050176,0.025433961,0.009147907,0.008869204,0.020140831,0.020835047,0.014426903,0.008382398,0.002992847,0.001964868,0.004960222,0.003411954,0.002665031,0.001695274,0.000538107,0.000592305,0.004925852,0.002108243,0.002384305,0.067378985,0.040159202,0.04216995,0.063784292,0.171331244,0.047419254,0.085057976,0.124530301,0.07275466,0.05236852,0.040736574,0.035065277,0.042556063,0.05012286,0.055940687,0.042241363,
Timor-Leste,TLS,Coal rents (% of GDP),NY.GDP.COAL.RT.ZS,,,,,,,,,,,,,,,,,,,,,,,,,,,,,,,,,,,,,,,,,,,,0,,,,,,,,,,,,0,0,0,0,0,
Middle East & North Africa (IDA & IBRD countries),TMN,Coal rents (% of GDP),NY.GDP.COAL.RT.ZS,,,,,,,,,,,,0.004190947,0.005295082,0.007209308,0.012451745,0.028726583,0.026407531,0.023079417,0.016216551,0.016403582,0.013058989,0.018463216,0.019515299,0.013196503,0.010517583,0.009389206,0.00610929,0.004072305,0.004538435,0.004997537,0.003761948,0.002271428,0.001602512,0.00393031,0.002540654,0.004260447,0.003103444,0.002414149,0.0027835,0.000672295,0.001030341,0.002328505,0.002459478,0.001607277,0.003999232,0.007111895,0.007342544,0.004192442,0.015404333,0.007108344,0.006570374,0.009415366,0.003644864,0.002142379,0.001416314,0.000943922,0.001232058,0.002178081,0.001262901,0,
Tonga,TON,Coal rents (% of GDP),NY.GDP.COAL.RT.ZS,,,,,,,,,,,,,,,,,,,,,0,0,0,0,0,0,0,0,0,0,0,0,0,0,0,0,0,0,0,0,0,0,0,0,0,0,0,0,0,0,0,0,0,0,0,0,0,0,0,0,
South Asia (IDA & IBRD),TSA,Coal rents (% of GDP),NY.GDP.COAL.RT.ZS,,,,,,,,,,,,0.163843979,0.18818823,0.206149146,0.3773607,0.871373312,0.966854185,0.859029882,0.669306626,0.605006374,0.731143286,1.118071893,1.234553608,0.791017969,0.694962348,0.702777657,0.544797654,0.337596002,0.42453579,0.552370094,0.616306542,0.739249869,0.640512979,0.454528938,0.439110622,0.657791203,0.586202605,0.505044842,0.402207563,0.282495171,0.369053075,0.608179276,0.429898915,0.440307272,1.058840225,0.86524471,0.871277688,0.968402297,2.256410516,1.117320265,1.343301168,1.63528139,1.19493513,0.962217353,0.77886401,0.598006775,0.637267317,0.752880875,0.914830398,0.658670296,
Sub-Saharan Africa (IDA & IBRD countries),TSS,Coal rents (% of GDP),NY.GDP.COAL.RT.ZS,,,,,,,,,,,,0.485767414,0.468612104,0.472693541,0.654027085,1.23651005,1.310767513,1.381122989,1.205856696,1.144895716,1.166352778,1.299366828,1.592714448,1.228394604,1.271407004,1.555619249,1.205687443,0.772089768,0.936859241,1.091137627,1.025442801,1.026783076,0.902428824,0.754002,0.807365291,1.037608996,0.892911478,0.748632777,0.58003965,0.388794902,0.5157939,0.920020021,0.548926961,0.539925637,1.331293212,0.917873139,0.830819586,1.013704648,1.952258391,0.706883086,1.054641346,1.184892774,0.786671228,0.59118576,0.429109091,0.318848178,0.382864089,0.508206241,0.566731189,0.411243424,
Trinidad and Tobago,TTO,Coal rents (% of GDP),NY.GDP.COAL.RT.ZS,,,,,,,,,,,,0,0,0,0,0,0,0,0,0,0,0,0,0,0,0,0,0,0,0,0,0,0,0,0,0,0,0,0,0,0,0,0,0,0,0,0,0,0,0,0,0,0,0,0,0,0,0,0,0,
Tunisia,TUN,Coal rents (% of GDP),NY.GDP.COAL.RT.ZS,,,,,,,,,,,,0,0,0,0,0,0,0,0,0,0,0,0,0,0,0,0,0,0,0,0,0,0,0,0,0,0,0,0,0,0,0,0,0,0,0,0,0,0,0,0,0,0,0,0,0,0,0,0,0,
Turkey,TUR,Coal rents (% of GDP),NY.GDP.COAL.RT.ZS,,,,,,,,,,,0.068131437,0.09114191,0.072482821,0.065567486,0.104563796,0.261065762,0.269865616,0.234842277,0.19165514,0.116384699,0.203896346,0.392556714,0.498543321,0.295746953,0.218647349,0.261038969,0.110936198,0.051286038,0.05257885,0.060837541,0.09162195,0.078405714,0.049698447,0.013882482,0.01498979,0.029619475,0.019732203,0.010285019,0.010181141,0.002638685,0.016018704,0.064627033,0.020112375,0.015463402,0.090848851,0.051913711,0.06092989,0.0882188,0.27085086,0.107764134,0.1558706,0.179539211,0.070948265,0.028508851,0.024175893,0.015710845,0.020903109,0.028886167,0.040482642,0.030770064,
Tuvalu,TUV,Coal rents (% of GDP),NY.GDP.COAL.RT.ZS,,,,,,,,,,,,,,,,,,,,,,,,,,,,,,,,,,,,,,,,,,,,,,,,,,,,,,,,,,,,,
Tanzania,TZA,Coal rents (% of GDP),NY.GDP.COAL.RT.ZS,,,,,,,,,,,,,,,,,,,,,,,,,,,,,0.000917322,0.001368844,0.001995029,0.00167763,0.001640012,0.012929977,0.013262973,0.015616488,0.014318832,0.004785535,0.003499452,0.003870597,0.005589192,0.009391842,0.005979002,0.004446839,0.014573214,0.005023129,0.003129625,0.005672743,0.005333409,0,0,0.017848696,0.010251893,0.007708783,0.014815064,0.011236268,0.012919229,0.032847559,0.017432078,0.011718105,
Uganda,UGA,Coal rents (% of GDP),NY.GDP.COAL.RT.ZS,,,,,,,,,,,,,,,,,,,,,0,0,0,0,0,0,0,0,0,0,0,0,0,0,0,0,0,0,0,0,0,0,0,0,0,0,0,0,0,0,0,0,0,0,0,0,0,0,0,0,
Ukraine,UKR,Coal rents (% of GDP),NY.GDP.COAL.RT.ZS,,,,,,,,,,,,,,,,,,,,,,,,,,,,,,,2.134914464,1.846291539,1.58108587,1.043658173,0.717045932,0.857859619,0.754808373,0.667176232,0.802422906,0.652775315,0.891864431,1.38341503,1.133779039,0.783976192,1.545698902,1.657629316,1.455575255,0.779978808,2.841957431,1.921543709,2.019207037,2.476190595,1.262581579,0.546330755,0.469926914,0.458231402,0.451641969,0.402240372,0.414364658,0.274074526,
Upper middle income,UMC,Coal rents (% of GDP),NY.GDP.COAL.RT.ZS,,,,,,,,,,,,0.105104214,0.099507779,0.100720742,0.303519401,0.951911279,0.971143614,1.011193983,0.892112875,0.768285132,1.066002406,1.711932975,2.045038555,1.268296998,0.977091411,1.120566782,0.645894688,0.206391869,0.377492691,0.508917723,0.517788421,0.435300421,0.316455669,0.147365172,0.113617584,0.228864664,0.143871488,0.110426822,0.112200617,0.069936833,0.111719794,0.375539267,0.159048169,0.148229758,1.108035062,0.803232057,0.790612842,0.913369663,2.313462944,0.904695647,1.394021993,1.786262747,0.95647916,0.600461525,0.467635258,0.286421951,0.305144738,0.392535931,0.438169223,0.330202946,
Uruguay,URY,Coal rents (% of GDP),NY.GDP.COAL.RT.ZS,,,,,,,,,,,,0,0,0,0,0,0,0,0,0,0,0,0,0,0,0,0,0,0,0,0,0,0,0,0,0,0,0,0,0,0,0,0,0,0,0,0,0,0,0,0,0,0,0,0,0,0,0,0,0,
United States,USA,Coal rents (% of GDP),NY.GDP.COAL.RT.ZS,,,,,,,,,,,0.09341152,0.103787996,0.109876147,0.122089695,0.248056308,0.575184144,0.582940287,0.546948893,0.402628448,0.414272823,0.533811703,0.718820588,0.741514976,0.384938087,0.307452605,0.305897138,0.199801757,0.107980402,0.141107461,0.18178241,0.195752512,0.176173773,0.137712991,0.066137036,0.063669707,0.186226812,0.196676998,0.183169566,0.162562766,0.127480531,0.140481018,0.212426601,0.151222461,0.153609364,0.321129261,0.264792257,0.275508819,0.250786236,0.700340882,0.329527339,0.465301095,0.578607923,0.366088387,0.27914495,0.226069078,0.154088228,0.135357678,0.18127789,0.196974592,0.138485241,
Uzbekistan,UZB,Coal rents (% of GDP),NY.GDP.COAL.RT.ZS,,,,,,,,,,,,,,,,,,,,,,,,,,,,,,,0.157135589,0.151983546,0.076637841,0.006883125,0.00923253,0.028916989,0.014898294,0.006179561,0.011773566,0.001831719,0.019580033,0.084940969,0.033862376,0.024604083,0.283411302,0.173089714,0.156714864,0.209901242,0.538218144,0.142468278,0.192871634,0.209658125,0.078270059,0.040718631,0.032425321,0.015451593,0.019454237,0.036908208,0.052300894,0.033317197,
St. Vincent and the Grenadines,VCT,Coal rents (% of GDP),NY.GDP.COAL.RT.ZS,,,,,,,,,,,,,,,,,,,,,0,0,0,0,0,0,0,0,0,0,0,0,0,0,0,0,0,0,0,0,0,0,0,0,0,0,0,0,0,0,0,0,0,0,0,0,0,0,0,0,
"Venezuela, RB",VEN,Coal rents (% of GDP),NY.GDP.COAL.RT.ZS,,,,,,,,,,,,0,0,0,0.00053187,0.00277003,0.003110921,0.003821105,0.00191922,0.000952205,0.001135682,0.002270728,0.00246584,0.000836547,0.000824632,0.000812195,0.000439057,0,0.000859413,0.019819589,0.021037582,0.017237759,0.005624873,0,0,0.004941189,0.000531246,0,0,0,0,0.003126115,0,2.63E-06,0.133193487,0.059892525,0.05149748,0.074308803,0.130156003,0.018093576,0.032103303,0.044030542,0.0127972,0.007960687,0.006011649,,,,,,
British Virgin Islands,VGB,Coal rents (% of GDP),NY.GDP.COAL.RT.ZS,,,,,,,,,,,,,,,,,,,,,,,,,,,,,,,,,,,,,,,,,,,,,,,,,,,,,,,,,,,,,
Virgin Islands (U.S.),VIR,Coal rents (% of GDP),NY.GDP.COAL.RT.ZS,,,,,,,,,,,,,,,,,,,,,,,,,,,,,,,,,,,,,,,,,,,0,0,0,0,0,0,0,0,0,0,0,0,0,0,0,0,,,
Vietnam,VNM,Coal rents (% of GDP),NY.GDP.COAL.RT.ZS,,,,,,,,,,,,,,,,,,,,,,,,,,0.438055191,0.120621225,0.003618267,0.070039682,0.402551626,0.405733074,0.243438732,0.11769788,0.007174949,0.005802658,0.088595853,0.018672282,0.008825222,0.029003368,0.010099886,0.033336091,0.253724479,0.051140667,0.046446024,1.403552004,0.908975416,0.96404175,1.522447623,2.877607939,0.934621746,1.726112335,2.185660991,1.009021981,0.647572954,0.481275327,0.2591255,0.255077936,0.308381899,0.35851771,0.245762866,
Vanuatu,VUT,Coal rents (% of GDP),NY.GDP.COAL.RT.ZS,,,,,,,,,,,,,,,,,,,,,0,0,0,0,0,0,0,0,0,0,0,0,0,0,0,0,0,0,0,0,0,0,0,0,0,0,0,0,0,0,0,0,0,0,0,0,0,0,0,0,
World,WLD,Coal rents (% of GDP),NY.GDP.COAL.RT.ZS,,,,,,,,,,,0.069807095,0.07845181,0.07370615,0.073779006,0.155889456,0.41847207,0.428425966,0.401432292,0.295110098,0.267513061,0.342337696,0.552266304,0.618386858,0.351794472,0.275462066,0.297213082,0.159788207,0.06819485,0.092995846,0.126826946,0.16255271,0.135679367,0.102280326,0.05422949,0.04454896,0.095799269,0.088785354,0.083106338,0.078444058,0.056407423,0.072105494,0.14841414,0.088710425,0.082224331,0.303171368,0.251747304,0.266537842,0.295796455,0.817018772,0.352202096,0.552829434,0.731632845,0.426456399,0.293898143,0.235399181,0.157575223,0.162167554,0.214379192,0.240627602,0.18014807,
Samoa,WSM,Coal rents (% of GDP),NY.GDP.COAL.RT.ZS,,,,,,,,,,,,,,,,,,,,,,,0,0,0,0,0,0,0,0,0,0,0,0,0,0,0,0,0,0,0,0,0,0,0,0,0,0,0,0,0,0,0,0,0,0,0,0,0,0,
Kosovo,XKX,Coal rents (% of GDP),NY.GDP.COAL.RT.ZS,,,,,,,,,,,,,,,,,,,,,,,,,,,,,,,,,,,,,,,,,0.153956331,0.472343578,0.164923449,0.162249898,1.092872091,0.781045356,0.799925402,1.093157528,3.176619491,1.058406181,1.954199038,2.027440338,0.870615901,0.42366298,0.287049812,0.233798313,0.269289377,0.286950028,0.291792702,0.214104704,
"Yemen, Rep.",YEM,Coal rents (% of GDP),NY.GDP.COAL.RT.ZS,,,,,,,,,,,,,,,,,,,,,,,,,,,,,,,0,0,0,0,0,0,0,0,0,0,0,0,0,0,0,0,0,0,0,0,0,0,0,0,0,0,0,0,0,0,
South Africa,ZAF,Coal rents (% of GDP),NY.GDP.COAL.RT.ZS,,,,,,,,,,,,1.100993379,1.146874267,1.086268367,1.601191614,3.202470918,3.858376609,4.029129901,3.558276572,3.334372566,3.388225883,5.275273699,6.491439826,3.928603143,4.023727122,6.109588399,4.290060638,2.364593228,2.792351847,3.103127261,2.805782862,2.59605719,2.104058451,1.662285006,1.696073299,2.282190201,2.137306929,1.804029413,1.493233464,1.015871414,1.444312151,2.761363177,1.88449236,1.541493105,3.629874123,2.613807068,2.69613961,3.477611801,8.047953066,2.688524589,3.769967226,4.275015918,3.084413132,2.663020936,2.060974552,1.542292937,1.86578659,2.134616673,2.40315709,1.860169249,
Zambia,ZMB,Coal rents (% of GDP),NY.GDP.COAL.RT.ZS,,,,,,,,,,,,0.17210805,0.201609643,0.205726991,0.223595242,0.519858928,0.475585728,0.493010056,0.40376079,0.281463372,0.365501611,0.478456834,0.573714532,0.330688832,0.351470414,0.470829194,0.539766128,0.239690563,0.210728096,0.182288404,0.21609548,0.187071039,0.216706537,0.119969573,0.055295014,0.071372877,0.055605458,0.023086679,0.050108741,0.034875376,0.049328885,0.078405455,0.052543893,0.054104199,0.068485178,0.051397202,0.015577868,0.00437695,0.000531159,0.000214147,0.000283658,0.000311729,0.0233777,0.02107672,0.016874498,0.015313519,0.034922412,0.091799777,0.043729797,0.036143174,
Zimbabwe,ZWE,Coal rents (% of GDP),NY.GDP.COAL.RT.ZS,,,,,,,,,,,,0.626786775,0.47091598,0.512103581,0.749199398,1.227523854,1.617649259,1.461151549,1.382675099,1.171479528,1.152976244,1.21486979,1.245155174,0.904828105,0.918430308,1.285694869,1.061841086,0.959300336,0.986163343,1.135603923,1.281923904,1.42933726,1.625834717,1.117108743,0.985143351,1.268626798,0.900203422,0.693789487,0.748271525,0.570248981,0.73429842,1.185727065,0.869278577,0.851882433,2.040021756,2.24059042,2.514651007,2.993392057,6.235831388,1.265345405,1.640004713,1.916836774,1.029756214,0.720345266,0.954875283,0.495489656,0.227489919,0.495528011,0.395645787,0.355185134,
