Natural gas rents (% of GDP),,,NY.GDP.NGAS.RT.ZS,,,,,,,,,,,,,,,,,,,,,,,,,,,,,
Country Name,Country Code,1990,1991,1992,1993,1994,1995,1996,1997,1998,1999,2000,2001,2002,2003,2004,2005,2006,2007,2008,2009,2010,2011,2012,2013,2014,2015,2016,2017,2018,2019,2020
Aruba,ABW,0,0,0,0,0,0,0,0,0,0,0,0,0,0,0,0,0,0,0,0,0,0,0,0,0,0,0,0,,,
Africa Eastern and Southern,AFE,0.004195921,0.006363845,0.005036484,0.007345211,0.00790882,0.007715482,0.008813435,0.007976561,0.005033336,0.010043902,0.020280746,0.034827088,0.033729379,0.0202484,0.039116353,0.052820237,0.06821942,0.069399505,0.076915153,0.067845458,0.078634242,0.121832474,0.128246659,0.123915373,0.116247545,0.080727905,0.053332339,0.077956253,0.177686988,0.122674329,
Afghanistan,AFG,,,,,,,,,,,,,0.032124556,0.011570536,0.010389538,0.012638142,0.014891747,0.015505663,0.016994072,0.011404537,0.034392156,0.067987612,0.058378801,0.043104306,0.044077856,0.039754382,0.028606662,0.030597276,0.042574583,0.030680753,
Africa Western and Central,AFW,0.011876707,0.030129734,0.024144196,0.039657896,0.038247895,0.035959739,0.044600052,0.050298838,0.034368711,0.064863,0.240933528,0.361379245,0.26498407,0.368689856,0.352209054,0.355474417,0.494619927,0.574731198,0.634722168,0.560331979,0.65568151,1.385007243,1.329812261,1.01917439,1.070951842,0.692761886,0.388029531,0.606759249,1.001007178,0.737974567,
Angola,AGO,0.017794918,0.038150674,0.038504554,0.07132274,0.080748158,0.071745961,0.065392143,0.067655402,0.054341445,0.090321659,0.144052642,0.175657498,0.115982374,0.118445217,0.114388176,0.07667515,0.078568548,0.08851348,0.065972025,0.078853817,0.086285895,0.119800249,0.107606086,0.113620887,0.083417107,0.061566149,0.08518723,0.186031596,0.777517066,0.723079458,
Albania,ALB,0.310273971,0.264663426,0.224714893,0.041069023,0.021601916,0.017082096,0.016069576,0.015279765,0.00833811,0.003399061,0.02518337,0.041886791,0.029362374,0.024792635,0.017080227,0.015776796,0.027384624,0.008244537,0.031367856,0.028965022,0.007628597,0.010779468,0.020144141,0.020843742,0.024511123,0.021477653,0.016511267,0.025764668,0.028407603,0.021998532,
Andorra,AND,,,,,,,,,,,,,,,,,,,,,,,,,,,,,,,
Arab World,ARB,0.28866807,0.389451415,0.321405778,0.428261558,0.327499558,0.39674067,0.496232828,0.607894516,0.518583855,0.457392315,0.819024115,1.048783915,0.890053751,0.867286877,0.85846246,1.177974839,1.374469381,1.407245966,1.414523608,1.574426033,1.247578574,1.838039681,1.893975741,1.94279108,1.749065391,1.253392019,0.716126027,0.809747113,1.119101227,0.839286943,
United Arab Emirates,ARE,0.476066725,0.502721082,0.37189183,0.48299889,0.393204909,0.50346522,0.635630399,0.748467852,0.618541209,0.513532693,0.781890841,0.976428139,0.820155402,0.776932432,0.769012506,1.022777399,1.103298526,1.109759152,1.064929985,1.216039835,0.929216539,1.278238233,1.353920537,1.352347101,1.197462912,0.925821345,0.521048015,0.563684709,0.737730496,0.559007733,
Argentina,ARG,0.161468434,0.130005907,0.095035215,0.111643102,0.090492704,0.100564266,0.120941165,0.125488864,0.111503048,0.162284928,0.259165288,0.281061238,0.725729338,0.622994288,0.558046856,0.611986331,0.656636694,0.545319593,0.494751621,0.539895492,0.350927747,0.419481247,0.453971732,0.442645419,0.340075163,0.193167103,0.137954538,0.174177317,0.379366358,0.344565693,
Armenia,ARM,0,0,0,0,0,0,0,0,0,0,0,0,0,0,0,0,0,0,0,0,0,0,0,0,0,0,0,0,0,0,
American Samoa,ASM,,,,,,,,,,,,,0,0,0,0,0,0,0,0,0,0,0,0,0,0,0,0,0,,
Antigua and Barbuda,ATG,0,0,0,0,0,0,0,0,0,0,0,0,0,0,0,0,0,0,0,0,0,0,0,0,0,0,0,0,0,0,
Australia,AUS,0.15383384,0.105191959,0.08279267,0.108150646,0.145647711,0.149090713,0.170916041,0.153090816,0.110057792,0.147747374,0.251462715,0.264647634,0.234816721,0.260906149,0.263254654,0.270237084,0.301830423,0.297929799,0.293955363,0.376795044,0.303571022,0.338182601,0.341825019,0.321953493,0.434860869,0.637893502,0.576892049,0.693519469,1.339103517,1.202242825,
Austria,AUT,0.018905325,0.01574003,0.010636878,0.012796963,0.009011703,0.008373047,0.010778179,0.011579419,0.005083597,0.00437359,0.026795896,0.04806308,0.037495113,0.037054142,0.026685309,0.023157827,0.046378948,0.044163017,0.050582603,0.0478025,0.039515307,0.054051895,0.064287408,0.047223113,0.030282842,0.023113685,0.013048452,0.020404835,0.022722167,0.013363818,
Azerbaijan,AZE,3.460859696,2.170096924,2.008698517,2.480294728,2.325285628,2.614482936,3.233777774,2.429926399,0.79367644,0.637866456,2.805684051,4.896139959,3.32697496,3.108136528,2.566621862,1.660079796,2.354688473,2.8021959,4.123066457,3.82459163,2.718746653,3.284801107,3.507432536,3.205077223,2.489184103,2.412985101,2.043663346,2.895239165,3.772737483,3.571548661,
Burundi,BDI,0,0,0,0,0,0,0,0,0,0,0,0,0,0,0,0,0,0,0,0,0,0,0,0,0,0,0,0,0,0,
Belgium,BEL,0.00014364,9.92E-05,3.59E-05,3.41E-05,6.31E-06,1.25E-06,1.30E-05,1.09E-06,0,9.54E-07,3.15E-05,0,0,0,0,0,0,0,0,0,0,0,0,0,0,0,0,0,0,0,
Benin,BEN,0,0,0,0,0,0,0,0,0,0,0,0,0,0,0,0,0,0,0,0,0,0,0,0,0,0,0,0,0,0,
Burkina Faso,BFA,0,0,0,0,0,0,0,0,0,0,0,0,0,0,0,0,0,0,0,0,0,0,0,0,0,0,0,0,0,0,
Bangladesh,BGD,0.093812235,0.083094399,0.074795942,0.075886246,0.088067983,0.109750095,0.154732819,0.143787777,0.143754319,0.214354227,0.361800431,0.392023478,0.485983388,0.476685903,0.49197111,0.716023462,0.991582539,0.695594891,0.586127252,0.823832444,0.614907996,1.090497092,1.113364845,0.803644711,0.810156816,0.685135827,0.355536073,0.376921762,0.473864687,0.343833422,
Bulgaria,BGR,0.001473099,0.00156901,0.001012317,0.009360434,0.007504314,0.00319604,0.005005749,0.005434763,0.00126133,0.000724267,0.011846437,0.001398522,0.000515083,0.002458985,0.042543766,0.071231126,0.114621736,0.065667434,0.024380702,0.002060133,0.011078665,0.094839486,0.099152304,0.064776209,0.030724055,0.014606218,0.005627684,0.005971496,0.006223053,,
Bahrain,BHR,1.768488623,1.399800948,1.329759587,1.671125575,1.234340219,1.398084003,1.807531157,2.189761231,1.838070861,1.584279103,2.207731103,2.796712541,2.197656626,2.008402331,1.768915794,2.520945122,2.997259667,3.012434202,3.207016979,3.430671444,2.604539011,3.852595363,4.072862678,4.256223518,4.016335572,2.681352853,1.379944775,1.420372457,1.971861618,1.648309509,
"Bahamas, The",BHS,0,0,0,0,0,0,0,0,0,0,0,0,0,0,0,0,0,0,0,0,0,0,0,0,0,0,0,0,0,0,
Bosnia and Herzegovina,BIH,,,,,0,0.656514367,0,0,0,0,0,0,0,0,0,0,0,0,0,0,0,0,0,0,0,0,0,0,0,0,
Belarus,BLR,0.029104886,0.028903978,0.021179583,0.025651033,0.023601775,0.02297448,0.025594671,0.026537834,0.010339369,0.010186635,0.052192548,0.100395133,0.063060897,0.05838766,0.038221727,0.028161557,0.041666991,0.032681073,0.036806093,0.038658936,0.026402426,0.040585667,0.038496602,0.036138099,0.022135617,0.022325966,0.015702094,0.018846696,0.026359816,0.026656591,
Belize,BLZ,0,0,0,0,0,0,0,0,0,0,0,0,0,0,0,0,0,0,0,0,0,0,0,0,0,0,0,0,0,0,
Bermuda,BMU,0,0,0,0,0,0,0,0,0,0,0,0,0,0,0,0,0,0,0,0,0,0,0,0,0,0,0,0,0,0,
Bolivia,BOL,0.787617611,0.689938409,0.518601619,0.578008821,0.508943319,0.449261746,0.491799149,0.419051789,0.342615472,0.334319516,0.699432156,1.085039427,1.382688294,1.532830931,2.10023804,3.099258317,3.439180462,3.400239327,3.203359242,2.851735379,2.478230553,3.432938402,3.979056652,4.186042706,2.959768796,1.787331351,1.036397856,1.272986499,1.838280457,1.179229166,
Brazil,BRA,0.008323735,0.006413865,0.009560744,0.011629642,0.008486561,0.006738765,0.007954837,0.009033964,0.008121092,0.01623445,0.022125868,0.02734407,0.035137493,0.034249923,0.033216207,0.032105944,0.032796349,0.027643822,0.032881218,0.030579685,0.02408433,0.036087067,0.050612904,0.05827154,0.045790853,0.039828033,0.025140838,0.034493832,0.058035473,0.045273205,
Barbados,BRB,0.015959489,0.012416472,0.010799512,0.015948585,0.009655605,0.010967541,0.013582613,0.01391298,0.010371452,0.011719302,0.016800937,0.017393026,0.015908215,0.012471307,0.010075638,0.00965094,0.00890389,0.006971062,0.006720307,0.006180612,0.004723202,0.006034403,0.006200432,0.005634501,0.003685541,0.002131761,0.001221258,0.001574842,0.00245931,0.001672735,
Brunei Darussalam,BRN,5.734012352,3.784666859,2.620115552,3.3882019,4.15561717,4.480901071,5.130359062,4.913448438,3.759262171,4.449039116,6.144506444,6.086521664,5.369282989,6.625123525,6.798593218,6.020619818,5.914004213,5.799534681,6.11954493,7.762738561,5.627985536,5.717179542,5.710511707,5.400799397,7.105723747,11.65637526,8.211069988,8.660149683,13.65864466,10.54346035,
Bhutan,BTN,0,0,0,0,0,0,0,0,0,0,0,0,0,0,0,0,0,0,0,0,0,0,0,0,0,0,0,0,0,0,
Botswana,BWA,0,0,0,0,0,0,0,0,0,0,0,0,0,0,0,0,0,0,0,0,0,0,0,0,0,0,0,0,0,0,
Central African Republic,CAF,0,0,0,0,0,0,0,0,0,0,0,0,0,0,0,0,0,0,0,0,0,0,0,0,0,0,0,0,0,0,
Canada,CAN,0.376005689,0.338232926,0.575240178,0.910218134,0.781938198,0.522657393,1.021544822,0.946879104,0.722047607,0.972214403,2.014368966,2.058868488,1.092311844,1.583355404,2.128325878,2.183875705,1.430516606,1.063498975,1.426152299,0.14728456,0,0,0,0,0.014411555,0,0,0,0.069158617,0.049035814,
Central Europe and the Baltics,CEB,0.396855099,0.307228564,0.179358744,0.194137811,0.129884994,0.093048971,0.105505022,0.097649495,0.034285996,0.026531097,0.143546978,0.248807658,0.170222555,0.153776293,0.116321467,0.100961053,0.174182341,0.143611184,0.173124229,0.179473009,0.135466344,0.18946107,0.204864025,0.179520084,0.124365202,0.096370445,0.054194677,0.078526562,0.102105713,0.074675066,
Switzerland,CHE,3.82E-05,2.34E-05,1.57E-05,1.23E-05,4.63E-06,0,0,0,0,0,0,0,0,0,0,0,0,0,0,0,0,0,0,0,0,0,0,0,0,0,
Channel Islands,CHI,,,,,,,,,,,,,,,,,,,,,,,,,,,,,,,
Chile,CHL,0.064412056,0.042978532,0.033066297,0.03890438,0.031755811,0.023943406,0.025708509,0.03002256,0.024514997,0.018958861,0.025793812,0.030865844,0.059972434,0.046394852,0.020129447,0.037163758,0.035252441,0.031965751,0.035416509,0.043303255,0.028028669,0.032023716,0.027524784,0.020898277,0.015702755,0.012061081,0.008770875,0.011806017,0.018706314,,
China,CHN,0.099106588,0.064588865,0.042972931,0.052502287,0.052578455,0.045561319,0.054188608,0.053414328,0.033063791,0.043398193,0.075754219,0.070012521,0.062857466,0.076661291,0.095900213,0.10656853,0.118691786,0.11685854,0.130936938,0.126108404,0.102171039,0.11932152,0.11600519,0.104510352,0.119906956,0.139074902,0.088815268,0.099023552,0.171450953,0.136038062,
Cote d'Ivoire,CIV,0,0,0,0,0,0.002575625,0.026063859,0.04646663,0.03866673,0.107445294,0.290641419,0.356912348,0.308875436,0.283521096,0.281577789,0.331710337,0.44160032,0.512518981,0.565050379,0.527405724,0.654531685,1.142200782,1.204691178,1.09755688,0.969070566,0.416716952,0.242196278,0.327846299,0.463177296,0.297360103,
Cameroon,CMR,0,0,0,0,0,0,0,0,0,0,0,0,0,0,0,0.004860828,0.006253555,0.00622411,0.006505022,0.006176331,0.079051836,0.090938877,0.169452327,2.61E-17,0.222878538,0.203467053,0.110919101,0.190409842,0.633042535,0.442075768,
"Congo, Dem. Rep.",COD,0,0,0,0,0,0,0,0,0,0,0,0,0,0,0,0,0.005078974,0.010086934,0.010529014,0.010450801,0.011079968,0.01671752,0.006186613,0.00513852,0.000983083,0.000297943,5.03E-05,6.33E-05,8.98E-05,0,
"Congo, Rep.",COG,0,0,0,0,0,0,0,0,0,0,0,0,0,,,0.078697519,0.134954876,0.229821731,0.272812755,0.437960935,0.696779485,1.308208416,1.197921004,1.542855496,1.402511546,1.161318842,0.681198035,0.908776717,1.315274886,1.237204849,
Colombia,COL,0.10027514,0.093421769,0.07046038,0.068820244,0.049179512,0.045161492,0.055367481,0.068003411,0.070978998,0.083978067,0.10800161,0.117497759,0.114856889,0.112466662,0.102562972,0.112438578,0.132157261,0.117735475,0.13974819,0.18099061,0.133822974,0.172522685,0.195438718,0.227249748,0.155917377,0.119484699,0.079489181,0.103101508,0.167398193,0.131373851,
Comoros,COM,0,0,0,0,0,0,0,0,0,0,0,0,0,0,0,0,0,0,0,0,0,0,0,0,0,0,0,0,0,0,
Cabo Verde,CPV,0,0,0,0,0,0,0,0,0,0,0,0,0,0,0,0,0,0,0,0,0,0,0,0,0,0,0,0,0,0,
Costa Rica,CRI,0,0,0,0,0,0,0,0,0,0,0,0,0,0,0,0,0,0,0,0,0,0,0,0,0,0,0,0,0,0,
Caribbean small states,CSS,0.372554619,0.367423842,0.315868603,0.371828428,0.344362539,0.332589249,0.410907032,0.412480122,0.324053901,0.455178264,0.76177616,0.81250611,0.876985952,1.179467223,1.293001704,1.562941344,2.022091065,2.036641108,2.062795896,2.695349938,2.212097282,3.043430934,3.364875556,3.465033782,2.463537165,1.477927034,0.846249127,1.158145386,1.947470811,1.391196946,
Cuba,CUB,0.001432968,0.00143437,0.000975342,0.001202195,0.000692859,0.000561909,0.000936936,0.001930873,0.005331809,0.021169483,0.03626973,0.037428619,0.033530326,0.034815541,0.037013917,0.045566272,0.067176985,0.071288694,0.076027622,0.07932822,0.06062027,0.083162159,0.091342322,0.09312184,0.073565728,0.044212564,0.024924098,0.029156773,0.046900036,,
Curacao,CUW,,,,,,,,,,,,,,,,,,,,,,,,,,,,,,,
Cayman Islands,CYM,,,,,,,,,,,,,,,,,0,0,0,0,0,0,0,0,0,0,0,0,0,,
Cyprus,CYP,0,0,0,0,0,0,0,0,0,0,0,0,0,0,0,0,0,0,0,0,0,0,0,0,0,0,0,0,0,0,
Czech Republic,CZE,0.015025323,0.017537003,0.007146414,0.009227192,0.006669897,0.005533629,0.005714166,0.005594628,0.002214147,0.001812344,0.009876581,0.012154135,0.007334415,0.007498038,0.00684507,0.005875192,0.00945098,0.009372389,0.011271702,0.012575737,0.01083548,0.014153716,0.018458282,0.016831527,0.012662647,0.009397376,0.004933604,0.007140406,0.008930368,0.005800802,
Germany,DEU,0.020010041,0.01617632,0.010056439,0.011635611,0.009555674,0.008458098,0.011937215,0.013337122,0.005279985,0.004439595,0.025375871,0.047991287,0.034959093,0.032865201,0.023834927,0.023516686,0.042372566,0.036799821,0.047037251,0.041677223,0.028470768,0.037105666,0.037408313,0.030864859,0.020145591,0.014966727,0.008301814,0.0110988,0.013390154,0.009810099,
Djibouti,DJI,0,0,0,0,0,0,0,0,0,0,0,0,0,0,0,0,0,0,0,0,0,0,0,0,0,0,0,0,0,0,
Dominica,DMA,0,0,0,0,0,0,0,0,0,0,0,0,0,0,0,0,0,0,0,0,0,0,0,0,0,0,0,0,0,0,
Denmark,DNK,0.061087892,0.063431911,0.0420531,0.0560889,0.046470212,0.042724198,0.064426753,0.086505344,0.033733002,0.026599131,0.162843697,0.311360164,0.223613228,0.189072518,0.17059479,0.18548517,0.330409524,0.281287693,0.424208257,0.336136371,0.256148345,0.294155484,0.284211284,0.215644711,0.146645669,0.11811415,0.06956588,0.108493164,0.128004322,0.064999336,
Dominican Republic,DOM,0,0,0,0,0,0,0,0,0,0,0,0,0,0,0,0,0,0,0,0,0,0,0,0,0,0,0,0,0,0,
Algeria,DZA,1.024939141,1.360281372,1.127533521,1.409756555,1.176010238,1.595914467,1.972543228,2.589914321,2.154353405,2.140681597,3.656211628,4.152147858,3.336012867,3.059541646,2.717436151,3.262057531,3.578836376,3.534383898,3.312810951,3.613231067,2.586460975,3.49352532,3.595131449,3.748964969,3.42175563,2.765283628,1.761869081,1.904457567,2.715190245,1.897719967,
East Asia & Pacific (excluding high income),EAP,0.299872487,0.210277076,0.143541893,0.165566894,0.18407193,0.170280115,0.208722416,0.21431581,0.152374269,0.191232868,0.333079435,0.2921975,0.26625813,0.316639716,0.361665815,0.376585006,0.369372486,0.33227601,0.346143951,0.328347912,0.252578499,0.277310102,0.267150796,0.23411333,0.26557874,0.321507718,0.200780288,0.21222742,0.349669333,0.26151295,
Early-demographic dividend,EAR,0.35870881,0.212984627,0.179575162,0.22995549,0.188882015,0.201092566,0.251486369,0.255697022,0.196146212,0.208626771,0.409493886,0.524493525,0.488834613,0.501439033,0.48350321,0.576720892,0.716485609,0.674580896,0.759402285,0.731821564,0.531412493,0.774144141,0.802759891,0.790060423,0.706378101,0.547152584,0.318657628,0.364489063,0.537571134,0.308213496,
East Asia & Pacific,EAS,0.060857309,0.039810019,0.027983301,0.031441682,0.037003769,0.037445197,0.053054556,0.057801806,0.041733356,0.051149688,0.089859181,0.090679446,0.088248479,0.106944808,0.12555635,0.140374215,0.156474699,0.158736901,0.178687054,0.180353876,0.145296748,0.168156293,0.169622001,0.161479565,0.192209634,0.245263299,0.157527906,0.175082777,0.303506677,0.236938587,
Europe & Central Asia (excluding high income),ECA,2.050042659,1.751094036,1.264040702,1.464044612,1.289404249,1.161692607,1.389820865,1.255761914,0.564737345,0.527126218,2.606250876,4.886107779,3.38058682,3.04702314,2.068302665,1.732162668,2.778786993,2.349182057,2.983473306,2.891423295,2.05997068,2.721989274,2.628202408,2.420792149,1.827716156,1.645973079,1.070586648,1.555642265,2.3057712,1.70668186,
Europe & Central Asia,ECS,0.2606244,0.194036249,0.131027524,0.165515517,0.12641202,0.10954999,0.136441435,0.137656665,0.056041738,0.044593937,0.262041054,0.485115162,0.35310063,0.326797328,0.253413837,0.247644102,0.442744602,0.408468971,0.588746362,0.520101867,0.424690377,0.59922209,0.642583509,0.594107593,0.410100046,0.327067787,0.20423384,0.311267256,0.43566904,0.39874323,
Ecuador,ECU,0.009508912,0.006654863,0.005979435,0.006495555,0.004606402,0.005105279,0.005898908,0.004759718,0.004023272,0.006790645,0.015062472,0.013279318,0.006891339,0.008966633,0.009509737,0.016699183,0.019818273,0.018859473,0.017080697,0.020584143,0.017577685,0.017432915,0.038731043,0.037211714,0.028570912,0.015796928,0.010725317,0.012587492,0.015982953,0.014013971,
"Egypt, Arab Rep.",EGY,0.222490948,0.260969869,0.21072518,0.279635134,0.207869313,0.216773609,0.268599718,0.278161178,0.205709505,0.205993559,0.441371159,0.659462569,0.657015112,0.798257769,1.015491529,1.809975834,2.524763856,2.398773658,2.390897489,2.065487897,1.451492271,2.202660562,2.011148569,1.854108108,1.402625687,0.730696582,0.373454033,0.72172578,1.190108508,0.806637056,
Euro area,EMU,0.041791453,0.036396857,0.02329023,0.029346292,0.022690407,0.019931435,0.026986993,0.027157519,0.010367752,0.007634807,0.043267133,0.081348084,0.057193004,0.048899315,0.040892248,0.037462412,0.066396623,0.058919156,0.088276892,0.076788139,0.067128767,0.0885776,0.098224885,0.092077951,0.055253485,0.035198323,0.021323191,0.02801824,0.033465455,,
Eritrea,ERI,,,0,0,0,0,0,0,0,0,0,0,0,0,0,0,0,0,0,0,0,0,,,,,,,,,
Spain,ESP,0.00567117,0.004215859,0.00248448,0.001745511,0.000446577,0.000184334,0.000422231,0.000438723,0.000111204,0.000110996,0.000763849,0.004298347,0.002999694,0.001203649,0.001254671,0.000545962,0.000383843,0.000109294,0.000134511,0.000111189,0.00035248,0.000458087,0.000612071,0.000620976,0.000185588,0.000380474,0.000204402,0.000146365,0.000199785,,
Estonia,EST,,,,0,0,0,0,0,0,0,0,0,0,0,0,0,0,0,0,0,0,0,0,0,0,0,0,0,0,0,
Ethiopia,ETH,0,0,0,0,0,0,0,0,0,0,0,0,0,0,0,0,0,0,0,0,0,0,0,0,0,0,0,0,0,0,
European Union,EUU,0.050333546,0.043733107,0.027423618,0.034665772,0.02644085,0.023362814,0.030915015,0.031466073,0.011956879,0.008893691,0.050692293,0.095152105,0.066943101,0.057517048,0.047857013,0.044676704,0.079361251,0.069896871,0.1021185,0.090249301,0.076150431,0.100393721,0.109952087,0.100832653,0.062577702,0.042102407,0.025067085,0.034221877,0.041992262,0.037819226,
Fragile and conflict affected situations,FCS,0.110869571,0.171381243,0.152050599,0.214617821,0.193734352,0.200155423,0.259262661,0.266289028,0.208982401,0.193406308,0.351120205,0.48046885,0.466140054,0.504178672,0.467307463,0.503392067,0.634963123,0.692645725,0.688354618,0.643391916,0.566899663,1.022502932,0.980461478,0.883526318,0.844060752,0.881938787,0.545296761,0.715521288,1.129103501,0.867379171,
Finland,FIN,0,0,0,0,0,0,0,0,0,0,0,0,0,0,0,0,0,0,0,0,0,0,0,0,0,0,0,0,0,0,
Fiji,FJI,0,0,0,0,0,0,0,0,0,0,0,0,0,0,0,0,0,0,0,0,0,0,0,0,0,0,0,0,0,0,
France,FRA,0.006043675,0.005709996,0.003522366,0.004368807,0.003525706,0.002932599,0.003171265,0.003118621,0.001067871,0.000753854,0.003984027,0.00741399,0.005096915,0.003986751,0.002643923,0.002163227,0.004576851,0.003743954,0.004620321,0.004074167,0.002745169,0.003032418,0.003034408,0.001781146,5.50E-05,6.77E-05,3.91E-05,4.51E-05,3.44E-05,,
Faroe Islands,FRO,,,,,,,,,0,0,0,0,0,0,0,0,0,0,0,0,0,0,0,0,0,0,0,0,0,,
"Micronesia, Fed. Sts.",FSM,0,0,0,0,0,0,0,0,0,0,0,0,0,0,0,0,0,0,0,0,0,0,0,0,0,0,0,0,0,,
Gabon,GAB,0.005300432,0.013284973,0.010035207,0.016779528,0.016441992,0.014303951,0.015435013,0.017042338,0.013596384,0.021282404,0.036421917,0.047167292,0.04823408,0.044860964,0.04622909,0.045510316,0.058602251,0.04470471,0.044131362,0.053062339,0.054832753,0.068457899,0.406529126,0.303484258,0.383633298,0.243212149,0.135907706,0.164239537,0.276448761,0.065772365,
United Kingdom,GBR,0.102748896,0.091075579,0.062720696,0.092595693,0.076718318,0.071804637,0.101876948,0.095003184,0.038672595,0.032158801,0.191025157,0.353454204,0.247177192,0.232651387,0.163169414,0.147148176,0.239423211,0.204749088,0.320384694,0.282041078,0.203337074,0.230048138,0.202080912,0.177737727,0.11826564,0.092685814,0.06441101,0.100689942,0.135656775,0.099524061,
Georgia,GEO,0.050232406,0.040916263,0.007053374,0.05330268,0.042142046,0.034866229,0.033438523,0.026392751,0.010524546,0.010428647,0.051105036,0.090711535,0.014717009,0.020601595,0.014145413,0.008828424,0.009465292,0.017275842,0.022218645,0.01744364,0.00660969,0.005213643,0.005432462,0.003970006,0.002928236,0.025558473,0.010836751,0.010619244,0.009997192,0.005112192,
Ghana,GHA,0.004494176,0.006557389,0.004514714,0.005384458,0.004704197,0.003465279,0.00340917,0.002368939,0.000982238,0.001038795,0.002514778,0.002023169,0.001128607,0.000693769,0.000443489,0.0002976,0.000145549,9.24E-05,6.64E-05,4.57E-05,3.03E-05,3.02E-05,2.44E-05,1.49E-05,0.015493504,0.136265301,0.058143645,0.113483269,0.172356732,0.226475085,
Gibraltar,GIB,,,,,,,,,,,,,,,,,,,,,,,,,,,,,,,
Guinea,GIN,0,0,0,0,0,0,0,0,0,0,0,0,0,0,0,0,0,0,0,0,0,0,0,0,0,0,0,0,0,0,
"Gambia, The",GMB,0,0,0,0,0,0,0,0,0,0,0,0,0,0,0,0,0,0,0,0,0,0,0,0,0,0,0,0,0,0,
Guinea-Bissau,GNB,0,0,0,0,0,0,0,0,0,0,0,0,0,0,0,0,0,0,0,0,0,0,0,0,0,0,0,0,0,0,
Equatorial Guinea,GNQ,0,0,0,0,0,0,0,0,0.032861597,0.031961249,,,,,,,0.778996736,1.551432498,2.594384535,3.358531992,4.073403652,5.725553803,5.155899163,5.022430203,4.698478965,4.346742938,2.606051716,3.642418662,5.366088163,6.852321441,
Greece,GRC,0.002857631,0.002214227,0.001400273,0.001210776,0.000440517,0.000346503,0.000446505,0.00044596,0.000161682,7.66E-06,0.000808217,0.001407324,0.001023586,0.000620091,0.000425174,0.000273435,0.00068335,0.000580418,0.000531967,0.000387624,0.000212753,0.000289694,0.000356535,0.000350602,0.000213737,0.000142173,0.000200637,0.00026363,0.000517716,0,
Grenada,GRD,0,0,0,0,0,0,0,0,0,0,0,0,0,0,0,0,0,0,0,0,0,0,0,0,0,0,0,0,0,0,
Greenland,GRL,0,0,0,0,0,0,0,0,0,0,0,0,0,0,0,0,0,0,0,0,0,0,0,0,0,0,0,0,0,,
Guatemala,GTM,0,0,0,0,0,0,0,0,0,0,0,0,0,0,0,0,0,0,0,0,0,0,0,0,0,0,0,0,0.007171714,0.007273072,
Guam,GUM,,,,,,,,,,,,,0,0,0,0,0,0,0,0,0,0,0,0,0,0,0,0,0,,
Guyana,GUY,0,0,0,0,0,0,0,0,0,0,0,0,0,0,0,0,0,0,0,0,0,0,0,0,0,0,0,0,0,0,
High income,HIC,0.106051513,0.088524712,0.105665957,0.147165933,0.115493695,0.076161493,0.141523251,0.138242965,0.09430543,0.118517026,0.275893185,0.312102864,0.180637486,0.248029173,0.308152769,0.334827639,0.289909141,0.250299733,0.353340873,0.149583232,0.105533483,0.150486002,0.166795481,0.16440782,0.139005851,0.106184025,0.06480917,0.081434473,0.137029181,0.114313394,
"Hong Kong SAR, China",HKG,0,0,0,0,0,0,0,0,0,0,0,0,0,0,0,0,0,0,0,0,0,0,0,0,0,0,0,0,0,0,
Honduras,HND,0,0,0,0,0,0,0,0,0,0,0,0,0,0,0,0,0,0,0,0,0,0,0,0,0,0,0,0,0,0,
Heavily indebted poor countries (HIPC),HPC,0.029358378,0.027491679,0.023249326,0.025765746,0.027746288,0.023839315,0.029784142,0.027832394,0.023032241,0.027669679,0.054586869,0.084849195,0.085871317,0.087069967,0.129410426,0.185642341,0.223588188,0.220696616,0.232033707,0.216223118,0.236462209,0.379448007,0.435668622,0.422573042,0.367926013,0.240051469,0.13739992,0.18709337,0.312136774,0.206801491,
Croatia,HRV,,,,,,0.119832722,0.129419945,0.125184157,0.043827556,0.036389321,0.225868738,0.481559034,0.339359979,0.295246626,0.218032177,0.214885839,0.440695999,0.427380808,0.519501559,0.503729863,0.415183534,0.550533375,0.520721676,0.448180003,0.31332315,0.256292426,0.142559739,0.183550395,0.205225632,0.138545914,
Haiti,HTI,0,0,0,0,0,0,0,0,0,0,0,0,0,0,0,0,0,0,0,0,0,0,0,0,0,0,0,0,0,0,
Hungary,HUN,,0.281053467,0.165525924,0.194323591,0.145397191,0.137157857,0.163309936,0.151317804,0.053187021,0.036038688,0.189066031,0.311537354,0.183051297,0.153406382,0.114966699,0.107842149,0.206624666,0.155643389,0.210912821,0.251124832,0.190300172,0.255974898,0.2480296,0.197335246,0.127724569,0.094424334,0.059755636,0.081731988,0.112268027,0.074163602,
IBRD only,IBD,0.595736205,0.459892808,0.339601984,0.370273178,0.286189566,0.264934429,0.308636328,0.296401145,0.175167839,0.187872151,0.513412517,0.77001605,0.642733117,0.660340926,0.565074817,0.564313965,0.779855218,0.697669711,0.840149655,0.737838164,0.530668386,0.711559021,0.703979968,0.653971961,0.526529065,0.442664091,0.272705419,0.342850877,0.514543543,0.363761478,
IDA & IBRD total,IBT,0.575372949,0.443565919,0.329302779,0.362479009,0.283721353,0.262791507,0.307091902,0.295979478,0.175101676,0.187948037,0.516949444,0.778113987,0.646710443,0.666389475,0.573117133,0.576421401,0.795761118,0.713094305,0.850880258,0.751235939,0.547067231,0.749166333,0.740398039,0.683108173,0.560174211,0.468972667,0.286574549,0.361091548,0.543552348,0.387535779,
IDA total,IDA,0.342457477,0.267548424,0.213444839,0.262603162,0.24728516,0.231745337,0.284803215,0.289755069,0.174167542,0.188957652,0.561860051,0.884617869,0.694639817,0.740291965,0.673588866,0.730781465,0.995400842,0.917534638,0.997947849,0.931449909,0.779871693,1.310135468,1.279017008,1.096155472,1.021376814,0.806185189,0.471071385,0.619883132,0.957435573,0.715753249,
IDA blend,IDB,0.708378798,0.553422687,0.42642322,0.569150989,0.502026048,0.452691875,0.541396333,0.543271953,0.302156331,0.313014593,1.04168413,1.650349576,1.201134531,1.308335258,1.102323951,1.096395451,1.513701156,1.411707213,1.647393214,1.530170029,1.223763866,2.060657025,1.956201798,1.674516839,1.502636293,1.179978558,0.711793217,1.014064155,1.604842842,1.19742349,
Indonesia,IDN,0.973363795,0.665156835,0.466796691,0.470948243,0.581152614,0.564398264,0.660493375,0.692834648,0.99649963,0.949263612,1.433978027,1.315836683,1.082977439,1.214871863,1.321725652,1.306953697,1.143395892,0.998848811,1.090601926,1.081960696,0.74232093,0.785798131,0.757303327,0.698115096,0.821055212,1.003057093,0.582650916,0.582401165,1.032393392,0.659793033,
IDA only,IDX,0.034085663,0.030944071,0.028702074,0.031836952,0.034368313,0.042300254,0.062116369,0.075138957,0.071228289,0.087021798,0.164884065,0.229019937,0.263930437,0.260239862,0.28425506,0.374780136,0.450378597,0.418651102,0.315156443,0.365152863,0.343387855,0.538976816,0.537574904,0.482688144,0.506977397,0.428199584,0.247085075,0.284097882,0.417553861,0.318478462,
Isle of Man,IMN,,,,,,,,,,,,,,,,,,,,,,,,,,,,,,,
India,IND,0.023406217,0.026097845,0.023124226,0.022986313,0.023625355,0.030989622,0.049869064,0.050309185,0.052233829,0.068946818,0.115421426,0.109298163,0.128515211,0.116864132,0.102989145,0.130296171,0.148632833,0.085956171,0.080400512,0.12132141,0.104213538,0.168701655,0.141898661,0.091860254,0.087581142,0.069161772,0.034474522,0.036948621,0.049505714,0.033988109,
Not classified,INX,,,,,,,,,,,,,,,,,,,,,,,,,,,,,,,
Ireland,IRL,0.115679425,0.097709208,0.060153537,0.082345463,0.064128045,0.054622781,0.06044702,0.049026326,0.013643582,0.007534809,0.034615942,0.040850149,0.027809939,0.01898049,0.017917779,0.01199993,0.018699603,0.012950894,0.022257109,0.015409313,0.011855448,0.014209039,0.014377376,0.011947833,0.006412841,0.003342941,0.044410391,0.070210282,0.088774404,,
"Iran, Islamic Rep.",IRN,0.243801962,,,0.310503604,0.338221297,0.358258838,0.441712453,0.576200025,0.522258817,0.53775328,1.120693015,1.297057709,1.232204724,1.125045772,1.206610836,1.691426404,2.036593156,1.968925559,2.05532995,2.110635906,1.592064233,2.284935543,2.510376024,3.391554534,3.701116276,2.694336303,1.47099163,1.718130765,2.664173653,,
Iraq,IRQ,0.02851702,,,,,,,,,,,,,,0.071636103,0.120451234,0.149000981,0.276150038,0.32894048,0.391271573,0.274560966,0.29333741,0.274099299,0.295472732,0.290871168,0.230390231,0.175621695,0.181674149,0.24150038,0.180303792,
Iceland,ISL,0,0,0,0,0,0,0,0,0,0,0,0,0,0,0,0,0,0,0,0,0,0,0,0,0,0,0,0,0,0,
Israel,ISR,0.000759946,0.00044233,0.000325597,0.000438818,0.000268164,0.000270841,0.00020498,0.000244234,0.000133737,0.000104427,0.000167018,0.000203829,0.000163561,0.000162136,0.022875226,0.047166335,0.080355737,0.093771602,0.114878476,0.087426615,0.079471173,0.152613603,0.098850035,0.230268389,0.236003154,0.164515741,0.094747005,0.105575545,0.148819302,0.091252933,
Italy,ITA,0.032593334,0.025859379,0.017817999,0.026560305,0.022640445,0.021055897,0.023743859,0.024538273,0.009708075,0.006985021,0.038942644,0.065563358,0.044891558,0.037495757,0.026951421,0.02522557,0.041956422,0.035432559,0.047287107,0.038698774,0.032611369,0.046614685,0.054767518,0.046072603,0.030529071,0.023453433,0.012214118,0.017228169,0.023762629,0.016389407,
Jamaica,JAM,0,0,0,0,0,0,0,0,0,0,0,0,0,0,0,0,0,0,0,0,0,0,0,0,0,0,0,0,0,0,
Jordan,JOR,0.038832046,0.03262916,0.024280153,0.034761709,0.040297113,0.045180615,0.055833295,0.066251494,0.047816025,0.039574207,0.070929952,0.0779219,0.05398941,0.059636763,0.061956594,0.072657361,0.081651883,0.072786822,0.059537564,0.055292651,0.035025819,0.051533625,0.04735087,0.04139547,0.031251832,0.019120536,0.008612892,0.008994072,0.010670581,0.013391874,
Japan,JPN,0.001739888,0.001088874,0.000718328,0.000778703,0.00085295,0.000856359,0.001172914,0.001299653,0.000912048,0.001046573,0.001889659,0.001942254,0.002074195,0.002521203,0.003043535,0.00357276,0.004597528,0.005421862,0.006036759,0.005618512,0.004171026,0.005074173,0.005020354,0.005102773,0.00590767,0.007644102,0.00447847,0.00535261,0.00729036,0.004861223,
Kazakhstan,KAZ,0.889084288,0.661034756,0.418023476,0.414559392,0.255731476,0.285633251,0.309090714,0.423637292,0.156862251,0.132855928,1.271669232,2.223206272,2.01884587,1.862563151,1.081498821,1.08800271,1.358315207,1.195778092,1.854560547,2.050617021,1.204219421,1.4438817,1.438278971,1.279567717,0.999441532,0.928570407,0.813436305,1.137385038,1.645858455,1.055571027,
Kenya,KEN,0,0,0,0,0,0,0,0,0,0,0,0,0,0,0,0,0,0,0,0,0,0,0,0,0,0,0,0,0,0,
Kyrgyz Republic,KGZ,0.0850487,0.0671524,0.055343533,0.028637651,0.02537349,0.02528726,0.01998876,0.015890399,0.00529046,0.003992956,0.024718415,0.050586287,0.024171894,0.058413745,0.047685966,0.045675169,0.06582954,0.038541991,0.060553342,0.034500173,0.021242586,0.020033952,0.060745456,0.041529,0.004666855,0.00334543,0.001776243,0.002367583,0.003229482,0.002297495,
Cambodia,KHM,,,,0,0,0,0,0,0,0,0,0,0,0,0,0,0,0,0,0,0,0,0,0,0,0,0,0,0,0,
Kiribati,KIR,0,0,0,0,0,0,0,0,0,0,0,0,0,0,0,0,0,0,0,0,0,0,0,0,0,0,0,0,0,0,
St. Kitts and Nevis,KNA,0,0,0,0,0,0,0,0,0,0,0,0,0,0,0,0,0,0,0,0,0,0,0,0,0,0,0,0,0,0,
"Korea, Rep.",KOR,0,0,0,0,0,0,0,0,0,0,0,0,0,0,0.000842904,0.00269961,0.002409435,0.001878653,0.001611983,0.004158943,0.00318851,0.003211185,0.003169465,0.002902947,0.002174265,0.001522319,0.000776889,0.00179324,0.002732132,0.001669325,
Kuwait,KWT,0.265944048,0.04811851,0.1169526,0.25775421,0.211439506,0.351365702,0.39815759,0.48355812,0.450157685,0.316618836,0.527217711,0.679999069,0.461922373,0.438986879,0.43881481,0.573333086,0.598072,0.544694945,0.561398755,0.666937956,0.520089012,0.733369886,0.811119207,0.881734593,0.801283169,0.792289662,0.463033528,0.469147144,0.608042207,0.514482932,
Latin America & Caribbean (excluding high income),LAC,0.066005912,0.053113418,0.050052604,0.051615233,0.039641292,0.039324427,0.046841941,0.049706792,0.044893724,0.063942862,0.090429286,0.097234186,0.107663159,0.112796778,0.114629223,0.129360609,0.145769182,0.134415366,0.139284661,0.16573215,0.11120133,0.150790275,0.178028421,0.185197613,0.136316408,0.097079952,0.062109734,0.076859969,0.128445037,0.098438533,
Lao PDR,LAO,0,0,0,0,0,0,0,0,0,0,0,0,0,0,0,0,0,0,0,0,0,0,0,0,0,0,0,0,0,0,
Lebanon,LBN,0,0,0,0,0,0,0,0,0,0,0,0,0,0,0,0,0,0,0,0,0,0,0,0,0,0,0,0,0,0,
Liberia,LBR,,,,,,,,,,,0,0,0,0,0,0,0,0,0,0,0,0,0,0,0,0,0,0,0,0,
Libya,LBY,0.250856065,0.216777058,0.177136329,0.236211535,0.196570104,0.255583679,0.3103646,0.338908307,0.287135342,0.158684839,0.318202944,0.452432094,0.582550703,0.440102472,0.582287566,0.899087027,1.174886265,1.255081911,1.188859842,1.551714957,1.150507502,1.889985636,1.356144117,1.839752535,2.623979274,2.236473204,1.107350098,0.795356991,0.798707444,0.681858948,
St. Lucia,LCA,0,0,0,0,0,0,0,0,0,0,0,0,0,0,0,0,0,0,0,0,0,0,0,0,0,0,0,0,0,0,
Latin America & Caribbean,LCN,0.09141698,0.073283254,0.067310304,0.071006502,0.055655441,0.055247133,0.066281059,0.06958978,0.061583795,0.081868331,0.116306901,0.126212611,0.140605002,0.147305797,0.148786776,0.166363696,0.192590327,0.179892925,0.179975414,0.209160507,0.142555415,0.195120177,0.226548768,0.232958611,0.168984718,0.110114098,0.068526518,0.085502342,0.144417122,0.115760623,
Least developed countries: UN classification,LDC,0.025235891,0.022791392,0.022186027,0.023471767,0.029644282,0.035445633,0.053002379,0.049450004,0.047722089,0.069424547,0.133572848,0.197030881,0.249028871,0.24391141,0.276223994,0.350327825,0.42151126,0.389797173,0.30593703,0.367510453,0.340496716,0.523708662,0.513020684,0.471334914,0.486425684,0.523457936,0.308894883,0.347544768,0.578134059,0.433537804,
Low income,LIC,0.028493871,0.02966539,0.028048984,0.034999279,0.034468166,0.043340688,0.056649068,0.091756376,0.087856109,0.077233143,0.117160836,0.15450984,0.122390419,0.119652381,0.142009484,0.198251403,0.240296838,0.218791112,0.104512873,0.110886797,0.222499454,0.45584279,0.440458862,0.473117565,0.414383545,0.163737838,0.078493463,0.108828939,0.181527781,0.09400001,
Liechtenstein,LIE,,,,,,,,,,,,,,,,,,,,,,,,,,,,,,,
Sri Lanka,LKA,0,0,0,0,0,0,0,0,0,0,0,0,0,0,0,0,0,0,0,0,0,0,0,0,0,0,0,0,0,0,
Lower middle income,LMC,0.349596002,0.296098459,0.237335782,0.287371709,0.263468845,0.271029875,0.335382577,0.364816058,0.285797795,0.306679114,0.644982833,0.79558146,0.678480583,0.697611428,0.684998529,0.803914723,0.960555476,0.8684432,0.969460483,0.937292118,0.69299342,1.009705311,1.02161887,0.970644517,0.916115471,0.721099903,0.409035882,0.474527599,0.712371712,0.449185497,
Low & middle income,LMY,0.583781397,0.452480287,0.337251293,0.369652692,0.288613052,0.269760556,0.314922399,0.302749106,0.177291017,0.190216904,0.533882073,0.80999083,0.666813617,0.686042599,0.590031249,0.593433659,0.82056214,0.734653507,0.883611616,0.773237618,0.562342756,0.765432424,0.754052551,0.69405012,0.572749366,0.476608852,0.29148258,0.367266551,0.553221458,0.392142365,
Lesotho,LSO,0,0,0,0,0,0,0,0,0,0,0,0,0,0,0,0,0,0,0,0,0,0,0,0,0,0,0,0,0,0,
Late-demographic dividend,LTE,0.840087119,0.641267699,0.478791429,0.514046934,0.385083937,0.322897515,0.364633261,0.351638073,0.185478892,0.191038276,0.627260905,0.993768554,0.772147373,0.784937351,0.654531131,0.628730652,0.898090038,0.792930027,0.957763895,0.834445579,0.615483102,0.811732714,0.801983682,0.739460243,0.582536911,0.495506546,0.305911257,0.3868637,0.573770938,0.452617545,
Lithuania,LTU,,,,,,0,0,0,0,0,0,0,0,0,0,0,0,0,0,0,0,0,0,0,0,0,0,0,0,0,
Luxembourg,LUX,0,0,0,0,0,0,0,0,0,0,0,0,0,0,0,0,0,0,0,0,0,0,0,0,0,0,0,0,0,0,
Latvia,LVA,,,,,,0,0,0,0,0,0,0,0,0,0,0,0,0,0,0,0,0,0,0,0,0,0,0,0,0,
"Macao SAR, China",MAC,0,0,0,0,0,0,0,0,0,0,0,0,0,0,0,0,0,0,0,0,0,0,0,0,0,0,0,0,0,0,
St. Martin (French part),MAF,,,,,,,,,,,,,,,,,,,,,,,,,,,,,,,
Morocco,MAR,0.002162131,0.001252391,0.000627542,0.001053851,0.000730357,0.000526974,0.000627363,0.001976553,0.001453042,0.001292145,0.002633216,0.003595242,0.002653242,0.001987411,0.001976978,0.002961115,0.004214806,0.003926058,0.004152795,0.003896138,0.00337404,0.005506316,0.007199676,0.006852762,0.005780828,0.004806765,0.002049822,0.001809373,0.001700563,0.000870844,
Monaco,MCO,,,,,,,,,,,,,,,,,,,,,,,,,,,,,,,
Moldova,MDA,,,,,,0.000217723,0.000265254,0.000218177,9.49E-05,9.95E-05,0.000452541,0.000687314,0.000443689,0.000378643,0.000238339,0.000301142,0.000326852,0.000212836,0.000304638,0.000454659,9.99E-05,0.00010038,0.000178601,0.00015705,8.11E-05,7.18E-05,5.72E-05,7.37E-05,5.57E-05,0,
Madagascar,MDG,0,0,0,0,0,0,0,0,0,0,0,0,0,0,0,0,0,0,0,0,0,0,0,0,0,0,0,0,0,0,
Maldives,MDV,0,0,0,0,0,0,0,0,0,0,0,0,0,0,0,0,0,0,0,0,0,0,0,0,0,0,0,0,0,0,
Middle East & North Africa,MEA,0.285986823,0.400097364,0.326215012,0.420663547,0.336442378,0.340510536,0.422327457,0.524637735,0.448673156,0.409249117,0.747357995,0.94856996,0.833447381,0.812205427,0.833646157,1.166755973,1.387387883,1.417624095,1.436066011,1.569488391,1.237658795,1.81393645,1.892719231,2.017888726,1.885734528,1.352453918,0.765570674,0.868639425,1.157270102,0.749838899,
Mexico,MEX,0.125216066,0.100606355,0.074146988,0.064137025,0.053403567,0.076421783,0.089938198,0.088187519,0.075520158,0.079250458,0.102128223,0.097597914,0.09499062,0.104079212,0.107365888,0.130104689,0.16135749,0.167582584,0.183588214,0.288101903,0.175582484,0.231975775,0.252489574,0.243329234,0.170072947,0.108734076,0.06664816,0.074632988,0.105379943,0.071952524,
Marshall Islands,MHL,,,,,,,,,,,,,,,,,,,,,,,,,,,,,,,
Middle income,MIC,0.596297144,0.462894437,0.344067531,0.376565853,0.29261866,0.273350238,0.318873474,0.306011111,0.178720584,0.192082,0.541720363,0.821379034,0.677131634,0.696550069,0.59810665,0.600428783,0.830690706,0.743525948,0.895616,0.784019491,0.567470711,0.76961561,0.758129146,0.697008864,0.574971909,0.481229731,0.29434624,0.370529662,0.557791776,0.395749284,
North Macedonia,MKD,0,0,0,0,0,0,0,0,0,0,0,0,0,0,0,0,0,0,0,0,0,0,0,0,0,0,0,0,0,0,
Mali,MLI,0,0,0,0,0,0,0,0,0,0,0,0,0,0,0,0,0,0,0,0,0,0,0,0,0,0,0,0,0,0,
Malta,MLT,0,0,0,0,0,0,0,0,0,0,0,0,0,0,0,0,0,0,0,0,0,0,0,0,0,0,0,0,0,0,
Myanmar,MMR,,,,,,,,,,,1.255530656,3.257357956,3.419199491,3.249984691,4.255755751,4.900919764,4.724695825,3.913072343,2.841942757,2.302709182,1.587444256,1.775915998,1.853363018,1.752116126,2.420501874,3.212775949,1.967935692,2.109283175,3.304634288,2.454162128,
Middle East & North Africa (excluding high income),MNA,0.234774715,0.433861334,0.35096206,0.421720626,0.335054794,0.391299287,0.483547415,0.615868067,0.51156508,0.488261035,0.93984239,1.131424162,1.030997076,1.00154515,0.989821097,1.385056183,1.669524275,1.634862441,1.656970348,1.683439978,1.274181281,1.855023906,1.869343654,2.070907769,2.004149253,1.36747198,0.78427529,0.974577652,1.297900885,0.648160892,
Montenegro,MNE,,,,,,,,,,,0,0,0,0,0,0,0,0,0,0,0,0,0,0,0,0,0,0,0,0,
Mongolia,MNG,0,0,0,0,0,0,0,0,0,0,0,0,0,0,0,0,0,0,0,0,0,0,0,0,0,0,0,0,0,0,
Northern Mariana Islands,MNP,,,,,,,,,,,,,0,0,0,0,0,0,0,0,0,0,0,0,0,0,0,0,0,,
Mozambique,MOZ,,0,3.45E-05,4.37E-05,4.00E-05,8.61E-05,7.86E-05,7.77E-05,6.45E-05,0.000110168,0.00042217,0.000757065,0.001363436,0.001448561,0.653480702,1.177224572,1.808978471,1.847313135,2.117183682,2.0401362,2.93769619,4.300659098,4.319667752,3.916125121,4.023914997,2.930225131,2.171473249,2.828076003,4.399456686,2.282800429,
Mauritania,MRT,0,0,0,0,0,0,0,0,0,0,0,0,0,0,0,0,0,0,0,0,0,0,0,0,0,0,0,0,0,0,
Mauritius,MUS,0,0,0,0,0,0,0,0,0,0,0,0,0,0,0,0,0,0,0,0,0,0,0,0,0,0,0,0,0,0,
Malawi,MWI,0,0,0,0,0,0,0,0,0,0,0,0,0,0,0,0,0,0,0,0,0,0,0,0,0,0,0,0,0,0,
Malaysia,MYS,0.949007506,0.690265215,0.436231079,0.498332102,0.575211823,0.589969972,0.826288831,0.927256777,0.82803259,0.998007492,1.772957298,1.620658791,1.40649038,1.728657774,2.159119006,2.304118713,2.291019215,2.072517407,2.226848432,2.452131316,1.644121636,1.906833199,1.958147421,1.845321444,2.04468144,2.894971726,1.842905086,2.009765213,3.173860991,2.362335791,
North America,NAC,0.20779654,0.177393787,0.259015285,0.35749554,0.281704935,0.176456047,0.341777317,0.301977779,0.207371197,0.272547381,0.574530514,0.567966384,0.290667251,0.482223279,0.675995131,0.717037203,0.505935338,0.416759748,0.623600808,0.063041605,0,0,0,0,0.007819446,0,0,0,0.032498612,0.02508957,
Namibia,NAM,0,0,0,0,0,0,0,0,0,0,0,0,0,0,0,0,0,0,0,0,0,0,0,0,0,0,0,0,0,0,
New Caledonia,NCL,0,0,0,0,0,0,0,0,0,0,0,,,,,,,,,,,,,,,,,,,,
Niger,NER,0,0,0,0,0,0,0,0,0,0,0,0,0,0,0,0,0,0,0,0,0,0,0,0,0,0,0,0,0,0,
Nigeria,NGA,0.025495535,0.06918276,0.057535797,0.133694488,0.092704202,0.083581124,0.093951748,0.097519716,0.065865764,0.116167326,0.413953389,0.596092231,0.425683854,0.628065484,0.574163172,0.554633813,0.730558797,0.820700139,0.836588808,0.710883175,0.790090303,1.81713038,1.694480459,1.267992186,1.333470806,0.858284895,0.518984804,0.866701268,1.467628281,0.980373328,
Nicaragua,NIC,0,0,0,0,0,0,0,0,0,0,0,0,0,0,0,0,0,0,0,0,0,0,0,0,0,0,0,0,0,0,
Netherlands,NLD,0.470056978,0.429916234,0.272327404,0.321982963,0.237514657,0.203597625,0.291173779,0.280604348,0.104456086,0.073445673,0.411269928,0.784348673,0.547596859,0.464771368,0.425879574,0.385804921,0.682380812,0.615296699,0.962470041,0.83828008,0.772852397,1.020489208,1.137120329,1.105632799,0.656080033,0.400159989,0.235009055,0.296148277,0.33841998,0.220029764,
Norway,NOR,0.569785451,0.462766926,0.323076577,0.368615396,0.313692794,0.272921951,0.428893418,0.49126174,0.212061091,0.167792052,0.902162224,1.734389671,1.48679355,1.551161463,1.291127026,1.192694594,2.05843973,1.969449791,2.890412715,3.124053708,2.256833818,2.823825703,3.287246252,2.91574554,2.212249579,2.122684122,1.374948011,2.086275946,2.805227819,2.115756537,
Nepal,NPL,0,0,0,0,0,0,0,0,0,0,0,0,0,0,0,0,0,0,0,0,0,0,0,0,0,0,0,0,0,0,
Nauru,NRU,,,,,,,,,,,,,,,,,,,,,0,0,0,0,0,0,0,0,0,0,
New Zealand,NZL,0.255389394,0.204554461,0.161395315,0.153372303,0.158502582,0.142345152,0.183298793,0.20090756,0.133547339,0.190342769,0.40414523,0.382015933,0.264377673,0.198615675,0.18805739,0.184632108,0.205983568,0.199350361,0.249415745,0.289978098,0.222218265,0.229802991,0.245085894,0.215762192,0.261439323,0.331321551,0.203759456,0.212625972,0.334464057,0.264041104,
OECD members,OED,0.102265136,0.085560313,0.10345563,0.143108295,0.112472523,0.072676829,0.137328365,0.132422419,0.089275673,0.114136809,0.265865136,0.298219934,0.168989932,0.236215381,0.294834741,0.31345567,0.262007932,0.219134629,0.316640644,0.11189842,0.069275884,0.089748691,0.096346162,0.090504465,0.070934235,0.058054443,0.038679687,0.053208338,0.096993361,0.081405759,
Oman,OMN,0.257915851,0.244295973,0.203246733,0.24970959,0.195464025,0.299839087,0.38348001,0.494132155,0.451079571,0.380763887,1.153506965,2.08446255,1.759129919,1.87497587,1.89774608,2.659337012,3.362548986,3.4130251,2.717894942,3.199851492,2.431699252,3.512863304,3.546152681,3.883713253,3.320092665,2.540163052,1.482734809,1.595835035,2.291781868,1.792342864,
Other small states,OSS,0.72396026,0.577758939,0.451219002,0.624179012,0.583292279,0.580159405,0.711898635,0.829464138,0.652484108,0.709663056,1.268484799,1.503190869,1.23731197,1.166466034,1.236258529,1.651684794,1.883999405,2.063161294,2.40295485,2.957401626,2.734941899,4.216866579,4.650894008,4.70215814,4.309869014,3.721314961,2.061916734,2.111145291,2.992185626,2.349989707,
Pakistan,PAK,0.165413383,0.131996251,0.102205841,0.105254797,0.1184253,0.132673252,0.22196234,0.220438924,0.223417742,0.352983348,0.46656247,0.497590511,0.640891622,0.695616008,0.73890582,1.018347309,1.203565551,0.800909923,0.667333866,0.929386857,0.734579214,1.18526728,1.134974048,0.845056894,0.871040221,0.669671417,0.370369772,0.402679232,0.531132251,0.441186372,
Panama,PAN,0,0,0,0,0,0,0,0,0,0,0,0,0,0,0,0,0,0,0,0,0,0,0,0,0,0,0,0,0,0,
Peru,PER,0.019860922,0.013854098,0.010431599,0.012889391,0.008882734,0.007178978,0.008395043,0.00510394,0.007622598,0.01001856,0.012091283,0.013287445,0.014580763,0.015865609,0.024258338,0.048866054,0.060993476,0.084211296,0.112559217,0.123224865,0.175623875,0.366280305,0.390500597,0.404604064,0.314911401,0.201075808,0.136712184,0.16140827,0.250456449,0.191987027,
Philippines,PHL,0.002234116,0,0,0,0.00015334,0.000141427,0.000266297,0.000159017,0.000199159,0.00017144,0.000452294,0.005793028,0.062361116,0.118242885,0.12448298,0.159244256,0.141743414,0.14937992,0.16940485,0.176506904,0.121873532,0.154230817,0.138312222,0.108697195,0.127223147,0.137490724,0.096635464,0.104458623,0.189276781,0.135116136,
Palau,PLW,,,,,,,,,,,,,,,,,,,,,,,,,,,,,,,
Papua New Guinea,PNG,0,0.015981263,0.015795012,0.022634227,0.028911215,0.03950877,0.062530565,0.053933701,0.052495464,0.072645822,0.117976196,0.142817151,0.098807368,0.14196423,0.178114066,0.154430195,0.096024538,0.084440422,0.088424465,0.093959737,0.063928499,0.069408922,0.058228394,0.056302245,2.205575061,5.551832339,3.876053441,4.107598215,6.402832832,5.244329998,
Poland,POL,0.098904547,0.070996858,0.043323398,0.061428198,0.042067492,0.033696637,0.037327086,0.038546215,0.014623257,0.011065924,0.062446755,0.11129732,0.084772729,0.085417907,0.069944898,0.059691462,0.101584155,0.088843509,0.103486016,0.1081281,0.077806332,0.112514546,0.127120393,0.114269662,0.07732626,0.059843948,0.036351933,0.049185417,0.064907546,0.047524044,
Pre-demographic dividend,PRE,0.019156824,0.021819333,0.018419371,0.028096046,0.027331586,0.026935921,0.033532086,0.036218198,0.024410292,0.047308496,0.155689214,0.243561713,0.182424237,0.2536713,0.245520344,0.260073318,0.361545426,0.419148164,0.451636429,0.409065452,0.455357772,0.890580336,0.853046305,0.693052368,0.70977297,0.536306803,0.316074714,0.44461367,0.779558266,0.56432053,
Puerto Rico,PRI,0,0,0,0,0,0,0,0,0,0,0,0,0,0,0,0,0,0,0,0,0,0,0,0,0,0,0,0,0,0,
"Korea, Dem. People's Rep.",PRK,,,,,,,,,,,,,,,,,,,,,,,,,,,,,,,
Portugal,PRT,0,0,0,0,0,0,0,0,0,0,0,0,0,0,0,0,0,0,0,0,0,0,0,0,0,0,0,0,0,0,
Paraguay,PRY,0,0,0,0,0,0,0,0,0,0,0,0,0,0,0,0,0,0,0,0,0,0,0,0,0,0,0,0,0,0,
West Bank and Gaza,PSE,,,,,0,0,0,0,0,0,0,0,0,0,0,0,0,0,0,0,0,0,0,0,0,0,0,0,0,,
Pacific island small states,PSS,0,0,0,0,0,0,0,0,0,0,0,0,0,0,0,0,0,0,0,0,0,0,0,0,0,0,0,0,0,0,
Post-demographic dividend,PST,0.104518116,0.085365074,0.105456939,0.146807514,0.114944685,0.07402444,0.140656635,0.13580453,0.091384133,0.11705876,0.276560037,0.311846777,0.175994758,0.24619452,0.307462204,0.327623156,0.274492839,0.229816413,0.334539614,0.114578176,0.070927389,0.091804103,0.098349337,0.091331156,0.071429539,0.059274694,0.039252949,0.054377077,0.099417533,0.084572381,
French Polynesia,PYF,0,0,0,0,0,0,0,0,0,0,0,,,,,,,,,,,,,,,,,,,,
Qatar,QAT,1.090644356,1.280710985,1.003932175,1.435511778,1.122950146,1.239859241,1.520028998,1.9787017,2.049450388,1.992051253,3.163602424,4.188347695,3.356886123,3.054933811,3.217788434,4.220273554,4.440162208,4.790139174,4.740596037,6.119106476,5.299002018,7.876444758,8.334349278,8.385410937,7.503266579,6.110746343,3.529102297,3.648172419,4.885495893,3.813921015,
Romania,ROU,1.612248429,1.579583926,1.119244753,1.14668948,0.741386052,0.583867032,0.709610684,0.64173842,0.210258022,0.18882052,0.955724398,1.623756149,1.087935689,0.929606377,0.62907449,0.463604047,0.706744722,0.517270671,0.627960747,0.663309704,0.523923379,0.729914076,0.825385864,0.701932756,0.493544136,0.383759414,0.200078611,0.303112607,0.394972199,0.274910694,
Russian Federation,RUS,2.72305115,2.304037518,1.788443534,2.056241302,1.856838883,1.826985032,2.201805522,2.034766138,1.290134792,1.379336296,5.510074939,8.673559843,6.12617277,5.582911341,3.680474762,3.0018475,4.588925705,3.764217845,4.584109716,4.812468665,3.314702695,3.995112205,3.729128407,3.484024368,2.689550992,2.794189669,1.877047081,2.539327509,3.670226684,2.838194715,
Rwanda,RWA,0,0,0,0,0,0,0,0,0,0,0,0,0,0,0,0,0,0,0,0,0,0,0,0,0,0,0,0,0,0,
South Asia,SAS,0.042237054,0.043443909,0.036693095,0.037986726,0.039323609,0.049003669,0.078251045,0.076032861,0.077626412,0.109043669,0.178149359,0.177217194,0.212672985,0.206797663,0.201446768,0.26552038,0.31459068,0.187583529,0.172683876,0.239771495,0.182549882,0.308720791,0.288520519,0.206513673,0.205994967,0.170771442,0.089378899,0.094172458,0.125531196,0.090336856,
Saudi Arabia,SAU,0.333263347,0.282101386,0.247357364,0.342877673,0.278434154,0.308390091,0.377329382,0.43259335,0.392452205,0.313622444,0.544332791,0.728139274,0.604819518,0.584877794,0.607406132,0.816888643,0.953883755,0.992136599,1.008306189,1.124566054,0.849077588,1.147617214,1.228260304,1.261287384,1.173725569,0.856999957,0.503676921,0.553003969,0.723329557,0.539561723,
Sudan,SDN,0,0,0,0,0,0,0,0,0,0,0,0,0,0,0,0,0,0,0,0,0,0,0,0,0,0,0,0,0,0,
Senegal,SEN,0.000259139,0.000515335,0.000393399,0.001791393,0.005013792,0.005147493,0.0073435,0.005494117,0.00341061,0.005423812,9.41E-05,,0.001321542,0.003082486,0.005767384,0.00564355,0.005923589,0.004357254,0.003058069,0.00760762,0.005276254,0.017812603,0.041758739,0.036387891,0.042985791,0.026646435,0.012119928,0.013858071,0.018999304,0.012062337,
Singapore,SGP,0,0,0,0,0,0,0,0,0,0,0,0,0,0,0,0,0,0,0,0,0,0,0,0,0,0,0,0,0,0,
Solomon Islands,SLB,0,0,0,0,0,0,0,0,0,0,0,0,0,0,0,0,0,0,0,0,0,0,0,0,0,0,0,0,0,0,
Sierra Leone,SLE,0,0,0,0,0,0,0,0,0,0,0,0,0,0,0,0,0,0,0,0,0,0,0,0,0,0,0,0,0,0,
El Salvador,SLV,0,0,0,0,0,0,0,0,0,0,0,0,0,0,0,0,0,0,0,0,0,0,0,0,0,0,0,0,0,0,
San Marino,SMR,,,,,,,,,,,,,,,,,,,,,,,,,,,,,,,
Somalia,SOM,0,,,,,,,,,,,,,,,,,,,,,,,,,,,,,,
Serbia,SRB,,,,,,0.067745844,0.043146748,0.039573327,0.02467183,0.020158288,0.327042407,0.237188962,0.111783581,0.075120418,0.049626881,0.043155282,0.072780989,0.049768426,0.068310382,0.066520687,0.082808638,0.14091526,0.176777047,0.151230237,0.117923303,0.099166307,0.055008734,0.073011704,0.087515754,0.071360255,
Sub-Saharan Africa (excluding high income),SSA,0.006994538,0.014832633,0.011879042,0.01748901,0.016422125,0.016271471,0.02046283,0.021362002,0.014831887,0.029260646,0.09489808,0.15332435,0.129123198,0.151305183,0.156603329,0.171087811,0.249773688,0.287326731,0.330374654,0.27701584,0.320996275,0.657701087,0.658239543,0.54188859,0.565950366,0.362529622,0.204216689,0.299672544,0.534688676,0.401174814,
South Sudan,SSD,,,,,,,,,,,,,,,,,,,0,0,0,0,0,0,0,0,,,,,
Sub-Saharan Africa,SSF,0.006986799,0.014815715,0.011863384,0.017462133,0.016395876,0.016248059,0.020434565,0.02133017,0.014807209,0.029211371,0.094750127,0.153066281,0.128903509,0.151095686,0.1563954,0.1708791,0.249492871,0.287043675,0.330112384,0.276813617,0.32077111,0.657249818,0.657810527,0.54147305,0.565528037,0.362226403,0.204025884,0.299391623,0.534191204,0.400812758,
Small states,SST,0.610459594,0.506116924,0.404690696,0.537369676,0.498855054,0.500679176,0.612868886,0.690389742,0.540224173,0.616832731,1.09996117,1.274441589,1.109209039,1.141768447,1.220222061,1.596452672,1.87604305,2.021799558,2.304975936,2.863280552,2.604967476,3.97758979,4.388502024,4.449809928,3.977033624,3.287271239,1.829738615,1.92560527,2.784984474,2.163949375,
Sao Tome and Principe,STP,,,,,,,,,,,,0,0,0,0,0,0,0,0,0,0,0,0,0,0,0,0,0,0,0,
Suriname,SUR,0,0,0,0,0,0,0,0,0,0,0,0,0,0,0,0,0,0,0,0,0,0,0,0,0,0,0,0,0,0,
Slovak Republic,SVK,0.080898018,0.041414348,0.024297957,0.023714272,0.018440849,0.017185093,0.018317242,0.017100983,0.00584891,0.003624551,0.016431627,0.03312273,0.021712822,0.020359757,0.012502449,0.010517204,0.024952305,0.013662221,0.014461734,0.014132986,0.010983369,0.017786575,0.024248554,0.018272731,0.010363591,0.007587835,0.004588699,0.010129589,0.009083486,0.005296499,
Slovenia,SVN,0.003385471,0.003158419,0.001941343,0.001728567,0.001195932,0.001225353,0.001095471,0.001058595,0.000270496,0.000144802,0.00107379,0.001670718,0.001153899,0.000826425,0.000634019,0.000496605,0.000873346,0.000583959,0.0007721,0.000735239,0.001398785,0.000572654,0.000665368,0.000922177,0.000646245,0.000516412,0.000513764,0.001224215,0.00311528,0.001005486,
Sweden,SWE,0,0,0,0,0,0,0,0,0,0,0,0,0,0,0,0,0,0,0,0,0,0,0,0,0,0,0,0,0,0,
Eswatini,SWZ,0,0,0,0,0,0,0,0,0,0,0,0,0,0,0,0,0,0,0,0,0,0,0,0,0,0,0,0,0,0,
Sint Maarten (Dutch part),SXM,,,,,,,,,,,,,,,,,,,,,,,,,,,,,,,
Seychelles,SYC,0,0,0,0,0,0,0,0,0,0,0,0,0,0,0,0,0,0,0,0,0,0,0,0,0,0,0,0,0,0,
Syrian Arab Republic,SYR,0.159239306,0.159820492,0.135357981,0.166508492,0.188701269,0.247326541,0.285198844,0.49380941,0.461723895,0.391054603,0.605983454,0.685763031,0.600574404,0.654273804,0.596213166,0.789740574,0.910388467,0.816913166,,,,,,,,,,,,,
Turks and Caicos Islands,TCA,,,,,,,,,,,,0,0,0,0,0,0,0,0,0,0,0,0,0,0,0,0,0,0,0,
Chad,TCD,0,0,0,0,0,0,0,0,0,0,0,0,0,0,0,0,0,0,0,0,0,0,0,0,0,0,0,0,0,0,
East Asia & Pacific (IDA & IBRD countries),TEA,0.299872487,0.210277076,0.143541893,0.165566894,0.18407193,0.170280115,0.208722416,0.21431581,0.152374269,0.191232868,0.333079435,0.2921975,0.266324874,0.316711565,0.361734576,0.376645712,0.369421209,0.332312396,0.346176377,0.328382075,0.252595383,0.277324668,0.267164357,0.234124026,0.265589972,0.321521931,0.200788752,0.212234622,0.349680253,0.261511144,
Europe & Central Asia (IDA & IBRD countries),TEC,1.91618816,1.580905723,1.131551655,1.308654301,1.11627697,0.961966309,1.12958204,1.029779252,0.448989365,0.405988697,2.058338005,3.772188343,2.658893897,2.45773541,1.707716229,1.447064015,2.356415308,2.006574873,2.547371858,2.449881095,1.772473574,2.380480753,2.333138145,2.152605832,1.604349828,1.417738402,0.916612138,1.333255118,1.950711637,1.43801751,
Togo,TGO,0,0,0,0,0,0,0,0,0,0,0,0,0,0,0,0,0,0,0,0,0,0,0,0,0,0,0,0,0,0,
Thailand,THA,0.183464812,0.135064865,0.092311194,0.107692873,0.126909813,0.128463775,0.171436774,0.250054204,0.231712534,0.293646546,0.553365202,0.518324726,0.44419824,0.526218167,0.600786904,0.634675639,0.628277684,0.608306131,0.760134942,0.781023418,0.636731813,0.773697365,0.858707432,0.760591721,0.918943615,1.05899808,0.652089267,0.643670144,1.011185868,0.720049847,
Tajikistan,TJK,0.105140593,0.067960233,0.052286579,0.046228142,0.028607312,0.042136843,0.076833601,0.072494799,0.016328963,0.017532575,0.132807695,0.258040392,0.111076442,0.095587978,0.067135236,0.050251349,0.050940223,0.034607167,0.042382387,0.046853298,0.03706086,0.039744125,0.021418548,0.006339864,0.003600008,0.003682932,0.002026651,0.00112182,0.001746979,0.016692962,
Turkmenistan,TKM,58.62063712,46.608259,21.57385307,28.72613353,16.32585908,15.2849624,21.86376519,10.50934689,3.116350624,4.381574386,40.77892484,68.56374964,44.01771045,39.59355481,30.0879314,28.39691178,42.72514347,40.90746418,41.13008251,18.31382832,15.44583617,25.57212691,23.38556371,20.14232862,14.12404336,12.28298503,7.265482621,9.91671045,14.45437687,,
Latin America & the Caribbean (IDA & IBRD countries),TLA,0.096723547,0.076559307,0.070518512,0.074058795,0.058052315,0.057636177,0.068837527,0.072222559,0.064059763,0.08564535,0.121397299,0.132450638,0.149142098,0.156501022,0.157332575,0.174694155,0.20151572,0.1871714,0.186359217,0.217311728,0.147015295,0.200631152,0.233108476,0.239673206,0.173761131,0.11426207,0.071285037,0.088684213,0.149795321,0.118754986,
Timor-Leste,TLS,,,,,,,,,,,0,0,0,0,,,,,,,,,,,,57.31974316,28.93612693,30.93457991,57.83408092,28.96907026,
Middle East & North Africa (IDA & IBRD countries),TMN,0.234774715,0.433861334,0.35096206,0.421720626,0.338497172,0.39537017,0.488048423,0.6220269,0.517021827,0.493431469,0.94953954,1.141907502,1.039767523,1.009965161,0.997584142,1.395321992,1.680628541,1.644423406,1.667218638,1.695381087,1.283561049,1.868970861,1.883236819,2.089135685,2.022719683,1.381597292,0.793075008,0.986192852,1.314579411,0.648160892,
Tonga,TON,0,0,0,0,0,0,0,0,0,0,0,0,0,0,0,0,0,0,0,0,0,0,0,0,0,0,0,0,0,0,
South Asia (IDA & IBRD),TSA,0.042237054,0.043443909,0.036693095,0.037986726,0.039323609,0.049003669,0.078251045,0.076032861,0.077626412,0.109043669,0.178149359,0.177217194,0.212672985,0.206797663,0.201446768,0.26552038,0.31459068,0.187583529,0.172683876,0.239771495,0.182549882,0.308720791,0.288520519,0.206513673,0.205994967,0.170771442,0.089378899,0.094172458,0.125531196,0.090336856,
Sub-Saharan Africa (IDA & IBRD countries),TSS,0.006986799,0.014815715,0.011863384,0.017462133,0.016395876,0.016248059,0.020434565,0.02133017,0.014807209,0.029211371,0.094750127,0.153066281,0.128903509,0.151095686,0.1563954,0.1708791,0.249492871,0.287043675,0.330112384,0.276813617,0.32077111,0.657249818,0.657810527,0.54147305,0.565528037,0.362226403,0.204025884,0.299391623,0.534191204,0.400812758,
Trinidad and Tobago,TTO,1.317723254,1.232859172,1.016698761,1.50856688,1.388992645,1.372970865,1.712511305,2.021408249,1.610647018,2.130408851,3.190353669,3.239367674,3.595687156,4.122175625,4.209253689,4.781581407,6.12623422,5.821437296,5.204767991,8.351014014,6.440711739,8.335720297,9.409322845,9.328488689,6.639937804,4.325844704,2.626863117,3.712429998,6.203126226,4.593986666,
Tunisia,TUN,0.033953741,0.021558156,0.024093957,0.030309191,0.020703383,0.019781058,0.060454933,0.133073233,0.112630835,0.095486749,0.196891064,0.268218626,0.197368418,0.184134086,0.194324142,0.309550137,0.357456664,0.313206378,0.412081964,0.437096325,0.436939098,0.658205656,0.693332549,0.671462862,0.564311054,0.323211859,0.181012742,0.197720808,0.264982945,0.188745154,
Turkey,TUR,0.003097234,0.002483589,0.00160695,0.001606319,0.001837885,0.001305987,0.001738752,0.002109232,0.001293006,0.001388273,0.004939554,0.007697078,0.005972358,0.007371835,0.006156196,0.00669024,0.011765114,0.010297033,0.015899884,0.01093545,0.007120474,0.011252383,0.009379181,0.007016859,0.004577917,0.002802379,0.001598428,0.002428796,0.004164396,0.003285943,
Tuvalu,TUV,0,0,0,0,0,0,0,0,0,0,0,0,0,0,0,0,0,0,0,0,0,0,0,0,0,0,0,0,0,0,
Tanzania,TZA,0,0,0,0,0,0,0,0,0,0,0,0,0,0,0.025618174,0.0966517,0.163570566,0.168878512,0.172363333,0.181795619,0.240013919,0.25693314,0.265211282,0.238945537,0.1860801,0.130617666,0.090849717,0.12999978,0.280596056,0.207094139,
Uganda,UGA,0,0,0,0,0,0,0,0,0,0,0,0,0,0,0,0,0,0,0,0,0,0,0,0,0,0,0,0,0,0,
Ukraine,UKR,0.701251493,0.588815038,0.370393814,0.431815612,0.428762962,0.467525826,0.645437639,0.566398093,0.276581254,0.284557634,1.542699512,2.413415251,1.718104384,1.642186141,1.084007909,0.851653064,1.312371272,1.074168439,1.326858295,1.794756649,1.155504855,1.504421796,1.47116151,1.439335726,1.371205876,1.311104887,0.735451849,0.874244662,1.03746757,0.883934399,
Upper middle income,UMC,0.698078372,0.513372697,0.382114309,0.407988822,0.302737138,0.274168665,0.312925001,0.285726595,0.144447581,0.149931317,0.505298681,0.830562009,0.67661976,0.69613879,0.565712126,0.52687206,0.783849314,0.698926825,0.871193856,0.730402851,0.523480552,0.690178848,0.672760488,0.613012843,0.46935621,0.403578915,0.25539117,0.336158717,0.509696996,0.378986425,
Uruguay,URY,0,0,0,0,0,0,0,0,0,0,0,0,0,0,0,0,0,0,0,0,0,0,0,0,0,0,0,0,0,0,
United States,USA,0.191098388,0.16150022,0.230352212,0.311076963,0.242090668,0.149130774,0.288966993,0.252835995,0.171438046,0.223354867,0.470129632,0.464046739,0.235015946,0.396338413,0.554159928,0.585310761,0.417864887,0.351223295,0.539184672,0.05505604,0,0,0,0,0.00714315,0,0,0,0.029447535,0.023152557,
Uzbekistan,UZB,7.14453157,5.240941103,4.251366214,4.975647209,4.419435937,4.368110817,5.276389014,5.136811379,2.308133181,1.585649975,10.71285805,22.41346126,18.67312556,19.62692054,14.82104162,12.97365961,21.00504808,18.19665338,21.89820229,16.09834598,9.162853977,11.35799502,10.75103882,10.80705995,6.911995138,4.258181737,2.575628263,5.484266367,9.981347901,6.902915484,
St. Vincent and the Grenadines,VCT,0,0,0,0,0,0,0,0,0,0,0,0,0,0,0,0,0,0,0,0,0,0,0,0,0,0,0,0,0,0,
"Venezuela, RB",VEN,0.613198012,0.537506312,0.410775566,0.505867203,0.468579425,0.39090201,0.553656268,0.511201992,0.422956449,0.394867282,0.497710993,0.519200854,0.637120747,0.619542789,0.548439194,0.53262017,0.60273179,0.5402839,0.410320501,0.400348406,0.274309992,0.523584924,0.526421121,0.541292276,0.317443684,,,,,,
British Virgin Islands,VGB,,,,,,,,,,,,,,,,,,,,,,,,,,,,,,,
Virgin Islands (U.S.),VIR,,,,,,,,,,,,,0,0,0,0,0,0,0,0,0,0,0,0,0,0,0,0,,,
Vietnam,VNM,0.013755818,0.011512585,0.023642254,0.025238493,0.024782917,0.012553808,0.025917952,0.04288797,0.046301099,0.081786739,0.165846466,0.181204106,0.185437407,0.208813647,0.396584211,0.528503806,0.563322849,0.524730337,0.542582083,0.545804247,0.504130959,0.512400306,0.514375378,0.451261426,0.506678167,0.603622804,0.360763726,0.347607103,0.58098479,0.411570917,
Vanuatu,VUT,0,0,0,0,0,0,0,0,0,0,0,0,0,0,0,0,0,0,0,0,0,0,0,0,0,0,0,0,0,0,
World,WLD,0.188086392,0.145792432,0.140361789,0.18276756,0.143598388,0.107626786,0.171871244,0.16886704,0.10978672,0.131140267,0.321571286,0.400944955,0.26702113,0.326039785,0.361256416,0.388408213,0.410263304,0.371153741,0.496433567,0.323706733,0.246753227,0.353753415,0.369151269,0.352810926,0.293886585,0.238719856,0.145093531,0.185956873,0.288973759,0.221775612,
Samoa,WSM,0,0,0,0,0,0,0,0,0,0,0,0,0,0,0,0,0,0,0,0,0,0,0,0,0,0,0,0,0,0,
Kosovo,XKX,,,,,,,,,,,0,0,0,0,0,0,0,0,0,0,0,0,0,0,0,0,0,0,0,0,
"Yemen, Rep.",YEM,0.079715568,0.088475627,0.067593184,0.103460848,0.102076988,0.115824964,0.110901198,0.10889697,0.090625173,0.066271304,0.098078735,0.113854765,0.069104132,0.05214811,0.039457613,0.038663599,0.031343742,0.019705532,0.008232209,0.201361969,1.090075032,2.530520347,2.061030644,2.538613818,2.06230386,0.380216777,0.049976386,0.078385723,0.123894628,0.096370077,
South Africa,ZAF,0.005970701,0.010859249,0.007914682,0.011583866,0.010445101,0.009665751,0.011347593,0.010123811,0.006338556,0.01361385,0.02919796,0.054641415,0.055042339,0.024682504,0.032182686,0.03725527,0.042757927,0.041784128,0.047858688,0.033810439,0.04084275,0.058728893,0.05442063,0.058418698,0.051246424,0.036867557,0.019269552,0.019028206,0.031558591,0.015830792,
Zambia,ZMB,0,0,0,0,0,0,0,0,0,0,0,0,0,0,0,0,0,0,0,0,0,0,0,0,0,0,0,0,0,0,
Zimbabwe,ZWE,0,0,0,0,0,0,0,0,0,0,0,0,0,0,0,0,0,0,0,0,0,0,0,0,0,0,0,0,0,0,
